facility_id,medicine_id,date,quantity_on_hand
FAC-001,MED-001,2026-01-01,3321
FAC-001,MED-002,2026-01-01,3738
FAC-001,MED-003,2026-01-01,820
FAC-001,MED-004,2026-01-01,2646
FAC-001,MED-005,2026-01-01,1347
FAC-001,MED-006,2026-01-01,1081
FAC-001,MED-007,2026-01-01,1024
FAC-001,MED-008,2026-01-01,1797
FAC-002,MED-001,2026-01-01,167
FAC-002,MED-002,2026-01-01,270
FAC-002,MED-003,2026-01-01,52
FAC-002,MED-004,2026-01-01,169
FAC-002,MED-005,2026-01-01,143
FAC-002,MED-006,2026-01-01,70
FAC-002,MED-007,2026-01-01,123
FAC-002,MED-008,2026-01-01,226
FAC-003,MED-001,2026-01-01,62
FAC-003,MED-002,2026-01-01,120
FAC-003,MED-003,2026-01-01,38
FAC-003,MED-004,2026-01-01,91
FAC-003,MED-005,2026-01-01,57
FAC-003,MED-006,2026-01-01,41
FAC-003,MED-007,2026-01-01,36
FAC-003,MED-008,2026-01-01,95
FAC-004,MED-001,2026-01-01,310
FAC-004,MED-002,2026-01-01,396
FAC-004,MED-003,2026-01-01,81
FAC-004,MED-004,2026-01-01,157
FAC-004,MED-005,2026-01-01,126
FAC-004,MED-006,2026-01-01,61
FAC-004,MED-007,2026-01-01,204
FAC-004,MED-008,2026-01-01,268
FAC-005,MED-001,2026-01-01,1687
FAC-005,MED-002,2026-01-01,1646
FAC-005,MED-003,2026-01-01,407
FAC-005,MED-004,2026-01-01,1387
FAC-005,MED-005,2026-01-01,1110
FAC-005,MED-006,2026-01-01,690
FAC-005,MED-007,2026-01-01,1411
FAC-005,MED-008,2026-01-01,1715
FAC-006,MED-001,2026-01-01,1483
FAC-006,MED-002,2026-01-01,3188
FAC-006,MED-003,2026-01-01,638
FAC-006,MED-004,2026-01-01,1917
FAC-006,MED-005,2026-01-01,1307
FAC-006,MED-006,2026-01-01,724
FAC-006,MED-007,2026-01-01,1323
FAC-006,MED-008,2026-01-01,1900
FAC-007,MED-001,2026-01-01,147
FAC-007,MED-002,2026-01-01,200
FAC-007,MED-003,2026-01-01,36
FAC-007,MED-004,2026-01-01,197
FAC-007,MED-005,2026-01-01,91
FAC-007,MED-006,2026-01-01,75
FAC-007,MED-007,2026-01-01,164
FAC-007,MED-008,2026-01-01,163
FAC-008,MED-001,2026-01-01,97
FAC-008,MED-002,2026-01-01,145
FAC-008,MED-003,2026-01-01,39
FAC-008,MED-004,2026-01-01,58
FAC-008,MED-005,2026-01-01,40
FAC-008,MED-006,2026-01-01,38
FAC-008,MED-007,2026-01-01,77
FAC-008,MED-008,2026-01-01,113
FAC-009,MED-001,2026-01-01,188
FAC-009,MED-002,2026-01-01,276
FAC-009,MED-003,2026-01-01,62
FAC-009,MED-004,2026-01-01,113
FAC-009,MED-005,2026-01-01,113
FAC-009,MED-006,2026-01-01,58
FAC-009,MED-007,2026-01-01,122
FAC-009,MED-008,2026-01-01,210
FAC-010,MED-001,2026-01-01,119
FAC-010,MED-002,2026-01-01,131
FAC-010,MED-003,2026-01-01,43
FAC-010,MED-004,2026-01-01,109
FAC-010,MED-005,2026-01-01,83
FAC-010,MED-006,2026-01-01,63
FAC-010,MED-007,2026-01-01,51
FAC-010,MED-008,2026-01-01,124
FAC-011,MED-001,2026-01-01,1945
FAC-011,MED-002,2026-01-01,2047
FAC-011,MED-003,2026-01-01,370
FAC-011,MED-004,2026-01-01,1515
FAC-011,MED-005,2026-01-01,1349
FAC-011,MED-006,2026-01-01,601
FAC-011,MED-007,2026-01-01,1211
FAC-011,MED-008,2026-01-01,2167
FAC-012,MED-001,2026-01-01,233
FAC-012,MED-002,2026-01-01,416
FAC-012,MED-003,2026-01-01,83
FAC-012,MED-004,2026-01-01,176
FAC-012,MED-005,2026-01-01,124
FAC-012,MED-006,2026-01-01,71
FAC-012,MED-007,2026-01-01,126
FAC-012,MED-008,2026-01-01,155
FAC-013,MED-001,2026-01-01,78
FAC-013,MED-002,2026-01-01,93
FAC-013,MED-003,2026-01-01,32
FAC-013,MED-004,2026-01-01,53
FAC-013,MED-005,2026-01-01,65
FAC-013,MED-006,2026-01-01,40
FAC-013,MED-007,2026-01-01,38
FAC-013,MED-008,2026-01-01,68
FAC-014,MED-001,2026-01-01,264
FAC-014,MED-002,2026-01-01,194
FAC-014,MED-003,2026-01-01,58
FAC-014,MED-004,2026-01-01,190
FAC-014,MED-005,2026-01-01,80
FAC-014,MED-006,2026-01-01,74
FAC-014,MED-007,2026-01-01,99
FAC-014,MED-008,2026-01-01,201
FAC-015,MED-001,2026-01-01,173
FAC-015,MED-002,2026-01-01,200
FAC-015,MED-003,2026-01-01,38
FAC-015,MED-004,2026-01-01,162
FAC-015,MED-005,2026-01-01,69
FAC-015,MED-006,2026-01-01,40
FAC-015,MED-007,2026-01-01,62
FAC-015,MED-008,2026-01-01,152
FAC-016,MED-001,2026-01-01,2647
FAC-016,MED-002,2026-01-01,1938
FAC-016,MED-003,2026-01-01,588
FAC-016,MED-004,2026-01-01,1589
FAC-016,MED-005,2026-01-01,1286
FAC-016,MED-006,2026-01-01,608
FAC-016,MED-007,2026-01-01,1548
FAC-016,MED-008,2026-01-01,1984
FAC-017,MED-001,2026-01-01,309
FAC-017,MED-002,2026-01-01,217
FAC-017,MED-003,2026-01-01,51
FAC-017,MED-004,2026-01-01,144
FAC-017,MED-005,2026-01-01,147
FAC-017,MED-006,2026-01-01,99
FAC-017,MED-007,2026-01-01,114
FAC-017,MED-008,2026-01-01,242
FAC-018,MED-001,2026-01-01,110
FAC-018,MED-002,2026-01-01,111
FAC-018,MED-003,2026-01-01,53
FAC-018,MED-004,2026-01-01,60
FAC-018,MED-005,2026-01-01,35
FAC-018,MED-006,2026-01-01,66
FAC-018,MED-007,2026-01-01,65
FAC-018,MED-008,2026-01-01,85
FAC-019,MED-001,2026-01-01,183
FAC-019,MED-002,2026-01-01,230
FAC-019,MED-003,2026-01-01,55
FAC-019,MED-004,2026-01-01,211
FAC-019,MED-005,2026-01-01,127
FAC-019,MED-006,2026-01-01,83
FAC-019,MED-007,2026-01-01,133
FAC-019,MED-008,2026-01-01,139
FAC-020,MED-001,2026-01-01,138
FAC-020,MED-002,2026-01-01,292
FAC-020,MED-003,2026-01-01,57
FAC-020,MED-004,2026-01-01,96
FAC-020,MED-005,2026-01-01,67
FAC-020,MED-006,2026-01-01,70
FAC-020,MED-007,2026-01-01,69
FAC-020,MED-008,2026-01-01,129
FAC-001,MED-001,2026-01-02,3149
FAC-001,MED-002,2026-01-02,3554
FAC-001,MED-003,2026-01-02,789
FAC-001,MED-004,2026-01-02,2529
FAC-001,MED-005,2026-01-02,1276
FAC-001,MED-006,2026-01-02,1040
FAC-001,MED-007,2026-01-02,946
FAC-001,MED-008,2026-01-02,1660
FAC-002,MED-001,2026-01-02,155
FAC-002,MED-002,2026-01-02,248
FAC-002,MED-003,2026-01-02,50
FAC-002,MED-004,2026-01-02,155
FAC-002,MED-005,2026-01-02,135
FAC-002,MED-006,2026-01-02,58
FAC-002,MED-007,2026-01-02,116
FAC-002,MED-008,2026-01-02,201
FAC-003,MED-001,2026-01-02,55
FAC-003,MED-002,2026-01-02,112
FAC-003,MED-003,2026-01-02,37
FAC-003,MED-004,2026-01-02,89
FAC-003,MED-005,2026-01-02,52
FAC-003,MED-006,2026-01-02,37
FAC-003,MED-007,2026-01-02,33
FAC-003,MED-008,2026-01-02,92
FAC-004,MED-001,2026-01-02,299
FAC-004,MED-002,2026-01-02,377
FAC-004,MED-003,2026-01-02,76
FAC-004,MED-004,2026-01-02,142
FAC-004,MED-005,2026-01-02,116
FAC-004,MED-006,2026-01-02,57
FAC-004,MED-007,2026-01-02,193
FAC-004,MED-008,2026-01-02,255
FAC-005,MED-001,2026-01-02,1581
FAC-005,MED-002,2026-01-02,1495
FAC-005,MED-003,2026-01-02,387
FAC-005,MED-004,2026-01-02,1305
FAC-005,MED-005,2026-01-02,1017
FAC-005,MED-006,2026-01-02,652
FAC-005,MED-007,2026-01-02,1369
FAC-005,MED-008,2026-01-02,1625
FAC-006,MED-001,2026-01-02,1342
FAC-006,MED-002,2026-01-02,3045
FAC-006,MED-003,2026-01-02,618
FAC-006,MED-004,2026-01-02,1795
FAC-006,MED-005,2026-01-02,1246
FAC-006,MED-006,2026-01-02,671
FAC-006,MED-007,2026-01-02,1249
FAC-006,MED-008,2026-01-02,1774
FAC-007,MED-001,2026-01-02,137
FAC-007,MED-002,2026-01-02,186
FAC-007,MED-003,2026-01-02,32
FAC-007,MED-004,2026-01-02,190
FAC-007,MED-005,2026-01-02,86
FAC-007,MED-006,2026-01-02,72
FAC-007,MED-007,2026-01-02,153
FAC-007,MED-008,2026-01-02,149
FAC-008,MED-001,2026-01-02,90
FAC-008,MED-002,2026-01-02,137
FAC-008,MED-003,2026-01-02,36
FAC-008,MED-004,2026-01-02,55
FAC-008,MED-005,2026-01-02,37
FAC-008,MED-006,2026-01-02,37
FAC-008,MED-007,2026-01-02,71
FAC-008,MED-008,2026-01-02,109
FAC-009,MED-001,2026-01-02,180
FAC-009,MED-002,2026-01-02,253
FAC-009,MED-003,2026-01-02,57
FAC-009,MED-004,2026-01-02,107
FAC-009,MED-005,2026-01-02,103
FAC-009,MED-006,2026-01-02,53
FAC-009,MED-007,2026-01-02,117
FAC-009,MED-008,2026-01-02,196
FAC-010,MED-001,2026-01-02,111
FAC-010,MED-002,2026-01-02,119
FAC-010,MED-003,2026-01-02,39
FAC-010,MED-004,2026-01-02,100
FAC-010,MED-005,2026-01-02,83
FAC-010,MED-006,2026-01-02,60
FAC-010,MED-007,2026-01-02,48
FAC-010,MED-008,2026-01-02,116
FAC-011,MED-001,2026-01-02,1818
FAC-011,MED-002,2026-01-02,1888
FAC-011,MED-003,2026-01-02,340
FAC-011,MED-004,2026-01-02,1391
FAC-011,MED-005,2026-01-02,1278
FAC-011,MED-006,2026-01-02,559
FAC-011,MED-007,2026-01-02,1128
FAC-011,MED-008,2026-01-02,2047
FAC-012,MED-001,2026-01-02,219
FAC-012,MED-002,2026-01-02,396
FAC-012,MED-003,2026-01-02,80
FAC-012,MED-004,2026-01-02,162
FAC-012,MED-005,2026-01-02,113
FAC-012,MED-006,2026-01-02,67
FAC-012,MED-007,2026-01-02,120
FAC-012,MED-008,2026-01-02,145
FAC-013,MED-001,2026-01-02,71
FAC-013,MED-002,2026-01-02,89
FAC-013,MED-003,2026-01-02,30
FAC-013,MED-004,2026-01-02,47
FAC-013,MED-005,2026-01-02,59
FAC-013,MED-006,2026-01-02,36
FAC-013,MED-007,2026-01-02,36
FAC-013,MED-008,2026-01-02,63
FAC-014,MED-001,2026-01-02,248
FAC-014,MED-002,2026-01-02,181
FAC-014,MED-003,2026-01-02,55
FAC-014,MED-004,2026-01-02,177
FAC-014,MED-005,2026-01-02,77
FAC-014,MED-006,2026-01-02,68
FAC-014,MED-007,2026-01-02,94
FAC-014,MED-008,2026-01-02,191
FAC-015,MED-001,2026-01-02,167
FAC-015,MED-002,2026-01-02,186
FAC-015,MED-003,2026-01-02,32
FAC-015,MED-004,2026-01-02,154
FAC-015,MED-005,2026-01-02,68
FAC-015,MED-006,2026-01-02,36
FAC-015,MED-007,2026-01-02,54
FAC-015,MED-008,2026-01-02,141
FAC-016,MED-001,2026-01-02,2511
FAC-016,MED-002,2026-01-02,1767
FAC-016,MED-003,2026-01-02,545
FAC-016,MED-004,2026-01-02,1494
FAC-016,MED-005,2026-01-02,1211
FAC-016,MED-006,2026-01-02,579
FAC-016,MED-007,2026-01-02,1434
FAC-016,MED-008,2026-01-02,1849
FAC-017,MED-001,2026-01-02,297
FAC-017,MED-002,2026-01-02,204
FAC-017,MED-003,2026-01-02,48
FAC-017,MED-004,2026-01-02,123
FAC-017,MED-005,2026-01-02,140
FAC-017,MED-006,2026-01-02,90
FAC-017,MED-007,2026-01-02,106
FAC-017,MED-008,2026-01-02,224
FAC-018,MED-001,2026-01-02,99
FAC-018,MED-002,2026-01-02,107
FAC-018,MED-003,2026-01-02,48
FAC-018,MED-004,2026-01-02,53
FAC-018,MED-005,2026-01-02,35
FAC-018,MED-006,2026-01-02,63
FAC-018,MED-007,2026-01-02,61
FAC-018,MED-008,2026-01-02,83
FAC-019,MED-001,2026-01-02,172
FAC-019,MED-002,2026-01-02,217
FAC-019,MED-003,2026-01-02,50
FAC-019,MED-004,2026-01-02,199
FAC-019,MED-005,2026-01-02,121
FAC-019,MED-006,2026-01-02,76
FAC-019,MED-007,2026-01-02,126
FAC-019,MED-008,2026-01-02,129
FAC-020,MED-001,2026-01-02,126
FAC-020,MED-002,2026-01-02,271
FAC-020,MED-003,2026-01-02,54
FAC-020,MED-004,2026-01-02,90
FAC-020,MED-005,2026-01-02,61
FAC-020,MED-006,2026-01-02,65
FAC-020,MED-007,2026-01-02,62
FAC-020,MED-008,2026-01-02,125
FAC-001,MED-001,2026-01-03,3018
FAC-001,MED-002,2026-01-03,3390
FAC-001,MED-003,2026-01-03,755
FAC-001,MED-004,2026-01-03,2413
FAC-001,MED-005,2026-01-03,1193
FAC-001,MED-006,2026-01-03,995
FAC-001,MED-007,2026-01-03,847
FAC-001,MED-008,2026-01-03,1540
FAC-002,MED-001,2026-01-03,146
FAC-002,MED-002,2026-01-03,239
FAC-002,MED-003,2026-01-03,49
FAC-002,MED-004,2026-01-03,149
FAC-002,MED-005,2026-01-03,128
FAC-002,MED-006,2026-01-03,56
FAC-002,MED-007,2026-01-03,113
FAC-002,MED-008,2026-01-03,192
FAC-003,MED-001,2026-01-03,51
FAC-003,MED-002,2026-01-03,105
FAC-003,MED-003,2026-01-03,32
FAC-003,MED-004,2026-01-03,83
FAC-003,MED-005,2026-01-03,49
FAC-003,MED-006,2026-01-03,36
FAC-003,MED-007,2026-01-03,27
FAC-003,MED-008,2026-01-03,89
FAC-004,MED-001,2026-01-03,288
FAC-004,MED-002,2026-01-03,370
FAC-004,MED-003,2026-01-03,71
FAC-004,MED-004,2026-01-03,133
FAC-004,MED-005,2026-01-03,107
FAC-004,MED-006,2026-01-03,54
FAC-004,MED-007,2026-01-03,185
FAC-004,MED-008,2026-01-03,240
FAC-005,MED-001,2026-01-03,1477
FAC-005,MED-002,2026-01-03,1342
FAC-005,MED-003,2026-01-03,357
FAC-005,MED-004,2026-01-03,1222
FAC-005,MED-005,2026-01-03,959
FAC-005,MED-006,2026-01-03,621
FAC-005,MED-007,2026-01-03,1312
FAC-005,MED-008,2026-01-03,1533
FAC-006,MED-001,2026-01-03,1202
FAC-006,MED-002,2026-01-03,2888
FAC-006,MED-003,2026-01-03,597
FAC-006,MED-004,2026-01-03,1692
FAC-006,MED-005,2026-01-03,1182
FAC-006,MED-006,2026-01-03,620
FAC-006,MED-007,2026-01-03,1166
FAC-006,MED-008,2026-01-03,1663
FAC-007,MED-001,2026-01-03,126
FAC-007,MED-002,2026-01-03,175
FAC-007,MED-003,2026-01-03,31
FAC-007,MED-004,2026-01-03,186
FAC-007,MED-005,2026-01-03,82
FAC-007,MED-006,2026-01-03,71
FAC-007,MED-007,2026-01-03,152
FAC-007,MED-008,2026-01-03,141
FAC-008,MED-001,2026-01-03,84
FAC-008,MED-002,2026-01-03,128
FAC-008,MED-003,2026-01-03,36
FAC-008,MED-004,2026-01-03,52
FAC-008,MED-005,2026-01-03,35
FAC-008,MED-006,2026-01-03,36
FAC-008,MED-007,2026-01-03,63
FAC-008,MED-008,2026-01-03,103
FAC-009,MED-001,2026-01-03,178
FAC-009,MED-002,2026-01-03,247
FAC-009,MED-003,2026-01-03,53
FAC-009,MED-004,2026-01-03,97
FAC-009,MED-005,2026-01-03,100
FAC-009,MED-006,2026-01-03,51
FAC-009,MED-007,2026-01-03,114
FAC-009,MED-008,2026-01-03,188
FAC-010,MED-001,2026-01-03,108
FAC-010,MED-002,2026-01-03,116
FAC-010,MED-003,2026-01-03,38
FAC-010,MED-004,2026-01-03,93
FAC-010,MED-005,2026-01-03,81
FAC-010,MED-006,2026-01-03,59
FAC-010,MED-007,2026-01-03,44
FAC-010,MED-008,2026-01-03,114
FAC-011,MED-001,2026-01-03,1701
FAC-011,MED-002,2026-01-03,1759
FAC-011,MED-003,2026-01-03,312
FAC-011,MED-004,2026-01-03,1282
FAC-011,MED-005,2026-01-03,1218
FAC-011,MED-006,2026-01-03,520
FAC-011,MED-007,2026-01-03,1048
FAC-011,MED-008,2026-01-03,1928
FAC-012,MED-001,2026-01-03,207
FAC-012,MED-002,2026-01-03,381
FAC-012,MED-003,2026-01-03,75
FAC-012,MED-004,2026-01-03,154
FAC-012,MED-005,2026-01-03,109
FAC-012,MED-006,2026-01-03,63
FAC-012,MED-007,2026-01-03,116
FAC-012,MED-008,2026-01-03,137
FAC-013,MED-001,2026-01-03,66
FAC-013,MED-002,2026-01-03,86
FAC-013,MED-003,2026-01-03,28
FAC-013,MED-004,2026-01-03,45
FAC-013,MED-005,2026-01-03,57
FAC-013,MED-006,2026-01-03,34
FAC-013,MED-007,2026-01-03,31
FAC-013,MED-008,2026-01-03,58
FAC-014,MED-001,2026-01-03,239
FAC-014,MED-002,2026-01-03,173
FAC-014,MED-003,2026-01-03,54
FAC-014,MED-004,2026-01-03,174
FAC-014,MED-005,2026-01-03,77
FAC-014,MED-006,2026-01-03,66
FAC-014,MED-007,2026-01-03,87
FAC-014,MED-008,2026-01-03,185
FAC-015,MED-001,2026-01-03,157
FAC-015,MED-002,2026-01-03,179
FAC-015,MED-003,2026-01-03,29
FAC-015,MED-004,2026-01-03,148
FAC-015,MED-005,2026-01-03,64
FAC-015,MED-006,2026-01-03,34
FAC-015,MED-007,2026-01-03,52
FAC-015,MED-008,2026-01-03,139
FAC-016,MED-001,2026-01-03,2395
FAC-016,MED-002,2026-01-03,1606
FAC-016,MED-003,2026-01-03,497
FAC-016,MED-004,2026-01-03,1391
FAC-016,MED-005,2026-01-03,1156
FAC-016,MED-006,2026-01-03,529
FAC-016,MED-007,2026-01-03,1350
FAC-016,MED-008,2026-01-03,1733
FAC-017,MED-001,2026-01-03,287
FAC-017,MED-002,2026-01-03,196
FAC-017,MED-003,2026-01-03,47
FAC-017,MED-004,2026-01-03,115
FAC-017,MED-005,2026-01-03,134
FAC-017,MED-006,2026-01-03,87
FAC-017,MED-007,2026-01-03,102
FAC-017,MED-008,2026-01-03,217
FAC-018,MED-001,2026-01-03,95
FAC-018,MED-002,2026-01-03,102
FAC-018,MED-003,2026-01-03,46
FAC-018,MED-004,2026-01-03,46
FAC-018,MED-005,2026-01-03,29
FAC-018,MED-006,2026-01-03,61
FAC-018,MED-007,2026-01-03,58
FAC-018,MED-008,2026-01-03,80
FAC-019,MED-001,2026-01-03,164
FAC-019,MED-002,2026-01-03,208
FAC-019,MED-003,2026-01-03,46
FAC-019,MED-004,2026-01-03,193
FAC-019,MED-005,2026-01-03,119
FAC-019,MED-006,2026-01-03,74
FAC-019,MED-007,2026-01-03,120
FAC-019,MED-008,2026-01-03,120
FAC-020,MED-001,2026-01-03,122
FAC-020,MED-002,2026-01-03,260
FAC-020,MED-003,2026-01-03,53
FAC-020,MED-004,2026-01-03,86
FAC-020,MED-005,2026-01-03,60
FAC-020,MED-006,2026-01-03,61
FAC-020,MED-007,2026-01-03,58
FAC-020,MED-008,2026-01-03,115
FAC-001,MED-001,2026-01-04,2876
FAC-001,MED-002,2026-01-04,3225
FAC-001,MED-003,2026-01-04,716
FAC-001,MED-004,2026-01-04,2296
FAC-001,MED-005,2026-01-04,1118
FAC-001,MED-006,2026-01-04,937
FAC-001,MED-007,2026-01-04,754
FAC-001,MED-008,2026-01-04,1423
FAC-002,MED-001,2026-01-04,134
FAC-002,MED-002,2026-01-04,230
FAC-002,MED-003,2026-01-04,47
FAC-002,MED-004,2026-01-04,141
FAC-002,MED-005,2026-01-04,115
FAC-002,MED-006,2026-01-04,55
FAC-002,MED-007,2026-01-04,107
FAC-002,MED-008,2026-01-04,183
FAC-003,MED-001,2026-01-04,48
FAC-003,MED-002,2026-01-04,101
FAC-003,MED-003,2026-01-04,31
FAC-003,MED-004,2026-01-04,79
FAC-003,MED-005,2026-01-04,47
FAC-003,MED-006,2026-01-04,34
FAC-003,MED-007,2026-01-04,25
FAC-003,MED-008,2026-01-04,83
FAC-004,MED-001,2026-01-04,280
FAC-004,MED-002,2026-01-04,362
FAC-004,MED-003,2026-01-04,69
FAC-004,MED-004,2026-01-04,123
FAC-004,MED-005,2026-01-04,101
FAC-004,MED-006,2026-01-04,48
FAC-004,MED-007,2026-01-04,179
FAC-004,MED-008,2026-01-04,235
FAC-005,MED-001,2026-01-04,1368
FAC-005,MED-002,2026-01-04,1192
FAC-005,MED-003,2026-01-04,332
FAC-005,MED-004,2026-01-04,1125
FAC-005,MED-005,2026-01-04,899
FAC-005,MED-006,2026-01-04,576
FAC-005,MED-007,2026-01-04,1243
FAC-005,MED-008,2026-01-04,1431
FAC-006,MED-001,2026-01-04,1078
FAC-006,MED-002,2026-01-04,2723
FAC-006,MED-003,2026-01-04,565
FAC-006,MED-004,2026-01-04,1542
FAC-006,MED-005,2026-01-04,1107
FAC-006,MED-006,2026-01-04,574
FAC-006,MED-007,2026-01-04,1043
FAC-006,MED-008,2026-01-04,1552
FAC-007,MED-001,2026-01-04,116
FAC-007,MED-002,2026-01-04,160
FAC-007,MED-003,2026-01-04,27
FAC-007,MED-004,2026-01-04,176
FAC-007,MED-005,2026-01-04,77
FAC-007,MED-006,2026-01-04,69
FAC-007,MED-007,2026-01-04,149
FAC-007,MED-008,2026-01-04,129
FAC-008,MED-001,2026-01-04,76
FAC-008,MED-002,2026-01-04,113
FAC-008,MED-003,2026-01-04,34
FAC-008,MED-004,2026-01-04,50
FAC-008,MED-005,2026-01-04,34
FAC-008,MED-006,2026-01-04,35
FAC-008,MED-007,2026-01-04,58
FAC-008,MED-008,2026-01-04,99
FAC-009,MED-001,2026-01-04,172
FAC-009,MED-002,2026-01-04,240
FAC-009,MED-003,2026-01-04,51
FAC-009,MED-004,2026-01-04,94
FAC-009,MED-005,2026-01-04,96
FAC-009,MED-006,2026-01-04,47
FAC-009,MED-007,2026-01-04,109
FAC-009,MED-008,2026-01-04,178
FAC-010,MED-001,2026-01-04,101
FAC-010,MED-002,2026-01-04,107
FAC-010,MED-003,2026-01-04,37
FAC-010,MED-004,2026-01-04,85
FAC-010,MED-005,2026-01-04,80
FAC-010,MED-006,2026-01-04,51
FAC-010,MED-007,2026-01-04,39
FAC-010,MED-008,2026-01-04,113
FAC-011,MED-001,2026-01-04,1568
FAC-011,MED-002,2026-01-04,1532
FAC-011,MED-003,2026-01-04,285
FAC-011,MED-004,2026-01-04,1205
FAC-011,MED-005,2026-01-04,1157
FAC-011,MED-006,2026-01-04,480
FAC-011,MED-007,2026-01-04,984
FAC-011,MED-008,2026-01-04,1824
FAC-012,MED-001,2026-01-04,193
FAC-012,MED-002,2026-01-04,370
FAC-012,MED-003,2026-01-04,72
FAC-012,MED-004,2026-01-04,146
FAC-012,MED-005,2026-01-04,105
FAC-012,MED-006,2026-01-04,61
FAC-012,MED-007,2026-01-04,106
FAC-012,MED-008,2026-01-04,125
FAC-013,MED-001,2026-01-04,62
FAC-013,MED-002,2026-01-04,82
FAC-013,MED-003,2026-01-04,28
FAC-013,MED-004,2026-01-04,43
FAC-013,MED-005,2026-01-04,54
FAC-013,MED-006,2026-01-04,31
FAC-013,MED-007,2026-01-04,30
FAC-013,MED-008,2026-01-04,54
FAC-014,MED-001,2026-01-04,237
FAC-014,MED-002,2026-01-04,162
FAC-014,MED-003,2026-01-04,54
FAC-014,MED-004,2026-01-04,169
FAC-014,MED-005,2026-01-04,73
FAC-014,MED-006,2026-01-04,61
FAC-014,MED-007,2026-01-04,80
FAC-014,MED-008,2026-01-04,175
FAC-015,MED-001,2026-01-04,151
FAC-015,MED-002,2026-01-04,171
FAC-015,MED-003,2026-01-04,28
FAC-015,MED-004,2026-01-04,141
FAC-015,MED-005,2026-01-04,58
FAC-015,MED-006,2026-01-04,31
FAC-015,MED-007,2026-01-04,48
FAC-015,MED-008,2026-01-04,130
FAC-016,MED-001,2026-01-04,2275
FAC-016,MED-002,2026-01-04,1438
FAC-016,MED-003,2026-01-04,470
FAC-016,MED-004,2026-01-04,1286
FAC-016,MED-005,2026-01-04,1092
FAC-016,MED-006,2026-01-04,487
FAC-016,MED-007,2026-01-04,1279
FAC-016,MED-008,2026-01-04,1610
FAC-017,MED-001,2026-01-04,275
FAC-017,MED-002,2026-01-04,189
FAC-017,MED-003,2026-01-04,47
FAC-017,MED-004,2026-01-04,107
FAC-017,MED-005,2026-01-04,131
FAC-017,MED-006,2026-01-04,84
FAC-017,MED-007,2026-01-04,95
FAC-017,MED-008,2026-01-04,207
FAC-018,MED-001,2026-01-04,92
FAC-018,MED-002,2026-01-04,98
FAC-018,MED-003,2026-01-04,46
FAC-018,MED-004,2026-01-04,42
FAC-018,MED-005,2026-01-04,28
FAC-018,MED-006,2026-01-04,60
FAC-018,MED-007,2026-01-04,57
FAC-018,MED-008,2026-01-04,74
FAC-019,MED-001,2026-01-04,156
FAC-019,MED-002,2026-01-04,202
FAC-019,MED-003,2026-01-04,44
FAC-019,MED-004,2026-01-04,189
FAC-019,MED-005,2026-01-04,115
FAC-019,MED-006,2026-01-04,71
FAC-019,MED-007,2026-01-04,115
FAC-019,MED-008,2026-01-04,111
FAC-020,MED-001,2026-01-04,116
FAC-020,MED-002,2026-01-04,251
FAC-020,MED-003,2026-01-04,52
FAC-020,MED-004,2026-01-04,81
FAC-020,MED-005,2026-01-04,59
FAC-020,MED-006,2026-01-04,60
FAC-020,MED-007,2026-01-04,57
FAC-020,MED-008,2026-01-04,111
FAC-001,MED-001,2026-01-05,2739
FAC-001,MED-002,2026-01-05,3041
FAC-001,MED-003,2026-01-05,679
FAC-001,MED-004,2026-01-05,2172
FAC-001,MED-005,2026-01-05,1040
FAC-001,MED-006,2026-01-05,881
FAC-001,MED-007,2026-01-05,672
FAC-001,MED-008,2026-01-05,1300
FAC-002,MED-001,2026-01-05,122
FAC-002,MED-002,2026-01-05,212
FAC-002,MED-003,2026-01-05,44
FAC-002,MED-004,2026-01-05,127
FAC-002,MED-005,2026-01-05,112
FAC-002,MED-006,2026-01-05,50
FAC-002,MED-007,2026-01-05,99
FAC-002,MED-008,2026-01-05,168
FAC-003,MED-001,2026-01-05,48
FAC-003,MED-002,2026-01-05,95
FAC-003,MED-003,2026-01-05,30
FAC-003,MED-004,2026-01-05,77
FAC-003,MED-005,2026-01-05,46
FAC-003,MED-006,2026-01-05,30
FAC-003,MED-007,2026-01-05,22
FAC-003,MED-008,2026-01-05,77
FAC-004,MED-001,2026-01-05,259
FAC-004,MED-002,2026-01-05,337
FAC-004,MED-003,2026-01-05,66
FAC-004,MED-004,2026-01-05,106
FAC-004,MED-005,2026-01-05,96
FAC-004,MED-006,2026-01-05,45
FAC-004,MED-007,2026-01-05,169
FAC-004,MED-008,2026-01-05,226
FAC-005,MED-001,2026-01-05,1264
FAC-005,MED-002,2026-01-05,1063
FAC-005,MED-003,2026-01-05,299
FAC-005,MED-004,2026-01-05,1051
FAC-005,MED-005,2026-01-05,823
FAC-005,MED-006,2026-01-05,510
FAC-005,MED-007,2026-01-05,1188
FAC-005,MED-008,2026-01-05,1307
FAC-006,MED-001,2026-01-05,943
FAC-006,MED-002,2026-01-05,2573
FAC-006,MED-003,2026-01-05,539
FAC-006,MED-004,2026-01-05,1448
FAC-006,MED-005,2026-01-05,1043
FAC-006,MED-006,2026-01-05,526
FAC-006,MED-007,2026-01-05,959
FAC-006,MED-008,2026-01-05,1430
FAC-007,MED-001,2026-01-05,105
FAC-007,MED-002,2026-01-05,145
FAC-007,MED-003,2026-01-05,21
FAC-007,MED-004,2026-01-05,168
FAC-007,MED-005,2026-01-05,73
FAC-007,MED-006,2026-01-05,65
FAC-007,MED-007,2026-01-05,141
FAC-007,MED-008,2026-01-05,113
FAC-008,MED-001,2026-01-05,68
FAC-008,MED-002,2026-01-05,110
FAC-008,MED-003,2026-01-05,28
FAC-008,MED-004,2026-01-05,45
FAC-008,MED-005,2026-01-05,27
FAC-008,MED-006,2026-01-05,35
FAC-008,MED-007,2026-01-05,54
FAC-008,MED-008,2026-01-05,95
FAC-009,MED-001,2026-01-05,161
FAC-009,MED-002,2026-01-05,223
FAC-009,MED-003,2026-01-05,48
FAC-009,MED-004,2026-01-05,83
FAC-009,MED-005,2026-01-05,91
FAC-009,MED-006,2026-01-05,43
FAC-009,MED-007,2026-01-05,104
FAC-009,MED-008,2026-01-05,167
FAC-010,MED-001,2026-01-05,92
FAC-010,MED-002,2026-01-05,100
FAC-010,MED-003,2026-01-05,32
FAC-010,MED-004,2026-01-05,79
FAC-010,MED-005,2026-01-05,75
FAC-010,MED-006,2026-01-05,46
FAC-010,MED-007,2026-01-05,36
FAC-010,MED-008,2026-01-05,104
FAC-011,MED-001,2026-01-05,1454
FAC-011,MED-002,2026-01-05,1376
FAC-011,MED-003,2026-01-05,253
FAC-011,MED-004,2026-01-05,1093
FAC-011,MED-005,2026-01-05,1089
FAC-011,MED-006,2026-01-05,437
FAC-011,MED-007,2026-01-05,916
FAC-011,MED-008,2026-01-05,1710
FAC-012,MED-001,2026-01-05,177
FAC-012,MED-002,2026-01-05,350
FAC-012,MED-003,2026-01-05,70
FAC-012,MED-004,2026-01-05,138
FAC-012,MED-005,2026-01-05,98
FAC-012,MED-006,2026-01-05,60
FAC-012,MED-007,2026-01-05,100
FAC-012,MED-008,2026-01-05,111
FAC-013,MED-001,2026-01-05,60
FAC-013,MED-002,2026-01-05,77
FAC-013,MED-003,2026-01-05,26
FAC-013,MED-004,2026-01-05,38
FAC-013,MED-005,2026-01-05,54
FAC-013,MED-006,2026-01-05,28
FAC-013,MED-007,2026-01-05,29
FAC-013,MED-008,2026-01-05,51
FAC-014,MED-001,2026-01-05,224
FAC-014,MED-002,2026-01-05,150
FAC-014,MED-003,2026-01-05,49
FAC-014,MED-004,2026-01-05,158
FAC-014,MED-005,2026-01-05,68
FAC-014,MED-006,2026-01-05,58
FAC-014,MED-007,2026-01-05,72
FAC-014,MED-008,2026-01-05,167
FAC-015,MED-001,2026-01-05,144
FAC-015,MED-002,2026-01-05,164
FAC-015,MED-003,2026-01-05,26
FAC-015,MED-004,2026-01-05,136
FAC-015,MED-005,2026-01-05,57
FAC-015,MED-006,2026-01-05,30
FAC-015,MED-007,2026-01-05,43
FAC-015,MED-008,2026-01-05,123
FAC-016,MED-001,2026-01-05,2134
FAC-016,MED-002,2026-01-05,1279
FAC-016,MED-003,2026-01-05,412
FAC-016,MED-004,2026-01-05,1168
FAC-016,MED-005,2026-01-05,1028
FAC-016,MED-006,2026-01-05,444
FAC-016,MED-007,2026-01-05,1194
FAC-016,MED-008,2026-01-05,1472
FAC-017,MED-001,2026-01-05,265
FAC-017,MED-002,2026-01-05,174
FAC-017,MED-003,2026-01-05,47
FAC-017,MED-004,2026-01-05,96
FAC-017,MED-005,2026-01-05,123
FAC-017,MED-006,2026-01-05,82
FAC-017,MED-007,2026-01-05,83
FAC-017,MED-008,2026-01-05,196
FAC-018,MED-001,2026-01-05,87
FAC-018,MED-002,2026-01-05,89
FAC-018,MED-003,2026-01-05,45
FAC-018,MED-004,2026-01-05,39
FAC-018,MED-005,2026-01-05,28
FAC-018,MED-006,2026-01-05,58
FAC-018,MED-007,2026-01-05,51
FAC-018,MED-008,2026-01-05,68
FAC-019,MED-001,2026-01-05,143
FAC-019,MED-002,2026-01-05,189
FAC-019,MED-003,2026-01-05,37
FAC-019,MED-004,2026-01-05,183
FAC-019,MED-005,2026-01-05,111
FAC-019,MED-006,2026-01-05,64
FAC-019,MED-007,2026-01-05,110
FAC-019,MED-008,2026-01-05,101
FAC-020,MED-001,2026-01-05,105
FAC-020,MED-002,2026-01-05,237
FAC-020,MED-003,2026-01-05,47
FAC-020,MED-004,2026-01-05,75
FAC-020,MED-005,2026-01-05,52
FAC-020,MED-006,2026-01-05,56
FAC-020,MED-007,2026-01-05,50
FAC-020,MED-008,2026-01-05,101
FAC-001,MED-001,2026-01-06,2580
FAC-001,MED-002,2026-01-06,2851
FAC-001,MED-003,2026-01-06,646
FAC-001,MED-004,2026-01-06,2053
FAC-001,MED-005,2026-01-06,966
FAC-001,MED-006,2026-01-06,816
FAC-001,MED-007,2026-01-06,572
FAC-001,MED-008,2026-01-06,1139
FAC-002,MED-001,2026-01-06,115
FAC-002,MED-002,2026-01-06,190
FAC-002,MED-003,2026-01-06,36
FAC-002,MED-004,2026-01-06,117
FAC-002,MED-005,2026-01-06,108
FAC-002,MED-006,2026-01-06,47
FAC-002,MED-007,2026-01-06,87
FAC-002,MED-008,2026-01-06,155
FAC-003,MED-001,2026-01-06,43
FAC-003,MED-002,2026-01-06,87
FAC-003,MED-003,2026-01-06,25
FAC-003,MED-004,2026-01-06,65
FAC-003,MED-005,2026-01-06,40
FAC-003,MED-006,2026-01-06,27
FAC-003,MED-007,2026-01-06,20
FAC-003,MED-008,2026-01-06,73
FAC-004,MED-001,2026-01-06,247
FAC-004,MED-002,2026-01-06,316
FAC-004,MED-003,2026-01-06,62
FAC-004,MED-004,2026-01-06,92
FAC-004,MED-005,2026-01-06,89
FAC-004,MED-006,2026-01-06,44
FAC-004,MED-007,2026-01-06,162
FAC-004,MED-008,2026-01-06,209
FAC-005,MED-001,2026-01-06,1140
FAC-005,MED-002,2026-01-06,921
FAC-005,MED-003,2026-01-06,274
FAC-005,MED-004,2026-01-06,948
FAC-005,MED-005,2026-01-06,766
FAC-005,MED-006,2026-01-06,474
FAC-005,MED-007,2026-01-06,1125
FAC-005,MED-008,2026-01-06,1201
FAC-006,MED-001,2026-01-06,824
FAC-006,MED-002,2026-01-06,2412
FAC-006,MED-003,2026-01-06,515
FAC-006,MED-004,2026-01-06,1337
FAC-006,MED-005,2026-01-06,957
FAC-006,MED-006,2026-01-06,479
FAC-006,MED-007,2026-01-06,885
FAC-006,MED-008,2026-01-06,1316
FAC-007,MED-001,2026-01-06,97
FAC-007,MED-002,2026-01-06,121
FAC-007,MED-003,2026-01-06,17
FAC-007,MED-004,2026-01-06,156
FAC-007,MED-005,2026-01-06,68
FAC-007,MED-006,2026-01-06,60
FAC-007,MED-007,2026-01-06,131
FAC-007,MED-008,2026-01-06,98
FAC-008,MED-001,2026-01-06,62
FAC-008,MED-002,2026-01-06,105
FAC-008,MED-003,2026-01-06,27
FAC-008,MED-004,2026-01-06,37
FAC-008,MED-005,2026-01-06,22
FAC-008,MED-006,2026-01-06,32
FAC-008,MED-007,2026-01-06,48
FAC-008,MED-008,2026-01-06,86
FAC-009,MED-001,2026-01-06,153
FAC-009,MED-002,2026-01-06,209
FAC-009,MED-003,2026-01-06,44
FAC-009,MED-004,2026-01-06,72
FAC-009,MED-005,2026-01-06,88
FAC-009,MED-006,2026-01-06,41
FAC-009,MED-007,2026-01-06,99
FAC-009,MED-008,2026-01-06,159
FAC-010,MED-001,2026-01-06,83
FAC-010,MED-002,2026-01-06,90
FAC-010,MED-003,2026-01-06,27
FAC-010,MED-004,2026-01-06,77
FAC-010,MED-005,2026-01-06,73
FAC-010,MED-006,2026-01-06,43
FAC-010,MED-007,2026-01-06,31
FAC-010,MED-008,2026-01-06,98
FAC-011,MED-001,2026-01-06,1359
FAC-011,MED-002,2026-01-06,1235
FAC-011,MED-003,2026-01-06,222
FAC-011,MED-004,2026-01-06,990
FAC-011,MED-005,2026-01-06,1035
FAC-011,MED-006,2026-01-06,402
FAC-011,MED-007,2026-01-06,841
FAC-011,MED-008,2026-01-06,1586
FAC-012,MED-001,2026-01-06,158
FAC-012,MED-002,2026-01-06,330
FAC-012,MED-003,2026-01-06,66
FAC-012,MED-004,2026-01-06,121
FAC-012,MED-005,2026-01-06,87
FAC-012,MED-006,2026-01-06,56
FAC-012,MED-007,2026-01-06,89
FAC-012,MED-008,2026-01-06,93
FAC-013,MED-001,2026-01-06,58
FAC-013,MED-002,2026-01-06,70
FAC-013,MED-003,2026-01-06,26
FAC-013,MED-004,2026-01-06,33
FAC-013,MED-005,2026-01-06,48
FAC-013,MED-006,2026-01-06,25
FAC-013,MED-007,2026-01-06,23
FAC-013,MED-008,2026-01-06,48
FAC-014,MED-001,2026-01-06,214
FAC-014,MED-002,2026-01-06,127
FAC-014,MED-003,2026-01-06,47
FAC-014,MED-004,2026-01-06,144
FAC-014,MED-005,2026-01-06,61
FAC-014,MED-006,2026-01-06,52
FAC-014,MED-007,2026-01-06,70
FAC-014,MED-008,2026-01-06,156
FAC-015,MED-001,2026-01-06,134
FAC-015,MED-002,2026-01-06,144
FAC-015,MED-003,2026-01-06,21
FAC-015,MED-004,2026-01-06,132
FAC-015,MED-005,2026-01-06,54
FAC-015,MED-006,2026-01-06,26
FAC-015,MED-007,2026-01-06,41
FAC-015,MED-008,2026-01-06,116
FAC-016,MED-001,2026-01-06,2017
FAC-016,MED-002,2026-01-06,1102
FAC-016,MED-003,2026-01-06,381
FAC-016,MED-004,2026-01-06,1056
FAC-016,MED-005,2026-01-06,962
FAC-016,MED-006,2026-01-06,404
FAC-016,MED-007,2026-01-06,1106
FAC-016,MED-008,2026-01-06,1350
FAC-017,MED-001,2026-01-06,253
FAC-017,MED-002,2026-01-06,159
FAC-017,MED-003,2026-01-06,41
FAC-017,MED-004,2026-01-06,84
FAC-017,MED-005,2026-01-06,116
FAC-017,MED-006,2026-01-06,79
FAC-017,MED-007,2026-01-06,74
FAC-017,MED-008,2026-01-06,179
FAC-018,MED-001,2026-01-06,83
FAC-018,MED-002,2026-01-06,83
FAC-018,MED-003,2026-01-06,42
FAC-018,MED-004,2026-01-06,35
FAC-018,MED-005,2026-01-06,26
FAC-018,MED-006,2026-01-06,55
FAC-018,MED-007,2026-01-06,48
FAC-018,MED-008,2026-01-06,60
FAC-019,MED-001,2026-01-06,132
FAC-019,MED-002,2026-01-06,170
FAC-019,MED-003,2026-01-06,36
FAC-019,MED-004,2026-01-06,167
FAC-019,MED-005,2026-01-06,106
FAC-019,MED-006,2026-01-06,60
FAC-019,MED-007,2026-01-06,104
FAC-019,MED-008,2026-01-06,86
FAC-020,MED-001,2026-01-06,97
FAC-020,MED-002,2026-01-06,224
FAC-020,MED-003,2026-01-06,45
FAC-020,MED-004,2026-01-06,70
FAC-020,MED-005,2026-01-06,46
FAC-020,MED-006,2026-01-06,52
FAC-020,MED-007,2026-01-06,41
FAC-020,MED-008,2026-01-06,87
FAC-001,MED-001,2026-01-07,2428
FAC-001,MED-002,2026-01-07,2682
FAC-001,MED-003,2026-01-07,614
FAC-001,MED-004,2026-01-07,1941
FAC-001,MED-005,2026-01-07,893
FAC-001,MED-006,2026-01-07,764
FAC-001,MED-007,2026-01-07,481
FAC-001,MED-008,2026-01-07,1011
FAC-002,MED-001,2026-01-07,103
FAC-002,MED-002,2026-01-07,175
FAC-002,MED-003,2026-01-07,32
FAC-002,MED-004,2026-01-07,103
FAC-002,MED-005,2026-01-07,99
FAC-002,MED-006,2026-01-07,45
FAC-002,MED-007,2026-01-07,85
FAC-002,MED-008,2026-01-07,146
FAC-003,MED-001,2026-01-07,39
FAC-003,MED-002,2026-01-07,81
FAC-003,MED-003,2026-01-07,24
FAC-003,MED-004,2026-01-07,61
FAC-003,MED-005,2026-01-07,37
FAC-003,MED-006,2026-01-07,23
FAC-003,MED-007,2026-01-07,16
FAC-003,MED-008,2026-01-07,71
FAC-004,MED-001,2026-01-07,238
FAC-004,MED-002,2026-01-07,300
FAC-004,MED-003,2026-01-07,59
FAC-004,MED-004,2026-01-07,78
FAC-004,MED-005,2026-01-07,83
FAC-004,MED-006,2026-01-07,107
FAC-004,MED-007,2026-01-07,151
FAC-004,MED-008,2026-01-07,193
FAC-005,MED-001,2026-01-07,1024
FAC-005,MED-002,2026-01-07,784
FAC-005,MED-003,2026-01-07,242
FAC-005,MED-004,2026-01-07,861
FAC-005,MED-005,2026-01-07,718
FAC-005,MED-006,2026-01-07,421
FAC-005,MED-007,2026-01-07,1056
FAC-005,MED-008,2026-01-07,1094
FAC-006,MED-001,2026-01-07,705
FAC-006,MED-002,2026-01-07,2254
FAC-006,MED-003,2026-01-07,484
FAC-006,MED-004,2026-01-07,1226
FAC-006,MED-005,2026-01-07,891
FAC-006,MED-006,2026-01-07,432
FAC-006,MED-007,2026-01-07,821
FAC-006,MED-008,2026-01-07,1180
FAC-007,MED-001,2026-01-07,82
FAC-007,MED-002,2026-01-07,109
FAC-007,MED-003,2026-01-07,45
FAC-007,MED-004,2026-01-07,146
FAC-007,MED-005,2026-01-07,62
FAC-007,MED-006,2026-01-07,52
FAC-007,MED-007,2026-01-07,128
FAC-007,MED-008,2026-01-07,90
FAC-008,MED-001,2026-01-07,56
FAC-008,MED-002,2026-01-07,96
FAC-008,MED-003,2026-01-07,24
FAC-008,MED-004,2026-01-07,35
FAC-008,MED-005,2026-01-07,19
FAC-008,MED-006,2026-01-07,28
FAC-008,MED-007,2026-01-07,43
FAC-008,MED-008,2026-01-07,84
FAC-009,MED-001,2026-01-07,142
FAC-009,MED-002,2026-01-07,201
FAC-009,MED-003,2026-01-07,40
FAC-009,MED-004,2026-01-07,66
FAC-009,MED-005,2026-01-07,74
FAC-009,MED-006,2026-01-07,38
FAC-009,MED-007,2026-01-07,94
FAC-009,MED-008,2026-01-07,151
FAC-010,MED-001,2026-01-07,76
FAC-010,MED-002,2026-01-07,77
FAC-010,MED-003,2026-01-07,19
FAC-010,MED-004,2026-01-07,74
FAC-010,MED-005,2026-01-07,68
FAC-010,MED-006,2026-01-07,40
FAC-010,MED-007,2026-01-07,30
FAC-010,MED-008,2026-01-07,92
FAC-011,MED-001,2026-01-07,1243
FAC-011,MED-002,2026-01-07,1065
FAC-011,MED-003,2026-01-07,192
FAC-011,MED-004,2026-01-07,893
FAC-011,MED-005,2026-01-07,980
FAC-011,MED-006,2026-01-07,358
FAC-011,MED-007,2026-01-07,762
FAC-011,MED-008,2026-01-07,1482
FAC-012,MED-001,2026-01-07,145
FAC-012,MED-002,2026-01-07,319
FAC-012,MED-003,2026-01-07,60
FAC-012,MED-004,2026-01-07,105
FAC-012,MED-005,2026-01-07,82
FAC-012,MED-006,2026-01-07,51
FAC-012,MED-007,2026-01-07,83
FAC-012,MED-008,2026-01-07,78
FAC-013,MED-001,2026-01-07,54
FAC-013,MED-002,2026-01-07,66
FAC-013,MED-003,2026-01-07,24
FAC-013,MED-004,2026-01-07,27
FAC-013,MED-005,2026-01-07,44
FAC-013,MED-006,2026-01-07,23
FAC-013,MED-007,2026-01-07,21
FAC-013,MED-008,2026-01-07,44
FAC-014,MED-001,2026-01-07,206
FAC-014,MED-002,2026-01-07,111
FAC-014,MED-003,2026-01-07,43
FAC-014,MED-004,2026-01-07,131
FAC-014,MED-005,2026-01-07,59
FAC-014,MED-006,2026-01-07,47
FAC-014,MED-007,2026-01-07,63
FAC-014,MED-008,2026-01-07,140
FAC-015,MED-001,2026-01-07,121
FAC-015,MED-002,2026-01-07,133
FAC-015,MED-003,2026-01-07,16
FAC-015,MED-004,2026-01-07,122
FAC-015,MED-005,2026-01-07,47
FAC-015,MED-006,2026-01-07,22
FAC-015,MED-007,2026-01-07,37
FAC-015,MED-008,2026-01-07,109
FAC-016,MED-001,2026-01-07,1874
FAC-016,MED-002,2026-01-07,932
FAC-016,MED-003,2026-01-07,343
FAC-016,MED-004,2026-01-07,940
FAC-016,MED-005,2026-01-07,894
FAC-016,MED-006,2026-01-07,359
FAC-016,MED-007,2026-01-07,1036
FAC-016,MED-008,2026-01-07,1218
FAC-017,MED-001,2026-01-07,233
FAC-017,MED-002,2026-01-07,139
FAC-017,MED-003,2026-01-07,40
FAC-017,MED-004,2026-01-07,73
FAC-017,MED-005,2026-01-07,108
FAC-017,MED-006,2026-01-07,72
FAC-017,MED-007,2026-01-07,67
FAC-017,MED-008,2026-01-07,167
FAC-018,MED-001,2026-01-07,75
FAC-018,MED-002,2026-01-07,77
FAC-018,MED-003,2026-01-07,41
FAC-018,MED-004,2026-01-07,31
FAC-018,MED-005,2026-01-07,22
FAC-018,MED-006,2026-01-07,54
FAC-018,MED-007,2026-01-07,45
FAC-018,MED-008,2026-01-07,58
FAC-019,MED-001,2026-01-07,117
FAC-019,MED-002,2026-01-07,155
FAC-019,MED-003,2026-01-07,34
FAC-019,MED-004,2026-01-07,158
FAC-019,MED-005,2026-01-07,101
FAC-019,MED-006,2026-01-07,59
FAC-019,MED-007,2026-01-07,101
FAC-019,MED-008,2026-01-07,72
FAC-020,MED-001,2026-01-07,82
FAC-020,MED-002,2026-01-07,216
FAC-020,MED-003,2026-01-07,41
FAC-020,MED-004,2026-01-07,60
FAC-020,MED-005,2026-01-07,38
FAC-020,MED-006,2026-01-07,46
FAC-020,MED-007,2026-01-07,107
FAC-020,MED-008,2026-01-07,73
FAC-001,MED-001,2026-01-08,2285
FAC-001,MED-002,2026-01-08,2484
FAC-001,MED-003,2026-01-08,580
FAC-001,MED-004,2026-01-08,1820
FAC-001,MED-005,2026-01-08,837
FAC-001,MED-006,2026-01-08,715
FAC-001,MED-007,2026-01-08,383
FAC-001,MED-008,2026-01-08,882
FAC-002,MED-001,2026-01-08,261
FAC-002,MED-002,2026-01-08,154
FAC-002,MED-003,2026-01-08,31
FAC-002,MED-004,2026-01-08,93
FAC-002,MED-005,2026-01-08,92
FAC-002,MED-006,2026-01-08,42
FAC-002,MED-007,2026-01-08,75
FAC-002,MED-008,2026-01-08,133
FAC-003,MED-001,2026-01-08,33
FAC-003,MED-002,2026-01-08,73
FAC-003,MED-003,2026-01-08,22
FAC-003,MED-004,2026-01-08,58
FAC-003,MED-005,2026-01-08,32
FAC-003,MED-006,2026-01-08,20
FAC-003,MED-007,2026-01-08,12
FAC-003,MED-008,2026-01-08,67
FAC-004,MED-001,2026-01-08,224
FAC-004,MED-002,2026-01-08,276
FAC-004,MED-003,2026-01-08,52
FAC-004,MED-004,2026-01-08,66
FAC-004,MED-005,2026-01-08,72
FAC-004,MED-006,2026-01-08,104
FAC-004,MED-007,2026-01-08,143
FAC-004,MED-008,2026-01-08,180
FAC-005,MED-001,2026-01-08,889
FAC-005,MED-002,2026-01-08,2440
FAC-005,MED-003,2026-01-08,211
FAC-005,MED-004,2026-01-08,770
FAC-005,MED-005,2026-01-08,653
FAC-005,MED-006,2026-01-08,388
FAC-005,MED-007,2026-01-08,1000
FAC-005,MED-008,2026-01-08,1000
FAC-006,MED-001,2026-01-08,2147
FAC-006,MED-002,2026-01-08,2106
FAC-006,MED-003,2026-01-08,447
FAC-006,MED-004,2026-01-08,1140
FAC-006,MED-005,2026-01-08,826
FAC-006,MED-006,2026-01-08,388
FAC-006,MED-007,2026-01-08,748
FAC-006,MED-008,2026-01-08,1068
FAC-007,MED-001,2026-01-08,75
FAC-007,MED-002,2026-01-08,99
FAC-007,MED-003,2026-01-08,41
FAC-007,MED-004,2026-01-08,124
FAC-007,MED-005,2026-01-08,52
FAC-007,MED-006,2026-01-08,48
FAC-007,MED-007,2026-01-08,120
FAC-007,MED-008,2026-01-08,73
FAC-008,MED-001,2026-01-08,49
FAC-008,MED-002,2026-01-08,89
FAC-008,MED-003,2026-01-08,20
FAC-008,MED-004,2026-01-08,31
FAC-008,MED-005,2026-01-08,17
FAC-008,MED-006,2026-01-08,24
FAC-008,MED-007,2026-01-08,37
FAC-008,MED-008,2026-01-08,81
FAC-009,MED-001,2026-01-08,134
FAC-009,MED-002,2026-01-08,188
FAC-009,MED-003,2026-01-08,39
FAC-009,MED-004,2026-01-08,59
FAC-009,MED-005,2026-01-08,70
FAC-009,MED-006,2026-01-08,37
FAC-009,MED-007,2026-01-08,88
FAC-009,MED-008,2026-01-08,143
FAC-010,MED-001,2026-01-08,71
FAC-010,MED-002,2026-01-08,67
FAC-010,MED-003,2026-01-08,17
FAC-010,MED-004,2026-01-08,69
FAC-010,MED-005,2026-01-08,63
FAC-010,MED-006,2026-01-08,35
FAC-010,MED-007,2026-01-08,80
FAC-010,MED-008,2026-01-08,85
FAC-011,MED-001,2026-01-08,1151
FAC-011,MED-002,2026-01-08,904
FAC-011,MED-003,2026-01-08,518
FAC-011,MED-004,2026-01-08,802
FAC-011,MED-005,2026-01-08,919
FAC-011,MED-006,2026-01-08,329
FAC-011,MED-007,2026-01-08,689
FAC-011,MED-008,2026-01-08,1384
FAC-012,MED-001,2026-01-08,129
FAC-012,MED-002,2026-01-08,304
FAC-012,MED-003,2026-01-08,60
FAC-012,MED-004,2026-01-08,97
FAC-012,MED-005,2026-01-08,73
FAC-012,MED-006,2026-01-08,46
FAC-012,MED-007,2026-01-08,81
FAC-012,MED-008,2026-01-08,50
FAC-013,MED-001,2026-01-08,51
FAC-013,MED-002,2026-01-08,62
FAC-013,MED-003,2026-01-08,23
FAC-013,MED-004,2026-01-08,22
FAC-013,MED-005,2026-01-08,41
FAC-013,MED-006,2026-01-08,19
FAC-013,MED-007,2026-01-08,19
FAC-013,MED-008,2026-01-08,44
FAC-014,MED-001,2026-01-08,199
FAC-014,MED-002,2026-01-08,93
FAC-014,MED-003,2026-01-08,41
FAC-014,MED-004,2026-01-08,120
FAC-014,MED-005,2026-01-08,53
FAC-014,MED-006,2026-01-08,43
FAC-014,MED-007,2026-01-08,56
FAC-014,MED-008,2026-01-08,127
FAC-015,MED-001,2026-01-08,110
FAC-015,MED-002,2026-01-08,122
FAC-015,MED-003,2026-01-08,15
FAC-015,MED-004,2026-01-08,113
FAC-015,MED-005,2026-01-08,42
FAC-015,MED-006,2026-01-08,17
FAC-015,MED-007,2026-01-08,33
FAC-015,MED-008,2026-01-08,98
FAC-016,MED-001,2026-01-08,1719
FAC-016,MED-002,2026-01-08,752
FAC-016,MED-003,2026-01-08,305
FAC-016,MED-004,2026-01-08,825
FAC-016,MED-005,2026-01-08,829
FAC-016,MED-006,2026-01-08,300
FAC-016,MED-007,2026-01-08,947
FAC-016,MED-008,2026-01-08,1094
FAC-017,MED-001,2026-01-08,220
FAC-017,MED-002,2026-01-08,127
FAC-017,MED-003,2026-01-08,40
FAC-017,MED-004,2026-01-08,60
FAC-017,MED-005,2026-01-08,98
FAC-017,MED-006,2026-01-08,66
FAC-017,MED-007,2026-01-08,58
FAC-017,MED-008,2026-01-08,159
FAC-018,MED-001,2026-01-08,74
FAC-018,MED-002,2026-01-08,70
FAC-018,MED-003,2026-01-08,37
FAC-018,MED-004,2026-01-08,29
FAC-018,MED-005,2026-01-08,17
FAC-018,MED-006,2026-01-08,51
FAC-018,MED-007,2026-01-08,40
FAC-018,MED-008,2026-01-08,54
FAC-019,MED-001,2026-01-08,108
FAC-019,MED-002,2026-01-08,141
FAC-019,MED-003,2026-01-08,31
FAC-019,MED-004,2026-01-08,148
FAC-019,MED-005,2026-01-08,97
FAC-019,MED-006,2026-01-08,51
FAC-019,MED-007,2026-01-08,94
FAC-019,MED-008,2026-01-08,59
FAC-020,MED-001,2026-01-08,75
FAC-020,MED-002,2026-01-08,201
FAC-020,MED-003,2026-01-08,40
FAC-020,MED-004,2026-01-08,52
FAC-020,MED-005,2026-01-08,33
FAC-020,MED-006,2026-01-08,43
FAC-020,MED-007,2026-01-08,102
FAC-020,MED-008,2026-01-08,58
FAC-001,MED-001,2026-01-09,2128
FAC-001,MED-002,2026-01-09,2315
FAC-001,MED-003,2026-01-09,534
FAC-001,MED-004,2026-01-09,1698
FAC-001,MED-005,2026-01-09,754
FAC-001,MED-006,2026-01-09,655
FAC-001,MED-007,2026-01-09,1417
FAC-001,MED-008,2026-01-09,755
FAC-002,MED-001,2026-01-09,247
FAC-002,MED-002,2026-01-09,143
FAC-002,MED-003,2026-01-09,23
FAC-002,MED-004,2026-01-09,80
FAC-002,MED-005,2026-01-09,81
FAC-002,MED-006,2026-01-09,34
FAC-002,MED-007,2026-01-09,63
FAC-002,MED-008,2026-01-09,122
FAC-003,MED-001,2026-01-09,26
FAC-003,MED-002,2026-01-09,65
FAC-003,MED-003,2026-01-09,54
FAC-003,MED-004,2026-01-09,55
FAC-003,MED-005,2026-01-09,28
FAC-003,MED-006,2026-01-09,15
FAC-003,MED-007,2026-01-09,46
FAC-003,MED-008,2026-01-09,63
FAC-004,MED-001,2026-01-09,209
FAC-004,MED-002,2026-01-09,259
FAC-004,MED-003,2026-01-09,43
FAC-004,MED-004,2026-01-09,199
FAC-004,MED-005,2026-01-09,65
FAC-004,MED-006,2026-01-09,102
FAC-004,MED-007,2026-01-09,133
FAC-004,MED-008,2026-01-09,162
FAC-005,MED-001,2026-01-09,777
FAC-005,MED-002,2026-01-09,2297
FAC-005,MED-003,2026-01-09,188
FAC-005,MED-004,2026-01-09,688
FAC-005,MED-005,2026-01-09,588
FAC-005,MED-006,2026-01-09,347
FAC-005,MED-007,2026-01-09,925
FAC-005,MED-008,2026-01-09,908
FAC-006,MED-001,2026-01-09,1996
FAC-006,MED-002,2026-01-09,1953
FAC-006,MED-003,2026-01-09,413
FAC-006,MED-004,2026-01-09,1032
FAC-006,MED-005,2026-01-09,758
FAC-006,MED-006,2026-01-09,340
FAC-006,MED-007,2026-01-09,673
FAC-006,MED-008,2026-01-09,957
FAC-007,MED-001,2026-01-09,228
FAC-007,MED-002,2026-01-09,85
FAC-007,MED-003,2026-01-09,40
FAC-007,MED-004,2026-01-09,112
FAC-007,MED-005,2026-01-09,49
FAC-007,MED-006,2026-01-09,44
FAC-007,MED-007,2026-01-09,111
FAC-007,MED-008,2026-01-09,54
FAC-008,MED-001,2026-01-09,39
FAC-008,MED-002,2026-01-09,74
FAC-008,MED-003,2026-01-09,16
FAC-008,MED-004,2026-01-09,25
FAC-008,MED-005,2026-01-09,14
FAC-008,MED-006,2026-01-09,22
FAC-008,MED-007,2026-01-09,32
FAC-008,MED-008,2026-01-09,74
FAC-009,MED-001,2026-01-09,122
FAC-009,MED-002,2026-01-09,167
FAC-009,MED-003,2026-01-09,35
FAC-009,MED-004,2026-01-09,148
FAC-009,MED-005,2026-01-09,65
FAC-009,MED-006,2026-01-09,34
FAC-009,MED-007,2026-01-09,83
FAC-009,MED-008,2026-01-09,135
FAC-010,MED-001,2026-01-09,62
FAC-010,MED-002,2026-01-09,58
FAC-010,MED-003,2026-01-09,13
FAC-010,MED-004,2026-01-09,60
FAC-010,MED-005,2026-01-09,58
FAC-010,MED-006,2026-01-09,33
FAC-010,MED-007,2026-01-09,71
FAC-010,MED-008,2026-01-09,80
FAC-011,MED-001,2026-01-09,1047
FAC-011,MED-002,2026-01-09,2671
FAC-011,MED-003,2026-01-09,480
FAC-011,MED-004,2026-01-09,697
FAC-011,MED-005,2026-01-09,855
FAC-011,MED-006,2026-01-09,300
FAC-011,MED-007,2026-01-09,625
FAC-011,MED-008,2026-01-09,1257
FAC-012,MED-001,2026-01-09,112
FAC-012,MED-002,2026-01-09,289
FAC-012,MED-003,2026-01-09,60
FAC-012,MED-004,2026-01-09,79
FAC-012,MED-005,2026-01-09,67
FAC-012,MED-006,2026-01-09,41
FAC-012,MED-007,2026-01-09,71
FAC-012,MED-008,2026-01-09,37
FAC-013,MED-001,2026-01-09,42
FAC-013,MED-002,2026-01-09,55
FAC-013,MED-003,2026-01-09,53
FAC-013,MED-004,2026-01-09,18
FAC-013,MED-005,2026-01-09,40
FAC-013,MED-006,2026-01-09,19
FAC-013,MED-007,2026-01-09,18
FAC-013,MED-008,2026-01-09,39
FAC-014,MED-001,2026-01-09,187
FAC-014,MED-002,2026-01-09,70
FAC-014,MED-003,2026-01-09,41
FAC-014,MED-004,2026-01-09,107
FAC-014,MED-005,2026-01-09,47
FAC-014,MED-006,2026-01-09,38
FAC-014,MED-007,2026-01-09,49
FAC-014,MED-008,2026-01-09,117
FAC-015,MED-001,2026-01-09,101
FAC-015,MED-002,2026-01-09,113
FAC-015,MED-003,2026-01-09,44
FAC-015,MED-004,2026-01-09,108
FAC-015,MED-005,2026-01-09,39
FAC-015,MED-006,2026-01-09,15
FAC-015,MED-007,2026-01-09,29
FAC-015,MED-008,2026-01-09,92
FAC-016,MED-001,2026-01-09,1577
FAC-016,MED-002,2026-01-09,2725
FAC-016,MED-003,2026-01-09,278
FAC-016,MED-004,2026-01-09,723
FAC-016,MED-005,2026-01-09,759
FAC-016,MED-006,2026-01-09,256
FAC-016,MED-007,2026-01-09,870
FAC-016,MED-008,2026-01-09,975
FAC-017,MED-001,2026-01-09,210
FAC-017,MED-002,2026-01-09,111
FAC-017,MED-003,2026-01-09,39
FAC-017,MED-004,2026-01-09,191
FAC-017,MED-005,2026-01-09,94
FAC-017,MED-006,2026-01-09,62
FAC-017,MED-007,2026-01-09,51
FAC-017,MED-008,2026-01-09,145
FAC-018,MED-001,2026-01-09,68
FAC-018,MED-002,2026-01-09,62
FAC-018,MED-003,2026-01-09,32
FAC-018,MED-004,2026-01-09,27
FAC-018,MED-005,2026-01-09,17
FAC-018,MED-006,2026-01-09,47
FAC-018,MED-007,2026-01-09,35
FAC-018,MED-008,2026-01-09,47
FAC-019,MED-001,2026-01-09,94
FAC-019,MED-002,2026-01-09,125
FAC-019,MED-003,2026-01-09,29
FAC-019,MED-004,2026-01-09,141
FAC-019,MED-005,2026-01-09,93
FAC-019,MED-006,2026-01-09,45
FAC-019,MED-007,2026-01-09,90
FAC-019,MED-008,2026-01-09,187
FAC-020,MED-001,2026-01-09,63
FAC-020,MED-002,2026-01-09,184
FAC-020,MED-003,2026-01-09,35
FAC-020,MED-004,2026-01-09,150
FAC-020,MED-005,2026-01-09,30
FAC-020,MED-006,2026-01-09,41
FAC-020,MED-007,2026-01-09,96
FAC-020,MED-008,2026-01-09,46
FAC-001,MED-001,2026-01-10,2001
FAC-001,MED-002,2026-01-10,2144
FAC-001,MED-003,2026-01-10,496
FAC-001,MED-004,2026-01-10,1582
FAC-001,MED-005,2026-01-10,682
FAC-001,MED-006,2026-01-10,604
FAC-001,MED-007,2026-01-10,1333
FAC-001,MED-008,2026-01-10,599
FAC-002,MED-001,2026-01-10,242
FAC-002,MED-002,2026-01-10,133
FAC-002,MED-003,2026-01-10,64
FAC-002,MED-004,2026-01-10,73
FAC-002,MED-005,2026-01-10,77
FAC-002,MED-006,2026-01-10,33
FAC-002,MED-007,2026-01-10,60
FAC-002,MED-008,2026-01-10,113
FAC-003,MED-001,2026-01-10,75
FAC-003,MED-002,2026-01-10,57
FAC-003,MED-003,2026-01-10,54
FAC-003,MED-004,2026-01-10,53
FAC-003,MED-005,2026-01-10,27
FAC-003,MED-006,2026-01-10,13
FAC-003,MED-007,2026-01-10,42
FAC-003,MED-008,2026-01-10,60
FAC-004,MED-001,2026-01-10,192
FAC-004,MED-002,2026-01-10,250
FAC-004,MED-003,2026-01-10,40
FAC-004,MED-004,2026-01-10,196
FAC-004,MED-005,2026-01-10,56
FAC-004,MED-006,2026-01-10,99
FAC-004,MED-007,2026-01-10,126
FAC-004,MED-008,2026-01-10,149
FAC-005,MED-001,2026-01-10,687
FAC-005,MED-002,2026-01-10,2167
FAC-005,MED-003,2026-01-10,504
FAC-005,MED-004,2026-01-10,609
FAC-005,MED-005,2026-01-10,525
FAC-005,MED-006,2026-01-10,312
FAC-005,MED-007,2026-01-10,868
FAC-005,MED-008,2026-01-10,805
FAC-006,MED-001,2026-01-10,1857
FAC-006,MED-002,2026-01-10,1800
FAC-006,MED-003,2026-01-10,382
FAC-006,MED-004,2026-01-10,913
FAC-006,MED-005,2026-01-10,696
FAC-006,MED-006,2026-01-10,295
FAC-006,MED-007,2026-01-10,602
FAC-006,MED-008,2026-01-10,830
FAC-007,MED-001,2026-01-10,222
FAC-007,MED-002,2026-01-10,75
FAC-007,MED-003,2026-01-10,37
FAC-007,MED-004,2026-01-10,108
FAC-007,MED-005,2026-01-10,43
FAC-007,MED-006,2026-01-10,41
FAC-007,MED-007,2026-01-10,108
FAC-007,MED-008,2026-01-10,47
FAC-008,MED-001,2026-01-10,34
FAC-008,MED-002,2026-01-10,70
FAC-008,MED-003,2026-01-10,14
FAC-008,MED-004,2026-01-10,25
FAC-008,MED-005,2026-01-10,12
FAC-008,MED-006,2026-01-10,21
FAC-008,MED-007,2026-01-10,28
FAC-008,MED-008,2026-01-10,67
FAC-009,MED-001,2026-01-10,114
FAC-009,MED-002,2026-01-10,156
FAC-009,MED-003,2026-01-10,34
FAC-009,MED-004,2026-01-10,143
FAC-009,MED-005,2026-01-10,61
FAC-009,MED-006,2026-01-10,33
FAC-009,MED-007,2026-01-10,82
FAC-009,MED-008,2026-01-10,130
FAC-010,MED-001,2026-01-10,60
FAC-010,MED-002,2026-01-10,51
FAC-010,MED-003,2026-01-10,45
FAC-010,MED-004,2026-01-10,56
FAC-010,MED-005,2026-01-10,54
FAC-010,MED-006,2026-01-10,32
FAC-010,MED-007,2026-01-10,68
FAC-010,MED-008,2026-01-10,76
FAC-011,MED-001,2026-01-10,926
FAC-011,MED-002,2026-01-10,2517
FAC-011,MED-003,2026-01-10,457
FAC-011,MED-004,2026-01-10,606
FAC-011,MED-005,2026-01-10,796
FAC-011,MED-006,2026-01-10,265
FAC-011,MED-007,2026-01-10,569
FAC-011,MED-008,2026-01-10,1157
FAC-012,MED-001,2026-01-10,103
FAC-012,MED-002,2026-01-10,273
FAC-012,MED-003,2026-01-10,60
FAC-012,MED-004,2026-01-10,73
FAC-012,MED-005,2026-01-10,64
FAC-012,MED-006,2026-01-10,38
FAC-012,MED-007,2026-01-10,64
FAC-012,MED-008,2026-01-10,31
FAC-013,MED-001,2026-01-10,36
FAC-013,MED-002,2026-01-10,54
FAC-013,MED-003,2026-01-10,51
FAC-013,MED-004,2026-01-10,51
FAC-013,MED-005,2026-01-10,35
FAC-013,MED-006,2026-01-10,49
FAC-013,MED-007,2026-01-10,50
FAC-013,MED-008,2026-01-10,38
FAC-014,MED-001,2026-01-10,181
FAC-014,MED-002,2026-01-10,56
FAC-014,MED-003,2026-01-10,40
FAC-014,MED-004,2026-01-10,101
FAC-014,MED-005,2026-01-10,43
FAC-014,MED-006,2026-01-10,36
FAC-014,MED-007,2026-01-10,42
FAC-014,MED-008,2026-01-10,111
FAC-015,MED-001,2026-01-10,95
FAC-015,MED-002,2026-01-10,103
FAC-015,MED-003,2026-01-10,44
FAC-015,MED-004,2026-01-10,106
FAC-015,MED-005,2026-01-10,39
FAC-015,MED-006,2026-01-10,13
FAC-015,MED-007,2026-01-10,91
FAC-015,MED-008,2026-01-10,85
FAC-016,MED-001,2026-01-10,1437
FAC-016,MED-002,2026-01-10,2570
FAC-016,MED-003,2026-01-10,247
FAC-016,MED-004,2026-01-10,613
FAC-016,MED-005,2026-01-10,714
FAC-016,MED-006,2026-01-10,218
FAC-016,MED-007,2026-01-10,778
FAC-016,MED-008,2026-01-10,858
FAC-017,MED-001,2026-01-10,203
FAC-017,MED-002,2026-01-10,97
FAC-017,MED-003,2026-01-10,37
FAC-017,MED-004,2026-01-10,184
FAC-017,MED-005,2026-01-10,90
FAC-017,MED-006,2026-01-10,58
FAC-017,MED-007,2026-01-10,46
FAC-017,MED-008,2026-01-10,127
FAC-018,MED-001,2026-01-10,62
FAC-018,MED-002,2026-01-10,55
FAC-018,MED-003,2026-01-10,31
FAC-018,MED-004,2026-01-10,26
FAC-018,MED-005,2026-01-10,12
FAC-018,MED-006,2026-01-10,43
FAC-018,MED-007,2026-01-10,33
FAC-018,MED-008,2026-01-10,45
FAC-019,MED-001,2026-01-10,90
FAC-019,MED-002,2026-01-10,122
FAC-019,MED-003,2026-01-10,27
FAC-019,MED-004,2026-01-10,129
FAC-019,MED-005,2026-01-10,88
FAC-019,MED-006,2026-01-10,45
FAC-019,MED-007,2026-01-10,86
FAC-019,MED-008,2026-01-10,178
FAC-020,MED-001,2026-01-10,59
FAC-020,MED-002,2026-01-10,173
FAC-020,MED-003,2026-01-10,34
FAC-020,MED-004,2026-01-10,146
FAC-020,MED-005,2026-01-10,26
FAC-020,MED-006,2026-01-10,40
FAC-020,MED-007,2026-01-10,91
FAC-020,MED-008,2026-01-10,44
FAC-001,MED-001,2026-01-11,1837
FAC-001,MED-002,2026-01-11,1954
FAC-001,MED-003,2026-01-11,455
FAC-001,MED-004,2026-01-11,1465
FAC-001,MED-005,2026-01-11,611
FAC-001,MED-006,2026-01-11,543
FAC-001,MED-007,2026-01-11,1252
FAC-001,MED-008,2026-01-11,2054
FAC-002,MED-001,2026-01-11,234
FAC-002,MED-002,2026-01-11,123
FAC-002,MED-003,2026-01-11,61
FAC-002,MED-004,2026-01-11,201
FAC-002,MED-005,2026-01-11,71
FAC-002,MED-006,2026-01-11,29
FAC-002,MED-007,2026-01-11,55
FAC-002,MED-008,2026-01-11,101
FAC-003,MED-001,2026-01-11,73
FAC-003,MED-002,2026-01-11,54
FAC-003,MED-003,2026-01-11,49
FAC-003,MED-004,2026-01-11,44
FAC-003,MED-005,2026-01-11,26
FAC-003,MED-006,2026-01-11,50
FAC-003,MED-007,2026-01-11,40
FAC-003,MED-008,2026-01-11,57
FAC-004,MED-001,2026-01-11,184
FAC-004,MED-002,2026-01-11,231
FAC-004,MED-003,2026-01-11,36
FAC-004,MED-004,2026-01-11,187
FAC-004,MED-005,2026-01-11,148
FAC-004,MED-006,2026-01-11,98
FAC-004,MED-007,2026-01-11,120
FAC-004,MED-008,2026-01-11,138
FAC-005,MED-001,2026-01-11,580
FAC-005,MED-002,2026-01-11,2027
FAC-005,MED-003,2026-01-11,469
FAC-005,MED-004,2026-01-11,1537
FAC-005,MED-005,2026-01-11,482
FAC-005,MED-006,2026-01-11,274
FAC-005,MED-007,2026-01-11,818
FAC-005,MED-008,2026-01-11,731
FAC-006,MED-001,2026-01-11,1729
FAC-006,MED-002,2026-01-11,1649
FAC-006,MED-003,2026-01-11,351
FAC-006,MED-004,2026-01-11,792
FAC-006,MED-005,2026-01-11,647
FAC-006,MED-006,2026-01-11,261
FAC-006,MED-007,2026-01-11,545
FAC-006,MED-008,2026-01-11,728
FAC-007,MED-001,2026-01-11,213
FAC-007,MED-002,2026-01-11,240
FAC-007,MED-003,2026-01-11,34
FAC-007,MED-004,2026-01-11,104
FAC-007,MED-005,2026-01-11,40
FAC-007,MED-006,2026-01-11,39
FAC-007,MED-007,2026-01-11,101
FAC-007,MED-008,2026-01-11,176
FAC-008,MED-001,2026-01-11,33
FAC-008,MED-002,2026-01-11,65
FAC-008,MED-003,2026-01-11,11
FAC-008,MED-004,2026-01-11,77
FAC-008,MED-005,2026-01-11,42
FAC-008,MED-006,2026-01-11,21
FAC-008,MED-007,2026-01-11,27
FAC-008,MED-008,2026-01-11,61
FAC-009,MED-001,2026-01-11,106
FAC-009,MED-002,2026-01-11,149
FAC-009,MED-003,2026-01-11,34
FAC-009,MED-004,2026-01-11,140
FAC-009,MED-005,2026-01-11,61
FAC-009,MED-006,2026-01-11,31
FAC-009,MED-007,2026-01-11,77
FAC-009,MED-008,2026-01-11,124
FAC-010,MED-001,2026-01-11,57
FAC-010,MED-002,2026-01-11,154
FAC-010,MED-003,2026-01-11,44
FAC-010,MED-004,2026-01-11,53
FAC-010,MED-005,2026-01-11,54
FAC-010,MED-006,2026-01-11,29
FAC-010,MED-007,2026-01-11,63
FAC-010,MED-008,2026-01-11,70
FAC-011,MED-001,2026-01-11,801
FAC-011,MED-002,2026-01-11,2379
FAC-011,MED-003,2026-01-11,422
FAC-011,MED-004,2026-01-11,511
FAC-011,MED-005,2026-01-11,744
FAC-011,MED-006,2026-01-11,221
FAC-011,MED-007,2026-01-11,496
FAC-011,MED-008,2026-01-11,1041
FAC-012,MED-001,2026-01-11,95
FAC-012,MED-002,2026-01-11,259
FAC-012,MED-003,2026-01-11,56
FAC-012,MED-004,2026-01-11,219
FAC-012,MED-005,2026-01-11,59
FAC-012,MED-006,2026-01-11,32
FAC-012,MED-007,2026-01-11,57
FAC-012,MED-008,2026-01-11,197
FAC-013,MED-001,2026-01-11,35
FAC-013,MED-002,2026-01-11,46
FAC-013,MED-003,2026-01-11,49
FAC-013,MED-004,2026-01-11,50
FAC-013,MED-005,2026-01-11,32
FAC-013,MED-006,2026-01-11,45
FAC-013,MED-007,2026-01-11,45
FAC-013,MED-008,2026-01-11,35
FAC-014,MED-001,2026-01-11,170
FAC-014,MED-002,2026-01-11,49
FAC-014,MED-003,2026-01-11,36
FAC-014,MED-004,2026-01-11,96
FAC-014,MED-005,2026-01-11,41
FAC-014,MED-006,2026-01-11,32
FAC-014,MED-007,2026-01-11,39
FAC-014,MED-008,2026-01-11,98
FAC-015,MED-001,2026-01-11,91
FAC-015,MED-002,2026-01-11,94
FAC-015,MED-003,2026-01-11,40
FAC-015,MED-004,2026-01-11,97
FAC-015,MED-005,2026-01-11,37
FAC-015,MED-006,2026-01-11,49
FAC-015,MED-007,2026-01-11,85
FAC-015,MED-008,2026-01-11,78
FAC-016,MED-001,2026-01-11,1297
FAC-016,MED-002,2026-01-11,2413
FAC-016,MED-003,2026-01-11,210
FAC-016,MED-004,2026-01-11,507
FAC-016,MED-005,2026-01-11,659
FAC-016,MED-006,2026-01-11,175
FAC-016,MED-007,2026-01-11,709
FAC-016,MED-008,2026-01-11,2125
FAC-017,MED-001,2026-01-11,194
FAC-017,MED-002,2026-01-11,81
FAC-017,MED-003,2026-01-11,29
FAC-017,MED-004,2026-01-11,180
FAC-017,MED-005,2026-01-11,85
FAC-017,MED-006,2026-01-11,53
FAC-017,MED-007,2026-01-11,43
FAC-017,MED-008,2026-01-11,124
FAC-018,MED-001,2026-01-11,53
FAC-018,MED-002,2026-01-11,52
FAC-018,MED-003,2026-01-11,24
FAC-018,MED-004,2026-01-11,80
FAC-018,MED-005,2026-01-11,41
FAC-018,MED-006,2026-01-11,40
FAC-018,MED-007,2026-01-11,32
FAC-018,MED-008,2026-01-11,40
FAC-019,MED-001,2026-01-11,84
FAC-019,MED-002,2026-01-11,308
FAC-019,MED-003,2026-01-11,27
FAC-019,MED-004,2026-01-11,125
FAC-019,MED-005,2026-01-11,81
FAC-019,MED-006,2026-01-11,45
FAC-019,MED-007,2026-01-11,83
FAC-019,MED-008,2026-01-11,167
FAC-020,MED-001,2026-01-11,167
FAC-020,MED-002,2026-01-11,166
FAC-020,MED-003,2026-01-11,30
FAC-020,MED-004,2026-01-11,139
FAC-020,MED-005,2026-01-11,25
FAC-020,MED-006,2026-01-11,36
FAC-020,MED-007,2026-01-11,88
FAC-020,MED-008,2026-01-11,41
FAC-001,MED-001,2026-01-12,1707
FAC-001,MED-002,2026-01-12,1758
FAC-001,MED-003,2026-01-12,418
FAC-001,MED-004,2026-01-12,1351
FAC-001,MED-005,2026-01-12,532
FAC-001,MED-006,2026-01-12,499
FAC-001,MED-007,2026-01-12,1155
FAC-001,MED-008,2026-01-12,1917
FAC-002,MED-001,2026-01-12,215
FAC-002,MED-002,2026-01-12,109
FAC-002,MED-003,2026-01-12,56
FAC-002,MED-004,2026-01-12,192
FAC-002,MED-005,2026-01-12,66
FAC-002,MED-006,2026-01-12,24
FAC-002,MED-007,2026-01-12,138
FAC-002,MED-008,2026-01-12,89
FAC-003,MED-001,2026-01-12,70
FAC-003,MED-002,2026-01-12,51
FAC-003,MED-003,2026-01-12,46
FAC-003,MED-004,2026-01-12,41
FAC-003,MED-005,2026-01-12,26
FAC-003,MED-006,2026-01-12,50
FAC-003,MED-007,2026-01-12,37
FAC-003,MED-008,2026-01-12,52
FAC-004,MED-001,2026-01-12,171
FAC-004,MED-002,2026-01-12,196
FAC-004,MED-003,2026-01-12,32
FAC-004,MED-004,2026-01-12,170
FAC-004,MED-005,2026-01-12,140
FAC-004,MED-006,2026-01-12,93
FAC-004,MED-007,2026-01-12,111
FAC-004,MED-008,2026-01-12,119
FAC-005,MED-001,2026-01-12,482
FAC-005,MED-002,2026-01-12,1912
FAC-005,MED-003,2026-01-12,438
FAC-005,MED-004,2026-01-12,1455
FAC-005,MED-005,2026-01-12,432
FAC-005,MED-006,2026-01-12,237
FAC-005,MED-007,2026-01-12,757
FAC-005,MED-008,2026-01-12,624
FAC-006,MED-001,2026-01-12,1596
FAC-006,MED-002,2026-01-12,1491
FAC-006,MED-003,2026-01-12,333
FAC-006,MED-004,2026-01-12,1938
FAC-006,MED-005,2026-01-12,587
FAC-006,MED-006,2026-01-12,220
FAC-006,MED-007,2026-01-12,469
FAC-006,MED-008,2026-01-12,601
FAC-007,MED-001,2026-01-12,202
FAC-007,MED-002,2026-01-12,226
FAC-007,MED-003,2026-01-12,27
FAC-007,MED-004,2026-01-12,95
FAC-007,MED-005,2026-01-12,36
FAC-007,MED-006,2026-01-12,35
FAC-007,MED-007,2026-01-12,98
FAC-007,MED-008,2026-01-12,168
FAC-008,MED-001,2026-01-12,25
FAC-008,MED-002,2026-01-12,59
FAC-008,MED-003,2026-01-12,41
FAC-008,MED-004,2026-01-12,69
FAC-008,MED-005,2026-01-12,41
FAC-008,MED-006,2026-01-12,53
FAC-008,MED-007,2026-01-12,23
FAC-008,MED-008,2026-01-12,54
FAC-009,MED-001,2026-01-12,91
FAC-009,MED-002,2026-01-12,135
FAC-009,MED-003,2026-01-12,31
FAC-009,MED-004,2026-01-12,131
FAC-009,MED-005,2026-01-12,56
FAC-009,MED-006,2026-01-12,30
FAC-009,MED-007,2026-01-12,69
FAC-009,MED-008,2026-01-12,116
FAC-010,MED-001,2026-01-12,52
FAC-010,MED-002,2026-01-12,140
FAC-010,MED-003,2026-01-12,41
FAC-010,MED-004,2026-01-12,49
FAC-010,MED-005,2026-01-12,49
FAC-010,MED-006,2026-01-12,23
FAC-010,MED-007,2026-01-12,63
FAC-010,MED-008,2026-01-12,65
FAC-011,MED-001,2026-01-12,690
FAC-011,MED-002,2026-01-12,2196
FAC-011,MED-003,2026-01-12,387
FAC-011,MED-004,2026-01-12,395
FAC-011,MED-005,2026-01-12,691
FAC-011,MED-006,2026-01-12,179
FAC-011,MED-007,2026-01-12,427
FAC-011,MED-008,2026-01-12,928
FAC-012,MED-001,2026-01-12,268
FAC-012,MED-002,2026-01-12,238
FAC-012,MED-003,2026-01-12,53
FAC-012,MED-004,2026-01-12,202
FAC-012,MED-005,2026-01-12,51
FAC-012,MED-006,2026-01-12,28
FAC-012,MED-007,2026-01-12,156
FAC-012,MED-008,2026-01-12,182
FAC-013,MED-001,2026-01-12,29
FAC-013,MED-002,2026-01-12,45
FAC-013,MED-003,2026-01-12,45
FAC-013,MED-004,2026-01-12,47
FAC-013,MED-005,2026-01-12,28
FAC-013,MED-006,2026-01-12,43
FAC-013,MED-007,2026-01-12,42
FAC-013,MED-008,2026-01-12,32
FAC-014,MED-001,2026-01-12,157
FAC-014,MED-002,2026-01-12,207
FAC-014,MED-003,2026-01-12,33
FAC-014,MED-004,2026-01-12,78
FAC-014,MED-005,2026-01-12,102
FAC-014,MED-006,2026-01-12,28
FAC-014,MED-007,2026-01-12,107
FAC-014,MED-008,2026-01-12,93
FAC-015,MED-001,2026-01-12,78
FAC-015,MED-002,2026-01-12,82
FAC-015,MED-003,2026-01-12,37
FAC-015,MED-004,2026-01-12,86
FAC-015,MED-005,2026-01-12,32
FAC-015,MED-006,2026-01-12,45
FAC-015,MED-007,2026-01-12,80
FAC-015,MED-008,2026-01-12,72
FAC-016,MED-001,2026-01-12,1161
FAC-016,MED-002,2026-01-12,2238
FAC-016,MED-003,2026-01-12,552
FAC-016,MED-004,2026-01-12,1662
FAC-016,MED-005,2026-01-12,599
FAC-016,MED-006,2026-01-12,687
FAC-016,MED-007,2026-01-12,628
FAC-016,MED-008,2026-01-12,1993
FAC-017,MED-001,2026-01-12,181
FAC-017,MED-002,2026-01-12,278
FAC-017,MED-003,2026-01-12,26
FAC-017,MED-004,2026-01-12,169
FAC-017,MED-005,2026-01-12,80
FAC-017,MED-006,2026-01-12,46
FAC-017,MED-007,2026-01-12,133
FAC-017,MED-008,2026-01-12,110
FAC-018,MED-001,2026-01-12,49
FAC-018,MED-002,2026-01-12,44
FAC-018,MED-003,2026-01-12,21
FAC-018,MED-004,2026-01-12,75
FAC-018,MED-005,2026-01-12,35
FAC-018,MED-006,2026-01-12,37
FAC-018,MED-007,2026-01-12,32
FAC-018,MED-008,2026-01-12,31
FAC-019,MED-001,2026-01-12,72
FAC-019,MED-002,2026-01-12,295
FAC-019,MED-003,2026-01-12,22
FAC-019,MED-004,2026-01-12,109
FAC-019,MED-005,2026-01-12,75
FAC-019,MED-006,2026-01-12,44
FAC-019,MED-007,2026-01-12,81
FAC-019,MED-008,2026-01-12,149
FAC-020,MED-001,2026-01-12,155
FAC-020,MED-002,2026-01-12,150
FAC-020,MED-003,2026-01-12,30
FAC-020,MED-004,2026-01-12,133
FAC-020,MED-005,2026-01-12,85
FAC-020,MED-006,2026-01-12,35
FAC-020,MED-007,2026-01-12,82
FAC-020,MED-008,2026-01-12,145
FAC-001,MED-001,2026-01-13,1576
FAC-001,MED-002,2026-01-13,1581
FAC-001,MED-003,2026-01-13,372
FAC-001,MED-004,2026-01-13,1218
FAC-001,MED-005,2026-01-13,459
FAC-001,MED-006,2026-01-13,443
FAC-001,MED-007,2026-01-13,1076
FAC-001,MED-008,2026-01-13,1787
FAC-002,MED-001,2026-01-13,197
FAC-002,MED-002,2026-01-13,89
FAC-002,MED-003,2026-01-13,55
FAC-002,MED-004,2026-01-13,180
FAC-002,MED-005,2026-01-13,62
FAC-002,MED-006,2026-01-13,17
FAC-002,MED-007,2026-01-13,128
FAC-002,MED-008,2026-01-13,71
FAC-003,MED-001,2026-01-13,65
FAC-003,MED-002,2026-01-13,44
FAC-003,MED-003,2026-01-13,45
FAC-003,MED-004,2026-01-13,33
FAC-003,MED-005,2026-01-13,23
FAC-003,MED-006,2026-01-13,47
FAC-003,MED-007,2026-01-13,35
FAC-003,MED-008,2026-01-13,47
FAC-004,MED-001,2026-01-13,151
FAC-004,MED-002,2026-01-13,177
FAC-004,MED-003,2026-01-13,27
FAC-004,MED-004,2026-01-13,158
FAC-004,MED-005,2026-01-13,130
FAC-004,MED-006,2026-01-13,87
FAC-004,MED-007,2026-01-13,99
FAC-004,MED-008,2026-01-13,99
FAC-005,MED-001,2026-01-13,1634
FAC-005,MED-002,2026-01-13,1766
FAC-005,MED-003,2026-01-13,414
FAC-005,MED-004,2026-01-13,1360
FAC-005,MED-005,2026-01-13,380
FAC-005,MED-006,2026-01-13,193
FAC-005,MED-007,2026-01-13,695
FAC-005,MED-008,2026-01-13,519
FAC-006,MED-001,2026-01-13,1378
FAC-006,MED-002,2026-01-13,1346
FAC-006,MED-003,2026-01-13,297
FAC-006,MED-004,2026-01-13,1836
FAC-006,MED-005,2026-01-13,523
FAC-006,MED-006,2026-01-13,185
FAC-006,MED-007,2026-01-13,389
FAC-006,MED-008,2026-01-13,1829
FAC-007,MED-001,2026-01-13,188
FAC-007,MED-002,2026-01-13,213
FAC-007,MED-003,2026-01-13,24
FAC-007,MED-004,2026-01-13,81
FAC-007,MED-005,2026-01-13,100
FAC-007,MED-006,2026-01-13,34
FAC-007,MED-007,2026-01-13,94
FAC-007,MED-008,2026-01-13,162
FAC-008,MED-001,2026-01-13,22
FAC-008,MED-002,2026-01-13,52
FAC-008,MED-003,2026-01-13,41
FAC-008,MED-004,2026-01-13,63
FAC-008,MED-005,2026-01-13,38
FAC-008,MED-006,2026-01-13,49
FAC-008,MED-007,2026-01-13,66
FAC-008,MED-008,2026-01-13,47
FAC-009,MED-001,2026-01-13,83
FAC-009,MED-002,2026-01-13,125
FAC-009,MED-003,2026-01-13,30
FAC-009,MED-004,2026-01-13,119
FAC-009,MED-005,2026-01-13,47
FAC-009,MED-006,2026-01-13,26
FAC-009,MED-007,2026-01-13,64
FAC-009,MED-008,2026-01-13,102
FAC-010,MED-001,2026-01-13,40
FAC-010,MED-002,2026-01-13,135
FAC-010,MED-003,2026-01-13,36
FAC-010,MED-004,2026-01-13,128
FAC-010,MED-005,2026-01-13,46
FAC-010,MED-006,2026-01-13,16
FAC-010,MED-007,2026-01-13,59
FAC-010,MED-008,2026-01-13,56
FAC-011,MED-001,2026-01-13,2159
FAC-011,MED-002,2026-01-13,2075
FAC-011,MED-003,2026-01-13,356
FAC-011,MED-004,2026-01-13,1429
FAC-011,MED-005,2026-01-13,637
FAC-011,MED-006,2026-01-13,655
FAC-011,MED-007,2026-01-13,368
FAC-011,MED-008,2026-01-13,832
FAC-012,MED-001,2026-01-13,249
FAC-012,MED-002,2026-01-13,221
FAC-012,MED-003,2026-01-13,50
FAC-012,MED-004,2026-01-13,190
FAC-012,MED-005,2026-01-13,128
FAC-012,MED-006,2026-01-13,23
FAC-012,MED-007,2026-01-13,144
FAC-012,MED-008,2026-01-13,166
FAC-013,MED-001,2026-01-13,25
FAC-013,MED-002,2026-01-13,41
FAC-013,MED-003,2026-01-13,44
FAC-013,MED-004,2026-01-13,42
FAC-013,MED-005,2026-01-13,27
FAC-013,MED-006,2026-01-13,40
FAC-013,MED-007,2026-01-13,38
FAC-013,MED-008,2026-01-13,26
FAC-014,MED-001,2026-01-13,148
FAC-014,MED-002,2026-01-13,199
FAC-014,MED-003,2026-01-13,29
FAC-014,MED-004,2026-01-13,70
FAC-014,MED-005,2026-01-13,98
FAC-014,MED-006,2026-01-13,26
FAC-014,MED-007,2026-01-13,97
FAC-014,MED-008,2026-01-13,86
FAC-015,MED-001,2026-01-13,70
FAC-015,MED-002,2026-01-13,60
FAC-015,MED-003,2026-01-13,35
FAC-015,MED-004,2026-01-13,73
FAC-015,MED-005,2026-01-13,28
FAC-015,MED-006,2026-01-13,40
FAC-015,MED-007,2026-01-13,73
FAC-015,MED-008,2026-01-13,65
FAC-016,MED-001,2026-01-13,1036
FAC-016,MED-002,2026-01-13,2057
FAC-016,MED-003,2026-01-13,513
FAC-016,MED-004,2026-01-13,1556
FAC-016,MED-005,2026-01-13,526
FAC-016,MED-006,2026-01-13,642
FAC-016,MED-007,2026-01-13,539
FAC-016,MED-008,2026-01-13,1861
FAC-017,MED-001,2026-01-13,167
FAC-017,MED-002,2026-01-13,263
FAC-017,MED-003,2026-01-13,22
FAC-017,MED-004,2026-01-13,163
FAC-017,MED-005,2026-01-13,74
FAC-017,MED-006,2026-01-13,37
FAC-017,MED-007,2026-01-13,121
FAC-017,MED-008,2026-01-13,94
FAC-018,MED-001,2026-01-13,37
FAC-018,MED-002,2026-01-13,39
FAC-018,MED-003,2026-01-13,17
FAC-018,MED-004,2026-01-13,72
FAC-018,MED-005,2026-01-13,32
FAC-018,MED-006,2026-01-13,34
FAC-018,MED-007,2026-01-13,28
FAC-018,MED-008,2026-01-13,26
FAC-019,MED-001,2026-01-13,213
FAC-019,MED-002,2026-01-13,278
FAC-019,MED-003,2026-01-13,20
FAC-019,MED-004,2026-01-13,95
FAC-019,MED-005,2026-01-13,64
FAC-019,MED-006,2026-01-13,41
FAC-019,MED-007,2026-01-13,78
FAC-019,MED-008,2026-01-13,140
FAC-020,MED-001,2026-01-13,146
FAC-020,MED-002,2026-01-13,141
FAC-020,MED-003,2026-01-13,25
FAC-020,MED-004,2026-01-13,125
FAC-020,MED-005,2026-01-13,80
FAC-020,MED-006,2026-01-13,31
FAC-020,MED-007,2026-01-13,77
FAC-020,MED-008,2026-01-13,136
FAC-001,MED-001,2026-01-14,1435
FAC-001,MED-002,2026-01-14,1410
FAC-001,MED-003,2026-01-14,328
FAC-001,MED-004,2026-01-14,1099
FAC-001,MED-005,2026-01-14,1337
FAC-001,MED-006,2026-01-14,395
FAC-001,MED-007,2026-01-14,989
FAC-001,MED-008,2026-01-14,1662
FAC-002,MED-001,2026-01-14,186
FAC-002,MED-002,2026-01-14,299
FAC-002,MED-003,2026-01-14,51
FAC-002,MED-004,2026-01-14,170
FAC-002,MED-005,2026-01-14,50
FAC-002,MED-006,2026-01-14,65
FAC-002,MED-007,2026-01-14,120
FAC-002,MED-008,2026-01-14,64
FAC-003,MED-001,2026-01-14,60
FAC-003,MED-002,2026-01-14,37
FAC-003,MED-003,2026-01-14,41
FAC-003,MED-004,2026-01-14,31
FAC-003,MED-005,2026-01-14,20
FAC-003,MED-006,2026-01-14,41
FAC-003,MED-007,2026-01-14,30
FAC-003,MED-008,2026-01-14,45
FAC-004,MED-001,2026-01-14,134
FAC-004,MED-002,2026-01-14,155
FAC-004,MED-003,2026-01-14,25
FAC-004,MED-004,2026-01-14,148
FAC-004,MED-005,2026-01-14,126
FAC-004,MED-006,2026-01-14,82
FAC-004,MED-007,2026-01-14,88
FAC-004,MED-008,2026-01-14,84
FAC-005,MED-001,2026-01-14,1506
FAC-005,MED-002,2026-01-14,1647
FAC-005,MED-003,2026-01-14,384
FAC-005,MED-004,2026-01-14,1264
FAC-005,MED-005,2026-01-14,322
FAC-005,MED-006,2026-01-14,579
FAC-005,MED-007,2026-01-14,625
FAC-005,MED-008,2026-01-14,1730
FAC-006,MED-001,2026-01-14,1246
FAC-006,MED-002,2026-01-14,1180
FAC-006,MED-003,2026-01-14,266
FAC-006,MED-004,2026-01-14,1747
FAC-006,MED-005,2026-01-14,459
FAC-006,MED-006,2026-01-14,624
FAC-006,MED-007,2026-01-14,1252
FAC-006,MED-008,2026-01-14,1726
FAC-007,MED-001,2026-01-14,170
FAC-007,MED-002,2026-01-14,203
FAC-007,MED-003,2026-01-14,22
FAC-007,MED-004,2026-01-14,75
FAC-007,MED-005,2026-01-14,87
FAC-007,MED-006,2026-01-14,33
FAC-007,MED-007,2026-01-14,87
FAC-007,MED-008,2026-01-14,149
FAC-008,MED-001,2026-01-14,83
FAC-008,MED-002,2026-01-14,130
FAC-008,MED-003,2026-01-14,39
FAC-008,MED-004,2026-01-14,55
FAC-008,MED-005,2026-01-14,35
FAC-008,MED-006,2026-01-14,46
FAC-008,MED-007,2026-01-14,62
FAC-008,MED-008,2026-01-14,39
FAC-009,MED-001,2026-01-14,76
FAC-009,MED-002,2026-01-14,117
FAC-009,MED-003,2026-01-14,26
FAC-009,MED-004,2026-01-14,109
FAC-009,MED-005,2026-01-14,44
FAC-009,MED-006,2026-01-14,24
FAC-009,MED-007,2026-01-14,57
FAC-009,MED-008,2026-01-14,87
FAC-010,MED-001,2026-01-14,126
FAC-010,MED-002,2026-01-14,129
FAC-010,MED-003,2026-01-14,31
FAC-010,MED-004,2026-01-14,120
FAC-010,MED-005,2026-01-14,42
FAC-010,MED-006,2026-01-14,10
FAC-010,MED-007,2026-01-14,54
FAC-010,MED-008,2026-01-14,51
FAC-011,MED-001,2026-01-14,2028
FAC-011,MED-002,2026-01-14,1935
FAC-011,MED-003,2026-01-14,324
FAC-011,MED-004,2026-01-14,1335
FAC-011,MED-005,2026-01-14,580
FAC-011,MED-006,2026-01-14,619
FAC-011,MED-007,2026-01-14,287
FAC-011,MED-008,2026-01-14,713
FAC-012,MED-001,2026-01-14,242
FAC-012,MED-002,2026-01-14,198
FAC-012,MED-003,2026-01-14,49
FAC-012,MED-004,2026-01-14,176
FAC-012,MED-005,2026-01-14,123
FAC-012,MED-006,2026-01-14,76
FAC-012,MED-007,2026-01-14,134
FAC-012,MED-008,2026-01-14,151
FAC-013,MED-001,2026-01-14,81
FAC-013,MED-002,2026-01-14,99
FAC-013,MED-003,2026-01-14,41
FAC-013,MED-004,2026-01-14,38
FAC-013,MED-005,2026-01-14,21
FAC-013,MED-006,2026-01-14,36
FAC-013,MED-007,2026-01-14,35
FAC-013,MED-008,2026-01-14,24
FAC-014,MED-001,2026-01-14,138
FAC-014,MED-002,2026-01-14,181
FAC-014,MED-003,2026-01-14,23
FAC-014,MED-004,2026-01-14,55
FAC-014,MED-005,2026-01-14,94
FAC-014,MED-006,2026-01-14,20
FAC-014,MED-007,2026-01-14,92
FAC-014,MED-008,2026-01-14,73
FAC-015,MED-001,2026-01-14,57
FAC-015,MED-002,2026-01-14,181
FAC-015,MED-003,2026-01-14,33
FAC-015,MED-004,2026-01-14,63
FAC-015,MED-005,2026-01-14,76
FAC-015,MED-006,2026-01-14,37
FAC-015,MED-007,2026-01-14,64
FAC-015,MED-008,2026-01-14,59
FAC-016,MED-001,2026-01-14,887
FAC-016,MED-002,2026-01-14,1914
FAC-016,MED-003,2026-01-14,482
FAC-016,MED-004,2026-01-14,1431
FAC-016,MED-005,2026-01-14,1228
FAC-016,MED-006,2026-01-14,603
FAC-016,MED-007,2026-01-14,458
FAC-016,MED-008,2026-01-14,1744
FAC-017,MED-001,2026-01-14,154
FAC-017,MED-002,2026-01-14,245
FAC-017,MED-003,2026-01-14,58
FAC-017,MED-004,2026-01-14,151
FAC-017,MED-005,2026-01-14,70
FAC-017,MED-006,2026-01-14,26
FAC-017,MED-007,2026-01-14,111
FAC-017,MED-008,2026-01-14,85
FAC-018,MED-001,2026-01-14,35
FAC-018,MED-002,2026-01-14,117
FAC-018,MED-003,2026-01-14,12
FAC-018,MED-004,2026-01-14,69
FAC-018,MED-005,2026-01-14,30
FAC-018,MED-006,2026-01-14,30
FAC-018,MED-007,2026-01-14,26
FAC-018,MED-008,2026-01-14,20
FAC-019,MED-001,2026-01-14,200
FAC-019,MED-002,2026-01-14,265
FAC-019,MED-003,2026-01-14,17
FAC-019,MED-004,2026-01-14,86
FAC-019,MED-005,2026-01-14,55
FAC-019,MED-006,2026-01-14,37
FAC-019,MED-007,2026-01-14,68
FAC-019,MED-008,2026-01-14,129
FAC-020,MED-001,2026-01-14,135
FAC-020,MED-002,2026-01-14,126
FAC-020,MED-003,2026-01-14,21
FAC-020,MED-004,2026-01-14,118
FAC-020,MED-005,2026-01-14,75
FAC-020,MED-006,2026-01-14,26
FAC-020,MED-007,2026-01-14,70
FAC-020,MED-008,2026-01-14,120
FAC-001,MED-001,2026-01-15,1298
FAC-001,MED-002,2026-01-15,1234
FAC-001,MED-003,2026-01-15,286
FAC-001,MED-004,2026-01-15,1000
FAC-001,MED-005,2026-01-15,1259
FAC-001,MED-006,2026-01-15,338
FAC-001,MED-007,2026-01-15,913
FAC-001,MED-008,2026-01-15,1543
FAC-002,MED-001,2026-01-15,177
FAC-002,MED-002,2026-01-15,280
FAC-002,MED-003,2026-01-15,49
FAC-002,MED-004,2026-01-15,163
FAC-002,MED-005,2026-01-15,41
FAC-002,MED-006,2026-01-15,62
FAC-002,MED-007,2026-01-15,111
FAC-002,MED-008,2026-01-15,189
FAC-003,MED-001,2026-01-15,53
FAC-003,MED-002,2026-01-15,30
FAC-003,MED-003,2026-01-15,37
FAC-003,MED-004,2026-01-15,26
FAC-003,MED-005,2026-01-15,18
FAC-003,MED-006,2026-01-15,39
FAC-003,MED-007,2026-01-15,26
FAC-003,MED-008,2026-01-15,40
FAC-004,MED-001,2026-01-15,117
FAC-004,MED-002,2026-01-15,137
FAC-004,MED-003,2026-01-15,22
FAC-004,MED-004,2026-01-15,138
FAC-004,MED-005,2026-01-15,117
FAC-004,MED-006,2026-01-15,77
FAC-004,MED-007,2026-01-15,78
FAC-004,MED-008,2026-01-15,235
FAC-005,MED-001,2026-01-15,1398
FAC-005,MED-002,2026-01-15,1481
FAC-005,MED-003,2026-01-15,358
FAC-005,MED-004,2026-01-15,1164
FAC-005,MED-005,2026-01-15,988
FAC-005,MED-006,2026-01-15,549
FAC-005,MED-007,2026-01-15,560
FAC-005,MED-008,2026-01-15,1609
FAC-006,MED-001,2026-01-15,1114
FAC-006,MED-002,2026-01-15,1024
FAC-006,MED-003,2026-01-15,234
FAC-006,MED-004,2026-01-15,1638
FAC-006,MED-005,2026-01-15,397
FAC-006,MED-006,2026-01-15,574
FAC-006,MED-007,2026-01-15,1191
FAC-006,MED-008,2026-01-15,1606
FAC-007,MED-001,2026-01-15,155
FAC-007,MED-002,2026-01-15,191
FAC-007,MED-003,2026-01-15,20
FAC-007,MED-004,2026-01-15,64
FAC-007,MED-005,2026-01-15,79
FAC-007,MED-006,2026-01-15,75
FAC-007,MED-007,2026-01-15,80
FAC-007,MED-008,2026-01-15,139
FAC-008,MED-001,2026-01-15,76
FAC-008,MED-002,2026-01-15,122
FAC-008,MED-003,2026-01-15,37
FAC-008,MED-004,2026-01-15,50
FAC-008,MED-005,2026-01-15,32
FAC-008,MED-006,2026-01-15,42
FAC-008,MED-007,2026-01-15,58
FAC-008,MED-008,2026-01-15,32
FAC-009,MED-001,2026-01-15,182
FAC-009,MED-002,2026-01-15,108
FAC-009,MED-003,2026-01-15,23
FAC-009,MED-004,2026-01-15,99
FAC-009,MED-005,2026-01-15,39
FAC-009,MED-006,2026-01-15,21
FAC-009,MED-007,2026-01-15,48
FAC-009,MED-008,2026-01-15,82
FAC-010,MED-001,2026-01-15,114
FAC-010,MED-002,2026-01-15,117
FAC-010,MED-003,2026-01-15,26
FAC-010,MED-004,2026-01-15,112
FAC-010,MED-005,2026-01-15,41
FAC-010,MED-006,2026-01-15,41
FAC-010,MED-007,2026-01-15,49
FAC-010,MED-008,2026-01-15,46
FAC-011,MED-001,2026-01-15,1898
FAC-011,MED-002,2026-01-15,1775
FAC-011,MED-003,2026-01-15,297
FAC-011,MED-004,2026-01-15,1231
FAC-011,MED-005,2026-01-15,524
FAC-011,MED-006,2026-01-15,578
FAC-011,MED-007,2026-01-15,1084
FAC-011,MED-008,2026-01-15,1925
FAC-012,MED-001,2026-01-15,222
FAC-012,MED-002,2026-01-15,185
FAC-012,MED-003,2026-01-15,46
FAC-012,MED-004,2026-01-15,159
FAC-012,MED-005,2026-01-15,114
FAC-012,MED-006,2026-01-15,69
FAC-012,MED-007,2026-01-15,121
FAC-012,MED-008,2026-01-15,125
FAC-013,MED-001,2026-01-15,74
FAC-013,MED-002,2026-01-15,96
FAC-013,MED-003,2026-01-15,37
FAC-013,MED-004,2026-01-15,33
FAC-013,MED-005,2026-01-15,19
FAC-013,MED-006,2026-01-15,33
FAC-013,MED-007,2026-01-15,32
FAC-013,MED-008,2026-01-15,70
FAC-014,MED-001,2026-01-15,124
FAC-014,MED-002,2026-01-15,166
FAC-014,MED-003,2026-01-15,21
FAC-014,MED-004,2026-01-15,44
FAC-014,MED-005,2026-01-15,87
FAC-014,MED-006,2026-01-15,15
FAC-014,MED-007,2026-01-15,85
FAC-014,MED-008,2026-01-15,69
FAC-015,MED-001,2026-01-15,163
FAC-015,MED-002,2026-01-15,169
FAC-015,MED-003,2026-01-15,29
FAC-015,MED-004,2026-01-15,56
FAC-015,MED-005,2026-01-15,70
FAC-015,MED-006,2026-01-15,35
FAC-015,MED-007,2026-01-15,62
FAC-015,MED-008,2026-01-15,147
FAC-016,MED-001,2026-01-15,2387
FAC-016,MED-002,2026-01-15,1742
FAC-016,MED-003,2026-01-15,446
FAC-016,MED-004,2026-01-15,1316
FAC-016,MED-005,2026-01-15,1170
FAC-016,MED-006,2026-01-15,554
FAC-016,MED-007,2026-01-15,1336
FAC-016,MED-008,2026-01-15,1617
FAC-017,MED-001,2026-01-15,140
FAC-017,MED-002,2026-01-15,225
FAC-017,MED-003,2026-01-15,55
FAC-017,MED-004,2026-01-15,141
FAC-017,MED-005,2026-01-15,62
FAC-017,MED-006,2026-01-15,24
FAC-017,MED-007,2026-01-15,98
FAC-017,MED-008,2026-01-15,232
FAC-018,MED-001,2026-01-15,33
FAC-018,MED-002,2026-01-15,113
FAC-018,MED-003,2026-01-15,42
FAC-018,MED-004,2026-01-15,65
FAC-018,MED-005,2026-01-15,29
FAC-018,MED-006,2026-01-15,27
FAC-018,MED-007,2026-01-15,24
FAC-018,MED-008,2026-01-15,14
FAC-019,MED-001,2026-01-15,185
FAC-019,MED-002,2026-01-15,244
FAC-019,MED-003,2026-01-15,15
FAC-019,MED-004,2026-01-15,74
FAC-019,MED-005,2026-01-15,50
FAC-019,MED-006,2026-01-15,31
FAC-019,MED-007,2026-01-15,59
FAC-019,MED-008,2026-01-15,117
FAC-020,MED-001,2026-01-15,126
FAC-020,MED-002,2026-01-15,116
FAC-020,MED-003,2026-01-15,19
FAC-020,MED-004,2026-01-15,106
FAC-020,MED-005,2026-01-15,72
FAC-020,MED-006,2026-01-15,23
FAC-020,MED-007,2026-01-15,65
FAC-020,MED-008,2026-01-15,113
FAC-001,MED-001,2026-01-16,1155
FAC-001,MED-002,2026-01-16,1046
FAC-001,MED-003,2026-01-16,250
FAC-001,MED-004,2026-01-16,877
FAC-001,MED-005,2026-01-16,1187
FAC-001,MED-006,2026-01-16,290
FAC-001,MED-007,2026-01-16,839
FAC-001,MED-008,2026-01-16,1426
FAC-002,MED-001,2026-01-16,162
FAC-002,MED-002,2026-01-16,265
FAC-002,MED-003,2026-01-16,43
FAC-002,MED-004,2026-01-16,150
FAC-002,MED-005,2026-01-16,117
FAC-002,MED-006,2026-01-16,59
FAC-002,MED-007,2026-01-16,101
FAC-002,MED-008,2026-01-16,175
FAC-003,MED-001,2026-01-16,49
FAC-003,MED-002,2026-01-16,97
FAC-003,MED-003,2026-01-16,36
FAC-003,MED-004,2026-01-16,25
FAC-003,MED-005,2026-01-16,50
FAC-003,MED-006,2026-01-16,35
FAC-003,MED-007,2026-01-16,25
FAC-003,MED-008,2026-01-16,37
FAC-004,MED-001,2026-01-16,108
FAC-004,MED-002,2026-01-16,119
FAC-004,MED-003,2026-01-16,18
FAC-004,MED-004,2026-01-16,122
FAC-004,MED-005,2026-01-16,110
FAC-004,MED-006,2026-01-16,70
FAC-004,MED-007,2026-01-16,73
FAC-004,MED-008,2026-01-16,221
FAC-005,MED-001,2026-01-16,1289
FAC-005,MED-002,2026-01-16,1360
FAC-005,MED-003,2026-01-16,332
FAC-005,MED-004,2026-01-16,1055
FAC-005,MED-005,2026-01-16,937
FAC-005,MED-006,2026-01-16,519
FAC-005,MED-007,2026-01-16,498
FAC-005,MED-008,2026-01-16,1511
FAC-006,MED-001,2026-01-16,1007
FAC-006,MED-002,2026-01-16,872
FAC-006,MED-003,2026-01-16,205
FAC-006,MED-004,2026-01-16,1543
FAC-006,MED-005,2026-01-16,329
FAC-006,MED-006,2026-01-16,534
FAC-006,MED-007,2026-01-16,1101
FAC-006,MED-008,2026-01-16,1491
FAC-007,MED-001,2026-01-16,142
FAC-007,MED-002,2026-01-16,176
FAC-007,MED-003,2026-01-16,54
FAC-007,MED-004,2026-01-16,55
FAC-007,MED-005,2026-01-16,74
FAC-007,MED-006,2026-01-16,71
FAC-007,MED-007,2026-01-16,72
FAC-007,MED-008,2026-01-16,125
FAC-008,MED-001,2026-01-16,70
FAC-008,MED-002,2026-01-16,116
FAC-008,MED-003,2026-01-16,37
FAC-008,MED-004,2026-01-16,44
FAC-008,MED-005,2026-01-16,29
FAC-008,MED-006,2026-01-16,41
FAC-008,MED-007,2026-01-16,53
FAC-008,MED-008,2026-01-16,95
FAC-009,MED-001,2026-01-16,174
FAC-009,MED-002,2026-01-16,93
FAC-009,MED-003,2026-01-16,17
FAC-009,MED-004,2026-01-16,91
FAC-009,MED-005,2026-01-16,93
FAC-009,MED-006,2026-01-16,17
FAC-009,MED-007,2026-01-16,42
FAC-009,MED-008,2026-01-16,74
FAC-010,MED-001,2026-01-16,108
FAC-010,MED-002,2026-01-16,106
FAC-010,MED-003,2026-01-16,18
FAC-010,MED-004,2026-01-16,103
FAC-010,MED-005,2026-01-16,37
FAC-010,MED-006,2026-01-16,39
FAC-010,MED-007,2026-01-16,43
FAC-010,MED-008,2026-01-16,132
FAC-011,MED-001,2026-01-16,1782
FAC-011,MED-002,2026-01-16,1628
FAC-011,MED-003,2026-01-16,263
FAC-011,MED-004,2026-01-16,1138
FAC-011,MED-005,2026-01-16,462
FAC-011,MED-006,2026-01-16,534
FAC-011,MED-007,2026-01-16,1020
FAC-011,MED-008,2026-01-16,1833
FAC-012,MED-001,2026-01-16,205
FAC-012,MED-002,2026-01-16,167
FAC-012,MED-003,2026-01-16,37
FAC-012,MED-004,2026-01-16,140
FAC-012,MED-005,2026-01-16,102
FAC-012,MED-006,2026-01-16,64
FAC-012,MED-007,2026-01-16,108
FAC-012,MED-008,2026-01-16,114
FAC-013,MED-001,2026-01-16,69
FAC-013,MED-002,2026-01-16,92
FAC-013,MED-003,2026-01-16,35
FAC-013,MED-004,2026-01-16,29
FAC-013,MED-005,2026-01-16,12
FAC-013,MED-006,2026-01-16,32
FAC-013,MED-007,2026-01-16,29
FAC-013,MED-008,2026-01-16,67
FAC-014,MED-001,2026-01-16,118
FAC-014,MED-002,2026-01-16,149
FAC-014,MED-003,2026-01-16,20
FAC-014,MED-004,2026-01-16,140
FAC-014,MED-005,2026-01-16,82
FAC-014,MED-006,2026-01-16,14
FAC-014,MED-007,2026-01-16,74
FAC-014,MED-008,2026-01-16,58
FAC-015,MED-001,2026-01-16,155
FAC-015,MED-002,2026-01-16,152
FAC-015,MED-003,2026-01-16,28
FAC-015,MED-004,2026-01-16,48
FAC-015,MED-005,2026-01-16,64
FAC-015,MED-006,2026-01-16,33
FAC-015,MED-007,2026-01-16,56
FAC-015,MED-008,2026-01-16,139
FAC-016,MED-001,2026-01-16,2253
FAC-016,MED-002,2026-01-16,1543
FAC-016,MED-003,2026-01-16,415
FAC-016,MED-004,2026-01-16,1203
FAC-016,MED-005,2026-01-16,1102
FAC-016,MED-006,2026-01-16,509
FAC-016,MED-007,2026-01-16,1248
FAC-016,MED-008,2026-01-16,1500
FAC-017,MED-001,2026-01-16,120
FAC-017,MED-002,2026-01-16,210
FAC-017,MED-003,2026-01-16,48
FAC-017,MED-004,2026-01-16,129
FAC-017,MED-005,2026-01-16,54
FAC-017,MED-006,2026-01-16,73
FAC-017,MED-007,2026-01-16,92
FAC-017,MED-008,2026-01-16,220
FAC-018,MED-001,2026-01-16,26
FAC-018,MED-002,2026-01-16,109
FAC-018,MED-003,2026-01-16,40
FAC-018,MED-004,2026-01-16,63
FAC-018,MED-005,2026-01-16,26
FAC-018,MED-006,2026-01-16,24
FAC-018,MED-007,2026-01-16,23
FAC-018,MED-008,2026-01-16,72
FAC-019,MED-001,2026-01-16,175
FAC-019,MED-002,2026-01-16,230
FAC-019,MED-003,2026-01-16,11
FAC-019,MED-004,2026-01-16,69
FAC-019,MED-005,2026-01-16,48
FAC-019,MED-006,2026-01-16,27
FAC-019,MED-007,2026-01-16,52
FAC-019,MED-008,2026-01-16,103
FAC-020,MED-001,2026-01-16,117
FAC-020,MED-002,2026-01-16,105
FAC-020,MED-003,2026-01-16,16
FAC-020,MED-004,2026-01-16,97
FAC-020,MED-005,2026-01-16,63
FAC-020,MED-006,2026-01-16,20
FAC-020,MED-007,2026-01-16,58
FAC-020,MED-008,2026-01-16,103
FAC-001,MED-001,2026-01-17,1013
FAC-001,MED-002,2026-01-17,859
FAC-001,MED-003,2026-01-17,224
FAC-001,MED-004,2026-01-17,756
FAC-001,MED-005,2026-01-17,1108
FAC-001,MED-006,2026-01-17,244
FAC-001,MED-007,2026-01-17,768
FAC-001,MED-008,2026-01-17,1289
FAC-002,MED-001,2026-01-17,152
FAC-002,MED-002,2026-01-17,254
FAC-002,MED-003,2026-01-17,36
FAC-002,MED-004,2026-01-17,140
FAC-002,MED-005,2026-01-17,112
FAC-002,MED-006,2026-01-17,57
FAC-002,MED-007,2026-01-17,98
FAC-002,MED-008,2026-01-17,163
FAC-003,MED-001,2026-01-17,43
FAC-003,MED-002,2026-01-17,88
FAC-003,MED-003,2026-01-17,34
FAC-003,MED-004,2026-01-17,72
FAC-003,MED-005,2026-01-17,48
FAC-003,MED-006,2026-01-17,33
FAC-003,MED-007,2026-01-17,24
FAC-003,MED-008,2026-01-17,33
FAC-004,MED-001,2026-01-17,310
FAC-004,MED-002,2026-01-17,326
FAC-004,MED-003,2026-01-17,60
FAC-004,MED-004,2026-01-17,114
FAC-004,MED-005,2026-01-17,108
FAC-004,MED-006,2026-01-17,69
FAC-004,MED-007,2026-01-17,68
FAC-004,MED-008,2026-01-17,207
FAC-005,MED-001,2026-01-17,1162
FAC-005,MED-002,2026-01-17,1229
FAC-005,MED-003,2026-01-17,307
FAC-005,MED-004,2026-01-17,975
FAC-005,MED-005,2026-01-17,900
FAC-005,MED-006,2026-01-17,487
FAC-005,MED-007,2026-01-17,429
FAC-005,MED-008,2026-01-17,1407
FAC-006,MED-001,2026-01-17,880
FAC-006,MED-002,2026-01-17,708
FAC-006,MED-003,2026-01-17,550
FAC-006,MED-004,2026-01-17,1446
FAC-006,MED-005,2026-01-17,983
FAC-006,MED-006,2026-01-17,492
FAC-006,MED-007,2026-01-17,1024
FAC-006,MED-008,2026-01-17,1382
FAC-007,MED-001,2026-01-17,131
FAC-007,MED-002,2026-01-17,168
FAC-007,MED-003,2026-01-17,53
FAC-007,MED-004,2026-01-17,50
FAC-007,MED-005,2026-01-17,66
FAC-007,MED-006,2026-01-17,69
FAC-007,MED-007,2026-01-17,66
FAC-007,MED-008,2026-01-17,118
FAC-008,MED-001,2026-01-17,64
FAC-008,MED-002,2026-01-17,109
FAC-008,MED-003,2026-01-17,37
FAC-008,MED-004,2026-01-17,42
FAC-008,MED-005,2026-01-17,29
FAC-008,MED-006,2026-01-17,38
FAC-008,MED-007,2026-01-17,53
FAC-008,MED-008,2026-01-17,93
FAC-009,MED-001,2026-01-17,168
FAC-009,MED-002,2026-01-17,85
FAC-009,MED-003,2026-01-17,15
FAC-009,MED-004,2026-01-17,86
FAC-009,MED-005,2026-01-17,88
FAC-009,MED-006,2026-01-17,50
FAC-009,MED-007,2026-01-17,40
FAC-009,MED-008,2026-01-17,68
FAC-010,MED-001,2026-01-17,105
FAC-010,MED-002,2026-01-17,94
FAC-010,MED-003,2026-01-17,52
FAC-010,MED-004,2026-01-17,99
FAC-010,MED-005,2026-01-17,35
FAC-010,MED-006,2026-01-17,37
FAC-010,MED-007,2026-01-17,38
FAC-010,MED-008,2026-01-17,129
FAC-011,MED-001,2026-01-17,1658
FAC-011,MED-002,2026-01-17,1496
FAC-011,MED-003,2026-01-17,229
FAC-011,MED-004,2026-01-17,1041
FAC-011,MED-005,2026-01-17,417
FAC-011,MED-006,2026-01-17,497
FAC-011,MED-007,2026-01-17,962
FAC-011,MED-008,2026-01-17,1708
FAC-012,MED-001,2026-01-17,193
FAC-012,MED-002,2026-01-17,156
FAC-012,MED-003,2026-01-17,34
FAC-012,MED-004,2026-01-17,130
FAC-012,MED-005,2026-01-17,95
FAC-012,MED-006,2026-01-17,59
FAC-012,MED-007,2026-01-17,106
FAC-012,MED-008,2026-01-17,96
FAC-013,MED-001,2026-01-17,63
FAC-013,MED-002,2026-01-17,87
FAC-013,MED-003,2026-01-17,33
FAC-013,MED-004,2026-01-17,27
FAC-013,MED-005,2026-01-17,48
FAC-013,MED-006,2026-01-17,28
FAC-013,MED-007,2026-01-17,26
FAC-013,MED-008,2026-01-17,62
FAC-014,MED-001,2026-01-17,113
FAC-014,MED-002,2026-01-17,140
FAC-014,MED-003,2026-01-17,17
FAC-014,MED-004,2026-01-17,138
FAC-014,MED-005,2026-01-17,82
FAC-014,MED-006,2026-01-17,57
FAC-014,MED-007,2026-01-17,70
FAC-014,MED-008,2026-01-17,52
FAC-015,MED-001,2026-01-17,149
FAC-015,MED-002,2026-01-17,141
FAC-015,MED-003,2026-01-17,26
FAC-015,MED-004,2026-01-17,42
FAC-015,MED-005,2026-01-17,61
FAC-015,MED-006,2026-01-17,30
FAC-015,MED-007,2026-01-17,50
FAC-015,MED-008,2026-01-17,137
FAC-016,MED-001,2026-01-17,2135
FAC-016,MED-002,2026-01-17,1380
FAC-016,MED-003,2026-01-17,385
FAC-016,MED-004,2026-01-17,1104
FAC-016,MED-005,2026-01-17,1035
FAC-016,MED-006,2026-01-17,468
FAC-016,MED-007,2026-01-17,1168
FAC-016,MED-008,2026-01-17,1372
FAC-017,MED-001,2026-01-17,112
FAC-017,MED-002,2026-01-17,202
FAC-017,MED-003,2026-01-17,45
FAC-017,MED-004,2026-01-17,121
FAC-017,MED-005,2026-01-17,44
FAC-017,MED-006,2026-01-17,69
FAC-017,MED-007,2026-01-17,89
FAC-017,MED-008,2026-01-17,211
FAC-018,MED-001,2026-01-17,23
FAC-018,MED-002,2026-01-17,105
FAC-018,MED-003,2026-01-17,36
FAC-018,MED-004,2026-01-17,61
FAC-018,MED-005,2026-01-17,19
FAC-018,MED-006,2026-01-17,23
FAC-018,MED-007,2026-01-17,54
FAC-018,MED-008,2026-01-17,68
FAC-019,MED-001,2026-01-17,166
FAC-019,MED-002,2026-01-17,223
FAC-019,MED-003,2026-01-17,49
FAC-019,MED-004,2026-01-17,62
FAC-019,MED-005,2026-01-17,42
FAC-019,MED-006,2026-01-17,23
FAC-019,MED-007,2026-01-17,44
FAC-019,MED-008,2026-01-17,97
FAC-020,MED-001,2026-01-17,109
FAC-020,MED-002,2026-01-17,266
FAC-020,MED-003,2026-01-17,14
FAC-020,MED-004,2026-01-17,94
FAC-020,MED-005,2026-01-17,58
FAC-020,MED-006,2026-01-17,15
FAC-020,MED-007,2026-01-17,54
FAC-020,MED-008,2026-01-17,96
FAC-001,MED-001,2026-01-18,890
FAC-001,MED-002,2026-01-18,2852
FAC-001,MED-003,2026-01-18,188
FAC-001,MED-004,2026-01-18,2136
FAC-001,MED-005,2026-01-18,1042
FAC-001,MED-006,2026-01-18,210
FAC-001,MED-007,2026-01-18,671
FAC-001,MED-008,2026-01-18,1171
FAC-002,MED-001,2026-01-18,141
FAC-002,MED-002,2026-01-18,243
FAC-002,MED-003,2026-01-18,32
FAC-002,MED-004,2026-01-18,127
FAC-002,MED-005,2026-01-18,108
FAC-002,MED-006,2026-01-18,54
FAC-002,MED-007,2026-01-18,91
FAC-002,MED-008,2026-01-18,151
FAC-003,MED-001,2026-01-18,38
FAC-003,MED-002,2026-01-18,84
FAC-003,MED-003,2026-01-18,32
FAC-003,MED-004,2026-01-18,69
FAC-003,MED-005,2026-01-18,46
FAC-003,MED-006,2026-01-18,26
FAC-003,MED-007,2026-01-18,21
FAC-003,MED-008,2026-01-18,30
FAC-004,MED-001,2026-01-18,296
FAC-004,MED-002,2026-01-18,313
FAC-004,MED-003,2026-01-18,57
FAC-004,MED-004,2026-01-18,102
FAC-004,MED-005,2026-01-18,106
FAC-004,MED-006,2026-01-18,67
FAC-004,MED-007,2026-01-18,170
FAC-004,MED-008,2026-01-18,201
FAC-005,MED-001,2026-01-18,1064
FAC-005,MED-002,2026-01-18,1074
FAC-005,MED-003,2026-01-18,288
FAC-005,MED-004,2026-01-18,893
FAC-005,MED-005,2026-01-18,833
FAC-005,MED-006,2026-01-18,455
FAC-005,MED-007,2026-01-18,371
FAC-005,MED-008,2026-01-18,1312
FAC-006,MED-001,2026-01-18,2379
FAC-006,MED-002,2026-01-18,2320
FAC-006,MED-003,2026-01-18,526
FAC-006,MED-004,2026-01-18,1352
FAC-006,MED-005,2026-01-18,933
FAC-006,MED-006,2026-01-18,459
FAC-006,MED-007,2026-01-18,953
FAC-006,MED-008,2026-01-18,1268
FAC-007,MED-001,2026-01-18,123
FAC-007,MED-002,2026-01-18,158
FAC-007,MED-003,2026-01-18,51
FAC-007,MED-004,2026-01-18,37
FAC-007,MED-005,2026-01-18,66
FAC-007,MED-006,2026-01-18,65
FAC-007,MED-007,2026-01-18,64
FAC-007,MED-008,2026-01-18,113
FAC-008,MED-001,2026-01-18,55
FAC-008,MED-002,2026-01-18,100
FAC-008,MED-003,2026-01-18,35
FAC-008,MED-004,2026-01-18,40
FAC-008,MED-005,2026-01-18,26
FAC-008,MED-006,2026-01-18,33
FAC-008,MED-007,2026-01-18,52
FAC-008,MED-008,2026-01-18,90
FAC-009,MED-001,2026-01-18,165
FAC-009,MED-002,2026-01-18,79
FAC-009,MED-003,2026-01-18,47
FAC-009,MED-004,2026-01-18,73
FAC-009,MED-005,2026-01-18,86
FAC-009,MED-006,2026-01-18,45
FAC-009,MED-007,2026-01-18,35
FAC-009,MED-008,2026-01-18,63
FAC-010,MED-001,2026-01-18,100
FAC-010,MED-002,2026-01-18,89
FAC-010,MED-003,2026-01-18,50
FAC-010,MED-004,2026-01-18,94
FAC-010,MED-005,2026-01-18,32
FAC-010,MED-006,2026-01-18,34
FAC-010,MED-007,2026-01-18,37
FAC-010,MED-008,2026-01-18,124
FAC-011,MED-001,2026-01-18,1553
FAC-011,MED-002,2026-01-18,1345
FAC-011,MED-003,2026-01-18,205
FAC-011,MED-004,2026-01-18,932
FAC-011,MED-005,2026-01-18,370
FAC-011,MED-006,2026-01-18,462
FAC-011,MED-007,2026-01-18,882
FAC-011,MED-008,2026-01-18,1615
FAC-012,MED-001,2026-01-18,185
FAC-012,MED-002,2026-01-18,143
FAC-012,MED-003,2026-01-18,33
FAC-012,MED-004,2026-01-18,120
FAC-012,MED-005,2026-01-18,88
FAC-012,MED-006,2026-01-18,55
FAC-012,MED-007,2026-01-18,99
FAC-012,MED-008,2026-01-18,89
FAC-013,MED-001,2026-01-18,57
FAC-013,MED-002,2026-01-18,81
FAC-013,MED-003,2026-01-18,26
FAC-013,MED-004,2026-01-18,22
FAC-013,MED-005,2026-01-18,47
FAC-013,MED-006,2026-01-18,24
FAC-013,MED-007,2026-01-18,25
FAC-013,MED-008,2026-01-18,56
FAC-014,MED-001,2026-01-18,108
FAC-014,MED-002,2026-01-18,131
FAC-014,MED-003,2026-01-18,46
FAC-014,MED-004,2026-01-18,135
FAC-014,MED-005,2026-01-18,79
FAC-014,MED-006,2026-01-18,53
FAC-014,MED-007,2026-01-18,68
FAC-014,MED-008,2026-01-18,168
FAC-015,MED-001,2026-01-18,148
FAC-015,MED-002,2026-01-18,135
FAC-015,MED-003,2026-01-18,26
FAC-015,MED-004,2026-01-18,37
FAC-015,MED-005,2026-01-18,58
FAC-015,MED-006,2026-01-18,30
FAC-015,MED-007,2026-01-18,44
FAC-015,MED-008,2026-01-18,131
FAC-016,MED-001,2026-01-18,2002
FAC-016,MED-002,2026-01-18,1212
FAC-016,MED-003,2026-01-18,349
FAC-016,MED-004,2026-01-18,988
FAC-016,MED-005,2026-01-18,971
FAC-016,MED-006,2026-01-18,420
FAC-016,MED-007,2026-01-18,1097
FAC-016,MED-008,2026-01-18,1245
FAC-017,MED-001,2026-01-18,101
FAC-017,MED-002,2026-01-18,188
FAC-017,MED-003,2026-01-18,42
FAC-017,MED-004,2026-01-18,115
FAC-017,MED-005,2026-01-18,40
FAC-017,MED-006,2026-01-18,68
FAC-017,MED-007,2026-01-18,85
FAC-017,MED-008,2026-01-18,204
FAC-018,MED-001,2026-01-18,20
FAC-018,MED-002,2026-01-18,99
FAC-018,MED-003,2026-01-18,34
FAC-018,MED-004,2026-01-18,53
FAC-018,MED-005,2026-01-18,16
FAC-018,MED-006,2026-01-18,20
FAC-018,MED-007,2026-01-18,51
FAC-018,MED-008,2026-01-18,63
FAC-019,MED-001,2026-01-18,159
FAC-019,MED-002,2026-01-18,214
FAC-019,MED-003,2026-01-18,44
FAC-019,MED-004,2026-01-18,188
FAC-019,MED-005,2026-01-18,106
FAC-019,MED-006,2026-01-18,70
FAC-019,MED-007,2026-01-18,124
FAC-019,MED-008,2026-01-18,91
FAC-020,MED-001,2026-01-18,99
FAC-020,MED-002,2026-01-18,261
FAC-020,MED-003,2026-01-18,44
FAC-020,MED-004,2026-01-18,88
FAC-020,MED-005,2026-01-18,55
FAC-020,MED-006,2026-01-18,57
FAC-020,MED-007,2026-01-18,50
FAC-020,MED-008,2026-01-18,90
FAC-001,MED-001,2026-01-19,2483
FAC-001,MED-002,2026-01-19,2680
FAC-001,MED-003,2026-01-19,142
FAC-001,MED-004,2026-01-19,2011
FAC-001,MED-005,2026-01-19,962
FAC-001,MED-006,2026-01-19,776
FAC-001,MED-007,2026-01-19,588
FAC-001,MED-008,2026-01-19,1056
FAC-002,MED-001,2026-01-19,130
FAC-002,MED-002,2026-01-19,225
FAC-002,MED-003,2026-01-19,28
FAC-002,MED-004,2026-01-19,122
FAC-002,MED-005,2026-01-19,96
FAC-002,MED-006,2026-01-19,49
FAC-002,MED-007,2026-01-19,85
FAC-002,MED-008,2026-01-19,132
FAC-003,MED-001,2026-01-19,29
FAC-003,MED-002,2026-01-19,77
FAC-003,MED-003,2026-01-19,30
FAC-003,MED-004,2026-01-19,66
FAC-003,MED-005,2026-01-19,40
FAC-003,MED-006,2026-01-19,22
FAC-003,MED-007,2026-01-19,20
FAC-003,MED-008,2026-01-19,23
FAC-004,MED-001,2026-01-19,277
FAC-004,MED-002,2026-01-19,299
FAC-004,MED-003,2026-01-19,47
FAC-004,MED-004,2026-01-19,84
FAC-004,MED-005,2026-01-19,100
FAC-004,MED-006,2026-01-19,65
FAC-004,MED-007,2026-01-19,161
FAC-004,MED-008,2026-01-19,185
FAC-005,MED-001,2026-01-19,947
FAC-005,MED-002,2026-01-19,927
FAC-005,MED-003,2026-01-19,264
FAC-005,MED-004,2026-01-19,806
FAC-005,MED-005,2026-01-19,782
FAC-005,MED-006,2026-01-19,417
FAC-005,MED-007,2026-01-19,307
FAC-005,MED-008,2026-01-19,1209
FAC-006,MED-001,2026-01-19,2246
FAC-006,MED-002,2026-01-19,2168
FAC-006,MED-003,2026-01-19,493
FAC-006,MED-004,2026-01-19,1238
FAC-006,MED-005,2026-01-19,872
FAC-006,MED-006,2026-01-19,420
FAC-006,MED-007,2026-01-19,881
FAC-006,MED-008,2026-01-19,1154
FAC-007,MED-001,2026-01-19,114
FAC-007,MED-002,2026-01-19,143
FAC-007,MED-003,2026-01-19,46
FAC-007,MED-004,2026-01-19,155
FAC-007,MED-005,2026-01-19,62
FAC-007,MED-006,2026-01-19,61
FAC-007,MED-007,2026-01-19,60
FAC-007,MED-008,2026-01-19,95
FAC-008,MED-001,2026-01-19,44
FAC-008,MED-002,2026-01-19,91
FAC-008,MED-003,2026-01-19,30
FAC-008,MED-004,2026-01-19,95
FAC-008,MED-005,2026-01-19,23
FAC-008,MED-006,2026-01-19,29
FAC-008,MED-007,2026-01-19,44
FAC-008,MED-008,2026-01-19,84
FAC-009,MED-001,2026-01-19,156
FAC-009,MED-002,2026-01-19,228
FAC-009,MED-003,2026-01-19,45
FAC-009,MED-004,2026-01-19,63
FAC-009,MED-005,2026-01-19,84
FAC-009,MED-006,2026-01-19,42
FAC-009,MED-007,2026-01-19,101
FAC-009,MED-008,2026-01-19,50
FAC-010,MED-001,2026-01-19,91
FAC-010,MED-002,2026-01-19,81
FAC-010,MED-003,2026-01-19,49
FAC-010,MED-004,2026-01-19,83
FAC-010,MED-005,2026-01-19,29
FAC-010,MED-006,2026-01-19,32
FAC-010,MED-007,2026-01-19,85
FAC-010,MED-008,2026-01-19,108
FAC-011,MED-001,2026-01-19,1436
FAC-011,MED-002,2026-01-19,1190
FAC-011,MED-003,2026-01-19,172
FAC-011,MED-004,2026-01-19,827
FAC-011,MED-005,2026-01-19,979
FAC-011,MED-006,2026-01-19,427
FAC-011,MED-007,2026-01-19,813
FAC-011,MED-008,2026-01-19,1500
FAC-012,MED-001,2026-01-19,174
FAC-012,MED-002,2026-01-19,129
FAC-012,MED-003,2026-01-19,30
FAC-012,MED-004,2026-01-19,104
FAC-012,MED-005,2026-01-19,80
FAC-012,MED-006,2026-01-19,50
FAC-012,MED-007,2026-01-19,86
FAC-012,MED-008,2026-01-19,79
FAC-013,MED-001,2026-01-19,53
FAC-013,MED-002,2026-01-19,78
FAC-013,MED-003,2026-01-19,24
FAC-013,MED-004,2026-01-19,20
FAC-013,MED-005,2026-01-19,41
FAC-013,MED-006,2026-01-19,21
FAC-013,MED-007,2026-01-19,22
FAC-013,MED-008,2026-01-19,53
FAC-014,MED-001,2026-01-19,98
FAC-014,MED-002,2026-01-19,115
FAC-014,MED-003,2026-01-19,40
FAC-014,MED-004,2026-01-19,129
FAC-014,MED-005,2026-01-19,78
FAC-014,MED-006,2026-01-19,46
FAC-014,MED-007,2026-01-19,66
FAC-014,MED-008,2026-01-19,154
FAC-015,MED-001,2026-01-19,140
FAC-015,MED-002,2026-01-19,127
FAC-015,MED-003,2026-01-19,22
FAC-015,MED-004,2026-01-19,118
FAC-015,MED-005,2026-01-19,52
FAC-015,MED-006,2026-01-19,25
FAC-015,MED-007,2026-01-19,36
FAC-015,MED-008,2026-01-19,117
FAC-016,MED-001,2026-01-19,1857
FAC-016,MED-002,2026-01-19,1029
FAC-016,MED-003,2026-01-19,318
FAC-016,MED-004,2026-01-19,874
FAC-016,MED-005,2026-01-19,911
FAC-016,MED-006,2026-01-19,362
FAC-016,MED-007,2026-01-19,1001
FAC-016,MED-008,2026-01-19,1126
FAC-017,MED-001,2026-01-19,86
FAC-017,MED-002,2026-01-19,171
FAC-017,MED-003,2026-01-19,37
FAC-017,MED-004,2026-01-19,109
FAC-017,MED-005,2026-01-19,120
FAC-017,MED-006,2026-01-19,65
FAC-017,MED-007,2026-01-19,79
FAC-017,MED-008,2026-01-19,193
FAC-018,MED-001,2026-01-19,74
FAC-018,MED-002,2026-01-19,91
FAC-018,MED-003,2026-01-19,30
FAC-018,MED-004,2026-01-19,51
FAC-018,MED-005,2026-01-19,12
FAC-018,MED-006,2026-01-19,51
FAC-018,MED-007,2026-01-19,47
FAC-018,MED-008,2026-01-19,56
FAC-019,MED-001,2026-01-19,146
FAC-019,MED-002,2026-01-19,203
FAC-019,MED-003,2026-01-19,39
FAC-019,MED-004,2026-01-19,171
FAC-019,MED-005,2026-01-19,96
FAC-019,MED-006,2026-01-19,66
FAC-019,MED-007,2026-01-19,110
FAC-019,MED-008,2026-01-19,77
FAC-020,MED-001,2026-01-19,94
FAC-020,MED-002,2026-01-19,245
FAC-020,MED-003,2026-01-19,40
FAC-020,MED-004,2026-01-19,80
FAC-020,MED-005,2026-01-19,53
FAC-020,MED-006,2026-01-19,55
FAC-020,MED-007,2026-01-19,120
FAC-020,MED-008,2026-01-19,80
FAC-001,MED-001,2026-01-20,2320
FAC-001,MED-002,2026-01-20,2498
FAC-001,MED-003,2026-01-20,551
FAC-001,MED-004,2026-01-20,1889
FAC-001,MED-005,2026-01-20,888
FAC-001,MED-006,2026-01-20,739
FAC-001,MED-007,2026-01-20,510
FAC-001,MED-008,2026-01-20,933
FAC-002,MED-001,2026-01-20,109
FAC-002,MED-002,2026-01-20,205
FAC-002,MED-003,2026-01-20,25
FAC-002,MED-004,2026-01-20,108
FAC-002,MED-005,2026-01-20,88
FAC-002,MED-006,2026-01-20,43
FAC-002,MED-007,2026-01-20,77
FAC-002,MED-008,2026-01-20,116
FAC-003,MED-001,2026-01-20,85
FAC-003,MED-002,2026-01-20,72
FAC-003,MED-003,2026-01-20,28
FAC-003,MED-004,2026-01-20,62
FAC-003,MED-005,2026-01-20,38
FAC-003,MED-006,2026-01-20,15
FAC-003,MED-007,2026-01-20,45
FAC-003,MED-008,2026-01-20,19
FAC-004,MED-001,2026-01-20,256
FAC-004,MED-002,2026-01-20,282
FAC-004,MED-003,2026-01-20,43
FAC-004,MED-004,2026-01-20,72
FAC-004,MED-005,2026-01-20,89
FAC-004,MED-006,2026-01-20,61
FAC-004,MED-007,2026-01-20,154
FAC-004,MED-008,2026-01-20,171
FAC-005,MED-001,2026-01-20,836
FAC-005,MED-002,2026-01-20,795
FAC-005,MED-003,2026-01-20,235
FAC-005,MED-004,2026-01-20,690
FAC-005,MED-005,2026-01-20,720
FAC-005,MED-006,2026-01-20,369
FAC-005,MED-007,2026-01-20,1009
FAC-005,MED-008,2026-01-20,1105
FAC-006,MED-001,2026-01-20,2113
FAC-006,MED-002,2026-01-20,2001
FAC-006,MED-003,2026-01-20,465
FAC-006,MED-004,2026-01-20,1130
FAC-006,MED-005,2026-01-20,804
FAC-006,MED-006,2026-01-20,384
FAC-006,MED-007,2026-01-20,804
FAC-006,MED-008,2026-01-20,1030
FAC-007,MED-001,2026-01-20,109
FAC-007,MED-002,2026-01-20,130
FAC-007,MED-003,2026-01-20,41
FAC-007,MED-004,2026-01-20,138
FAC-007,MED-005,2026-01-20,57
FAC-007,MED-006,2026-01-20,59
FAC-007,MED-007,2026-01-20,55
FAC-007,MED-008,2026-01-20,78
FAC-008,MED-001,2026-01-20,38
FAC-008,MED-002,2026-01-20,84
FAC-008,MED-003,2026-01-20,26
FAC-008,MED-004,2026-01-20,89
FAC-008,MED-005,2026-01-20,20
FAC-008,MED-006,2026-01-20,25
FAC-008,MED-007,2026-01-20,39
FAC-008,MED-008,2026-01-20,81
FAC-009,MED-001,2026-01-20,145
FAC-009,MED-002,2026-01-20,219
FAC-009,MED-003,2026-01-20,43
FAC-009,MED-004,2026-01-20,55
FAC-009,MED-005,2026-01-20,73
FAC-009,MED-006,2026-01-20,35
FAC-009,MED-007,2026-01-20,96
FAC-009,MED-008,2026-01-20,135
FAC-010,MED-001,2026-01-20,85
FAC-010,MED-002,2026-01-20,69
FAC-010,MED-003,2026-01-20,45
FAC-010,MED-004,2026-01-20,71
FAC-010,MED-005,2026-01-20,72
FAC-010,MED-006,2026-01-20,27
FAC-010,MED-007,2026-01-20,81
FAC-010,MED-008,2026-01-20,102
FAC-011,MED-001,2026-01-20,1313
FAC-011,MED-002,2026-01-20,1043
FAC-011,MED-003,2026-01-20,145
FAC-011,MED-004,2026-01-20,726
FAC-011,MED-005,2026-01-20,918
FAC-011,MED-006,2026-01-20,388
FAC-011,MED-007,2026-01-20,740
FAC-011,MED-008,2026-01-20,1390
FAC-012,MED-001,2026-01-20,160
FAC-012,MED-002,2026-01-20,112
FAC-012,MED-003,2026-01-20,26
FAC-012,MED-004,2026-01-20,94
FAC-012,MED-005,2026-01-20,65
FAC-012,MED-006,2026-01-20,44
FAC-012,MED-007,2026-01-20,77
FAC-012,MED-008,2026-01-20,59
FAC-013,MED-001,2026-01-20,47
FAC-013,MED-002,2026-01-20,72
FAC-013,MED-003,2026-01-20,23
FAC-013,MED-004,2026-01-20,16
FAC-013,MED-005,2026-01-20,39
FAC-013,MED-006,2026-01-20,19
FAC-013,MED-007,2026-01-20,21
FAC-013,MED-008,2026-01-20,50
FAC-014,MED-001,2026-01-20,90
FAC-014,MED-002,2026-01-20,105
FAC-014,MED-003,2026-01-20,38
FAC-014,MED-004,2026-01-20,123
FAC-014,MED-005,2026-01-20,72
FAC-014,MED-006,2026-01-20,39
FAC-014,MED-007,2026-01-20,59
FAC-014,MED-008,2026-01-20,147
FAC-015,MED-001,2026-01-20,132
FAC-015,MED-002,2026-01-20,119
FAC-015,MED-003,2026-01-20,19
FAC-015,MED-004,2026-01-20,112
FAC-015,MED-005,2026-01-20,47
FAC-015,MED-006,2026-01-20,21
FAC-015,MED-007,2026-01-20,30
FAC-015,MED-008,2026-01-20,110
FAC-016,MED-001,2026-01-20,1713
FAC-016,MED-002,2026-01-20,2893
FAC-016,MED-003,2026-01-20,289
FAC-016,MED-004,2026-01-20,759
FAC-016,MED-005,2026-01-20,848
FAC-016,MED-006,2026-01-20,329
FAC-016,MED-007,2026-01-20,920
FAC-016,MED-008,2026-01-20,1004
FAC-017,MED-001,2026-01-20,74
FAC-017,MED-002,2026-01-20,152
FAC-017,MED-003,2026-01-20,33
FAC-017,MED-004,2026-01-20,89
FAC-017,MED-005,2026-01-20,115
FAC-017,MED-006,2026-01-20,62
FAC-017,MED-007,2026-01-20,74
FAC-017,MED-008,2026-01-20,182
FAC-018,MED-001,2026-01-20,64
FAC-018,MED-002,2026-01-20,85
FAC-018,MED-003,2026-01-20,29
FAC-018,MED-004,2026-01-20,50
FAC-018,MED-005,2026-01-20,46
FAC-018,MED-006,2026-01-20,49
FAC-018,MED-007,2026-01-20,45
FAC-018,MED-008,2026-01-20,52
FAC-019,MED-001,2026-01-20,132
FAC-019,MED-002,2026-01-20,193
FAC-019,MED-003,2026-01-20,37
FAC-019,MED-004,2026-01-20,166
FAC-019,MED-005,2026-01-20,87
FAC-019,MED-006,2026-01-20,60
FAC-019,MED-007,2026-01-20,101
FAC-019,MED-008,2026-01-20,64
FAC-020,MED-001,2026-01-20,84
FAC-020,MED-002,2026-01-20,231
FAC-020,MED-003,2026-01-20,34
FAC-020,MED-004,2026-01-20,73
FAC-020,MED-005,2026-01-20,49
FAC-020,MED-006,2026-01-20,51
FAC-020,MED-007,2026-01-20,109
FAC-020,MED-008,2026-01-20,66
FAC-001,MED-001,2026-01-21,2191
FAC-001,MED-002,2026-01-21,2288
FAC-001,MED-003,2026-01-21,523
FAC-001,MED-004,2026-01-21,1751
FAC-001,MED-005,2026-01-21,811
FAC-001,MED-006,2026-01-21,694
FAC-001,MED-007,2026-01-21,1441
FAC-001,MED-008,2026-01-21,800
FAC-002,MED-001,2026-01-21,97
FAC-002,MED-002,2026-01-21,192
FAC-002,MED-003,2026-01-21,23
FAC-002,MED-004,2026-01-21,98
FAC-002,MED-005,2026-01-21,81
FAC-002,MED-006,2026-01-21,37
FAC-002,MED-007,2026-01-21,67
FAC-002,MED-008,2026-01-21,105
FAC-003,MED-001,2026-01-21,76
FAC-003,MED-002,2026-01-21,67
FAC-003,MED-003,2026-01-21,20
FAC-003,MED-004,2026-01-21,58
FAC-003,MED-005,2026-01-21,34
FAC-003,MED-006,2026-01-21,9
FAC-003,MED-007,2026-01-21,43
FAC-003,MED-008,2026-01-21,16
FAC-004,MED-001,2026-01-21,242
FAC-004,MED-002,2026-01-21,266
FAC-004,MED-003,2026-01-21,36
FAC-004,MED-004,2026-01-21,65
FAC-004,MED-005,2026-01-21,77
FAC-004,MED-006,2026-01-21,59
FAC-004,MED-007,2026-01-21,139
FAC-004,MED-008,2026-01-21,157
FAC-005,MED-001,2026-01-21,699
FAC-005,MED-002,2026-01-21,2269
FAC-005,MED-003,2026-01-21,206
FAC-005,MED-004,2026-01-21,602
FAC-005,MED-005,2026-01-21,672
FAC-005,MED-006,2026-01-21,338
FAC-005,MED-007,2026-01-21,930
FAC-005,MED-008,2026-01-21,1004
FAC-006,MED-001,2026-01-21,1971
FAC-006,MED-002,2026-01-21,1841
FAC-006,MED-003,2026-01-21,437
FAC-006,MED-004,2026-01-21,1008
FAC-006,MED-005,2026-01-21,752
FAC-006,MED-006,2026-01-21,352
FAC-006,MED-007,2026-01-21,747
FAC-006,MED-008,2026-01-21,897
FAC-007,MED-001,2026-01-21,98
FAC-007,MED-002,2026-01-21,114
FAC-007,MED-003,2026-01-21,38
FAC-007,MED-004,2026-01-21,122
FAC-007,MED-005,2026-01-21,51
FAC-007,MED-006,2026-01-21,53
FAC-007,MED-007,2026-01-21,50
FAC-007,MED-008,2026-01-21,66
FAC-008,MED-001,2026-01-21,32
FAC-008,MED-002,2026-01-21,77
FAC-008,MED-003,2026-01-21,25
FAC-008,MED-004,2026-01-21,84
FAC-008,MED-005,2026-01-21,52
FAC-008,MED-006,2026-01-21,22
FAC-008,MED-007,2026-01-21,38
FAC-008,MED-008,2026-01-21,75
FAC-009,MED-001,2026-01-21,135
FAC-009,MED-002,2026-01-21,211
FAC-009,MED-003,2026-01-21,41
FAC-009,MED-004,2026-01-21,47
FAC-009,MED-005,2026-01-21,66
FAC-009,MED-006,2026-01-21,34
FAC-009,MED-007,2026-01-21,82
FAC-009,MED-008,2026-01-21,126
FAC-010,MED-001,2026-01-21,77
FAC-010,MED-002,2026-01-21,60
FAC-010,MED-003,2026-01-21,42
FAC-010,MED-004,2026-01-21,64
FAC-010,MED-005,2026-01-21,68
FAC-010,MED-006,2026-01-21,25
FAC-010,MED-007,2026-01-21,73
FAC-010,MED-008,2026-01-21,96
FAC-011,MED-001,2026-01-21,1187
FAC-011,MED-002,2026-01-21,916
FAC-011,MED-003,2026-01-21,119
FAC-011,MED-004,2026-01-21,608
FAC-011,MED-005,2026-01-21,857
FAC-011,MED-006,2026-01-21,349
FAC-011,MED-007,2026-01-21,663
FAC-011,MED-008,2026-01-21,1256
FAC-012,MED-001,2026-01-21,148
FAC-012,MED-002,2026-01-21,96
FAC-012,MED-003,2026-01-21,25
FAC-012,MED-004,2026-01-21,229
FAC-012,MED-005,2026-01-21,59
FAC-012,MED-006,2026-01-21,38
FAC-012,MED-007,2026-01-21,65
FAC-012,MED-008,2026-01-21,196
FAC-013,MED-001,2026-01-21,40
FAC-013,MED-002,2026-01-21,65
FAC-013,MED-003,2026-01-21,20
FAC-013,MED-004,2026-01-21,53
FAC-013,MED-005,2026-01-21,34
FAC-013,MED-006,2026-01-21,50
FAC-013,MED-007,2026-01-21,19
FAC-013,MED-008,2026-01-21,43
FAC-014,MED-001,2026-01-21,75
FAC-014,MED-002,2026-01-21,99
FAC-014,MED-003,2026-01-21,37
FAC-014,MED-004,2026-01-21,114
FAC-014,MED-005,2026-01-21,64
FAC-014,MED-006,2026-01-21,37
FAC-014,MED-007,2026-01-21,49
FAC-014,MED-008,2026-01-21,134
FAC-015,MED-001,2026-01-21,125
FAC-015,MED-002,2026-01-21,108
FAC-015,MED-003,2026-01-21,16
FAC-015,MED-004,2026-01-21,106
FAC-015,MED-005,2026-01-21,42
FAC-015,MED-006,2026-01-21,16
FAC-015,MED-007,2026-01-21,24
FAC-015,MED-008,2026-01-21,103
FAC-016,MED-001,2026-01-21,1568
FAC-016,MED-002,2026-01-21,2719
FAC-016,MED-003,2026-01-21,257
FAC-016,MED-004,2026-01-21,653
FAC-016,MED-005,2026-01-21,784
FAC-016,MED-006,2026-01-21,285
FAC-016,MED-007,2026-01-21,842
FAC-016,MED-008,2026-01-21,862
FAC-017,MED-001,2026-01-21,235
FAC-017,MED-002,2026-01-21,131
FAC-017,MED-003,2026-01-21,31
FAC-017,MED-004,2026-01-21,83
FAC-017,MED-005,2026-01-21,100
FAC-017,MED-006,2026-01-21,58
FAC-017,MED-007,2026-01-21,69
FAC-017,MED-008,2026-01-21,165
FAC-018,MED-001,2026-01-21,60
FAC-018,MED-002,2026-01-21,80
FAC-018,MED-003,2026-01-21,26
FAC-018,MED-004,2026-01-21,44
FAC-018,MED-005,2026-01-21,44
FAC-018,MED-006,2026-01-21,46
FAC-018,MED-007,2026-01-21,45
FAC-018,MED-008,2026-01-21,49
FAC-019,MED-001,2026-01-21,123
FAC-019,MED-002,2026-01-21,182
FAC-019,MED-003,2026-01-21,34
FAC-019,MED-004,2026-01-21,154
FAC-019,MED-005,2026-01-21,80
FAC-019,MED-006,2026-01-21,56
FAC-019,MED-007,2026-01-21,94
FAC-019,MED-008,2026-01-21,57
FAC-020,MED-001,2026-01-21,65
FAC-020,MED-002,2026-01-21,222
FAC-020,MED-003,2026-01-21,29
FAC-020,MED-004,2026-01-21,174
FAC-020,MED-005,2026-01-21,43
FAC-020,MED-006,2026-01-21,49
FAC-020,MED-007,2026-01-21,101
FAC-020,MED-008,2026-01-21,58
FAC-001,MED-001,2026-01-22,2043
FAC-001,MED-002,2026-01-22,2113
FAC-001,MED-003,2026-01-22,492
FAC-001,MED-004,2026-01-22,1643
FAC-001,MED-005,2026-01-22,739
FAC-001,MED-006,2026-01-22,644
FAC-001,MED-007,2026-01-22,1355
FAC-001,MED-008,2026-01-22,670
FAC-002,MED-001,2026-01-22,78
FAC-002,MED-002,2026-01-22,171
FAC-002,MED-003,2026-01-22,19
FAC-002,MED-004,2026-01-22,85
FAC-002,MED-005,2026-01-22,77
FAC-002,MED-006,2026-01-22,31
FAC-002,MED-007,2026-01-22,62
FAC-002,MED-008,2026-01-22,87
FAC-003,MED-001,2026-01-22,74
FAC-003,MED-002,2026-01-22,61
FAC-003,MED-003,2026-01-22,12
FAC-003,MED-004,2026-01-22,52
FAC-003,MED-005,2026-01-22,32
FAC-003,MED-006,2026-01-22,44
FAC-003,MED-007,2026-01-22,42
FAC-003,MED-008,2026-01-22,69
FAC-004,MED-001,2026-01-22,229
FAC-004,MED-002,2026-01-22,245
FAC-004,MED-003,2026-01-22,33
FAC-004,MED-004,2026-01-22,193
FAC-004,MED-005,2026-01-22,74
FAC-004,MED-006,2026-01-22,51
FAC-004,MED-007,2026-01-22,130
FAC-004,MED-008,2026-01-22,141
FAC-005,MED-001,2026-01-22,590
FAC-005,MED-002,2026-01-22,2111
FAC-005,MED-003,2026-01-22,177
FAC-005,MED-004,2026-01-22,509
FAC-005,MED-005,2026-01-22,615
FAC-005,MED-006,2026-01-22,312
FAC-005,MED-007,2026-01-22,841
FAC-005,MED-008,2026-01-22,911
FAC-006,MED-001,2026-01-22,1798
FAC-006,MED-002,2026-01-22,1686
FAC-006,MED-003,2026-01-22,411
FAC-006,MED-004,2026-01-22,901
FAC-006,MED-005,2026-01-22,690
FAC-006,MED-006,2026-01-22,325
FAC-006,MED-007,2026-01-22,680
FAC-006,MED-008,2026-01-22,786
FAC-007,MED-001,2026-01-22,86
FAC-007,MED-002,2026-01-22,100
FAC-007,MED-003,2026-01-22,36
FAC-007,MED-004,2026-01-22,116
FAC-007,MED-005,2026-01-22,45
FAC-007,MED-006,2026-01-22,52
FAC-007,MED-007,2026-01-22,39
FAC-007,MED-008,2026-01-22,54
FAC-008,MED-001,2026-01-22,25
FAC-008,MED-002,2026-01-22,66
FAC-008,MED-003,2026-01-22,21
FAC-008,MED-004,2026-01-22,77
FAC-008,MED-005,2026-01-22,48
FAC-008,MED-006,2026-01-22,21
FAC-008,MED-007,2026-01-22,33
FAC-008,MED-008,2026-01-22,71
FAC-009,MED-001,2026-01-22,121
FAC-009,MED-002,2026-01-22,196
FAC-009,MED-003,2026-01-22,38
FAC-009,MED-004,2026-01-22,42
FAC-009,MED-005,2026-01-22,58
FAC-009,MED-006,2026-01-22,30
FAC-009,MED-007,2026-01-22,75
FAC-009,MED-008,2026-01-22,118
FAC-010,MED-001,2026-01-22,67
FAC-010,MED-002,2026-01-22,163
FAC-010,MED-003,2026-01-22,38
FAC-010,MED-004,2026-01-22,60
FAC-010,MED-005,2026-01-22,67
FAC-010,MED-006,2026-01-22,22
FAC-010,MED-007,2026-01-22,71
FAC-010,MED-008,2026-01-22,87
FAC-011,MED-001,2026-01-22,1071
FAC-011,MED-002,2026-01-22,746
FAC-011,MED-003,2026-01-22,467
FAC-011,MED-004,2026-01-22,505
FAC-011,MED-005,2026-01-22,802
FAC-011,MED-006,2026-01-22,304
FAC-011,MED-007,2026-01-22,587
FAC-011,MED-008,2026-01-22,1134
FAC-012,MED-001,2026-01-22,136
FAC-012,MED-002,2026-01-22,78
FAC-012,MED-003,2026-01-22,19
FAC-012,MED-004,2026-01-22,216
FAC-012,MED-005,2026-01-22,52
FAC-012,MED-006,2026-01-22,34
FAC-012,MED-007,2026-01-22,55
FAC-012,MED-008,2026-01-22,182
FAC-013,MED-001,2026-01-22,36
FAC-013,MED-002,2026-01-22,59
FAC-013,MED-003,2026-01-22,56
FAC-013,MED-004,2026-01-22,47
FAC-013,MED-005,2026-01-22,31
FAC-013,MED-006,2026-01-22,49
FAC-013,MED-007,2026-01-22,49
FAC-013,MED-008,2026-01-22,40
FAC-014,MED-001,2026-01-22,58
FAC-014,MED-002,2026-01-22,82
FAC-014,MED-003,2026-01-22,35
FAC-014,MED-004,2026-01-22,103
FAC-014,MED-005,2026-01-22,55
FAC-014,MED-006,2026-01-22,33
FAC-014,MED-007,2026-01-22,43
FAC-014,MED-008,2026-01-22,123
FAC-015,MED-001,2026-01-22,114
FAC-015,MED-002,2026-01-22,95
FAC-015,MED-003,2026-01-22,47
FAC-015,MED-004,2026-01-22,97
FAC-015,MED-005,2026-01-22,39
FAC-015,MED-006,2026-01-22,15
FAC-015,MED-007,2026-01-22,16
FAC-015,MED-008,2026-01-22,97
FAC-016,MED-001,2026-01-22,1431
FAC-016,MED-002,2026-01-22,2554
FAC-016,MED-003,2026-01-22,219
FAC-016,MED-004,2026-01-22,1954
FAC-016,MED-005,2026-01-22,716
FAC-016,MED-006,2026-01-22,251
FAC-016,MED-007,2026-01-22,764
FAC-016,MED-008,2026-01-22,2384
FAC-017,MED-001,2026-01-22,221
FAC-017,MED-002,2026-01-22,118
FAC-017,MED-003,2026-01-22,30
FAC-017,MED-004,2026-01-22,68
FAC-017,MED-005,2026-01-22,93
FAC-017,MED-006,2026-01-22,54
FAC-017,MED-007,2026-01-22,56
FAC-017,MED-008,2026-01-22,150
FAC-018,MED-001,2026-01-22,58
FAC-018,MED-002,2026-01-22,70
FAC-018,MED-003,2026-01-22,22
FAC-018,MED-004,2026-01-22,40
FAC-018,MED-005,2026-01-22,41
FAC-018,MED-006,2026-01-22,43
FAC-018,MED-007,2026-01-22,40
FAC-018,MED-008,2026-01-22,47
FAC-019,MED-001,2026-01-22,109
FAC-019,MED-002,2026-01-22,170
FAC-019,MED-003,2026-01-22,29
FAC-019,MED-004,2026-01-22,144
FAC-019,MED-005,2026-01-22,74
FAC-019,MED-006,2026-01-22,52
FAC-019,MED-007,2026-01-22,91
FAC-019,MED-008,2026-01-22,177
FAC-020,MED-001,2026-01-22,57
FAC-020,MED-002,2026-01-22,205
FAC-020,MED-003,2026-01-22,26
FAC-020,MED-004,2026-01-22,166
FAC-020,MED-005,2026-01-22,38
FAC-020,MED-006,2026-01-22,42
FAC-020,MED-007,2026-01-22,96
FAC-020,MED-008,2026-01-22,53
FAC-001,MED-001,2026-01-23,1898
FAC-001,MED-002,2026-01-23,1926
FAC-001,MED-003,2026-01-23,449
FAC-001,MED-004,2026-01-23,1528
FAC-001,MED-005,2026-01-23,664
FAC-001,MED-006,2026-01-23,598
FAC-001,MED-007,2026-01-23,1258
FAC-001,MED-008,2026-01-23,2158
FAC-002,MED-001,2026-01-23,62
FAC-002,MED-002,2026-01-23,144
FAC-002,MED-003,2026-01-23,58
FAC-002,MED-004,2026-01-23,201
FAC-002,MED-005,2026-01-23,67
FAC-002,MED-006,2026-01-23,87
FAC-002,MED-007,2026-01-23,54
FAC-002,MED-008,2026-01-23,77
FAC-003,MED-001,2026-01-23,71
FAC-003,MED-002,2026-01-23,51
FAC-003,MED-003,2026-01-23,10
FAC-003,MED-004,2026-01-23,48
FAC-003,MED-005,2026-01-23,31
FAC-003,MED-006,2026-01-23,41
FAC-003,MED-007,2026-01-23,40
FAC-003,MED-008,2026-01-23,63
FAC-004,MED-001,2026-01-23,212
FAC-004,MED-002,2026-01-23,226
FAC-004,MED-003,2026-01-23,30
FAC-004,MED-004,2026-01-23,180
FAC-004,MED-005,2026-01-23,66
FAC-004,MED-006,2026-01-23,46
FAC-004,MED-007,2026-01-23,122
FAC-004,MED-008,2026-01-23,123
FAC-005,MED-001,2026-01-23,1691
FAC-005,MED-002,2026-01-23,1950
FAC-005,MED-003,2026-01-23,150
FAC-005,MED-004,2026-01-23,1603
FAC-005,MED-005,2026-01-23,568
FAC-005,MED-006,2026-01-23,269
FAC-005,MED-007,2026-01-23,771
FAC-005,MED-008,2026-01-23,814
FAC-006,MED-001,2026-01-23,1645
FAC-006,MED-002,2026-01-23,1518
FAC-006,MED-003,2026-01-23,373
FAC-006,MED-004,2026-01-23,802
FAC-006,MED-005,2026-01-23,629
FAC-006,MED-006,2026-01-23,282
FAC-006,MED-007,2026-01-23,605
FAC-006,MED-008,2026-01-23,667
FAC-007,MED-001,2026-01-23,218
FAC-007,MED-002,2026-01-23,82
FAC-007,MED-003,2026-01-23,36
FAC-007,MED-004,2026-01-23,102
FAC-007,MED-005,2026-01-23,38
FAC-007,MED-006,2026-01-23,47
FAC-007,MED-007,2026-01-23,115
FAC-007,MED-008,2026-01-23,44
FAC-008,MED-001,2026-01-23,21
FAC-008,MED-002,2026-01-23,58
FAC-008,MED-003,2026-01-23,55
FAC-008,MED-004,2026-01-23,72
FAC-008,MED-005,2026-01-23,45
FAC-008,MED-006,2026-01-23,51
FAC-008,MED-007,2026-01-23,30
FAC-008,MED-008,2026-01-23,60
FAC-009,MED-001,2026-01-23,112
FAC-009,MED-002,2026-01-23,180
FAC-009,MED-003,2026-01-23,34
FAC-009,MED-004,2026-01-23,33
FAC-009,MED-005,2026-01-23,50
FAC-009,MED-006,2026-01-23,29
FAC-009,MED-007,2026-01-23,66
FAC-009,MED-008,2026-01-23,106
FAC-010,MED-001,2026-01-23,60
FAC-010,MED-002,2026-01-23,153
FAC-010,MED-003,2026-01-23,36
FAC-010,MED-004,2026-01-23,54
FAC-010,MED-005,2026-01-23,59
FAC-010,MED-006,2026-01-23,18
FAC-010,MED-007,2026-01-23,69
FAC-010,MED-008,2026-01-23,80
FAC-011,MED-001,2026-01-23,950
FAC-011,MED-002,2026-01-23,2433
FAC-011,MED-003,2026-01-23,433
FAC-011,MED-004,2026-01-23,1731
FAC-011,MED-005,2026-01-23,740
FAC-011,MED-006,2026-01-23,257
FAC-011,MED-007,2026-01-23,524
FAC-011,MED-008,2026-01-23,1005
FAC-012,MED-001,2026-01-23,121
FAC-012,MED-002,2026-01-23,266
FAC-012,MED-003,2026-01-23,14
FAC-012,MED-004,2026-01-23,207
FAC-012,MED-005,2026-01-23,43
FAC-012,MED-006,2026-01-23,28
FAC-012,MED-007,2026-01-23,48
FAC-012,MED-008,2026-01-23,165
FAC-013,MED-001,2026-01-23,32
FAC-013,MED-002,2026-01-23,51
FAC-013,MED-003,2026-01-23,54
FAC-013,MED-004,2026-01-23,42
FAC-013,MED-005,2026-01-23,29
FAC-013,MED-006,2026-01-23,42
FAC-013,MED-007,2026-01-23,42
FAC-013,MED-008,2026-01-23,37
FAC-014,MED-001,2026-01-23,48
FAC-014,MED-002,2026-01-23,66
FAC-014,MED-003,2026-01-23,32
FAC-014,MED-004,2026-01-23,94
FAC-014,MED-005,2026-01-23,49
FAC-014,MED-006,2026-01-23,28
FAC-014,MED-007,2026-01-23,39
FAC-014,MED-008,2026-01-23,111
FAC-015,MED-001,2026-01-23,107
FAC-015,MED-002,2026-01-23,83
FAC-015,MED-003,2026-01-23,44
FAC-015,MED-004,2026-01-23,93
FAC-015,MED-005,2026-01-23,34
FAC-015,MED-006,2026-01-23,9
FAC-015,MED-007,2026-01-23,77
FAC-015,MED-008,2026-01-23,88
FAC-016,MED-001,2026-01-23,1322
FAC-016,MED-002,2026-01-23,2375
FAC-016,MED-003,2026-01-23,175
FAC-016,MED-004,2026-01-23,1820
FAC-016,MED-005,2026-01-23,648
FAC-016,MED-006,2026-01-23,778
FAC-016,MED-007,2026-01-23,669
FAC-016,MED-008,2026-01-23,2253
FAC-017,MED-001,2026-01-23,208
FAC-017,MED-002,2026-01-23,333
FAC-017,MED-003,2026-01-23,27
FAC-017,MED-004,2026-01-23,63
FAC-017,MED-005,2026-01-23,83
FAC-017,MED-006,2026-01-23,51
FAC-017,MED-007,2026-01-23,50
FAC-017,MED-008,2026-01-23,144
FAC-018,MED-001,2026-01-23,48
FAC-018,MED-002,2026-01-23,66
FAC-018,MED-003,2026-01-23,19
FAC-018,MED-004,2026-01-23,35
FAC-018,MED-005,2026-01-23,41
FAC-018,MED-006,2026-01-23,41
FAC-018,MED-007,2026-01-23,39
FAC-018,MED-008,2026-01-23,45
FAC-019,MED-001,2026-01-23,90
FAC-019,MED-002,2026-01-23,151
FAC-019,MED-003,2026-01-23,27
FAC-019,MED-004,2026-01-23,133
FAC-019,MED-005,2026-01-23,70
FAC-019,MED-006,2026-01-23,44
FAC-019,MED-007,2026-01-23,84
FAC-019,MED-008,2026-01-23,171
FAC-020,MED-001,2026-01-23,44
FAC-020,MED-002,2026-01-23,193
FAC-020,MED-003,2026-01-23,26
FAC-020,MED-004,2026-01-23,159
FAC-020,MED-005,2026-01-23,34
FAC-020,MED-006,2026-01-23,37
FAC-020,MED-007,2026-01-23,89
FAC-020,MED-008,2026-01-23,165
FAC-001,MED-001,2026-01-24,1767
FAC-001,MED-002,2026-01-24,1736
FAC-001,MED-003,2026-01-24,410
FAC-001,MED-004,2026-01-24,1418
FAC-001,MED-005,2026-01-24,586
FAC-001,MED-006,2026-01-24,553
FAC-001,MED-007,2026-01-24,1167
FAC-001,MED-008,2026-01-24,2019
FAC-002,MED-001,2026-01-24,49
FAC-002,MED-002,2026-01-24,127
FAC-002,MED-003,2026-01-24,57
FAC-002,MED-004,2026-01-24,196
FAC-002,MED-005,2026-01-24,62
FAC-002,MED-006,2026-01-24,83
FAC-002,MED-007,2026-01-24,51
FAC-002,MED-008,2026-01-24,67
FAC-003,MED-001,2026-01-24,70
FAC-003,MED-002,2026-01-24,44
FAC-003,MED-003,2026-01-24,7
FAC-003,MED-004,2026-01-24,46
FAC-003,MED-005,2026-01-24,26
FAC-003,MED-006,2026-01-24,35
FAC-003,MED-007,2026-01-24,39
FAC-003,MED-008,2026-01-24,58
FAC-004,MED-001,2026-01-24,206
FAC-004,MED-002,2026-01-24,220
FAC-004,MED-003,2026-01-24,27
FAC-004,MED-004,2026-01-24,163
FAC-004,MED-005,2026-01-24,62
FAC-004,MED-006,2026-01-24,43
FAC-004,MED-007,2026-01-24,115
FAC-004,MED-008,2026-01-24,111
FAC-005,MED-001,2026-01-24,1572
FAC-005,MED-002,2026-01-24,1790
FAC-005,MED-003,2026-01-24,119
FAC-005,MED-004,2026-01-24,1522
FAC-005,MED-005,2026-01-24,520
FAC-005,MED-006,2026-01-24,230
FAC-005,MED-007,2026-01-24,710
FAC-005,MED-008,2026-01-24,720
FAC-006,MED-001,2026-01-24,1528
FAC-006,MED-002,2026-01-24,1347
FAC-006,MED-003,2026-01-24,349
FAC-006,MED-004,2026-01-24,696
FAC-006,MED-005,2026-01-24,564
FAC-006,MED-006,2026-01-24,250
FAC-006,MED-007,2026-01-24,524
FAC-006,MED-008,2026-01-24,1825
FAC-007,MED-001,2026-01-24,207
FAC-007,MED-002,2026-01-24,246
FAC-007,MED-003,2026-01-24,35
FAC-007,MED-004,2026-01-24,96
FAC-007,MED-005,2026-01-24,34
FAC-007,MED-006,2026-01-24,46
FAC-007,MED-007,2026-01-24,111
FAC-007,MED-008,2026-01-24,164
FAC-008,MED-001,2026-01-24,88
FAC-008,MED-002,2026-01-24,49
FAC-008,MED-003,2026-01-24,55
FAC-008,MED-004,2026-01-24,70
FAC-008,MED-005,2026-01-24,43
FAC-008,MED-006,2026-01-24,45
FAC-008,MED-007,2026-01-24,29
FAC-008,MED-008,2026-01-24,54
FAC-009,MED-001,2026-01-24,107
FAC-009,MED-002,2026-01-24,176
FAC-009,MED-003,2026-01-24,33
FAC-009,MED-004,2026-01-24,131
FAC-009,MED-005,2026-01-24,45
FAC-009,MED-006,2026-01-24,29
FAC-009,MED-007,2026-01-24,64
FAC-009,MED-008,2026-01-24,98
FAC-010,MED-001,2026-01-24,52
FAC-010,MED-002,2026-01-24,145
FAC-010,MED-003,2026-01-24,35
FAC-010,MED-004,2026-01-24,50
FAC-010,MED-005,2026-01-24,54
FAC-010,MED-006,2026-01-24,52
FAC-010,MED-007,2026-01-24,67
FAC-010,MED-008,2026-01-24,75
FAC-011,MED-001,2026-01-24,851
FAC-011,MED-002,2026-01-24,2287
FAC-011,MED-003,2026-01-24,406
FAC-011,MED-004,2026-01-24,1627
FAC-011,MED-005,2026-01-24,664
FAC-011,MED-006,2026-01-24,660
FAC-011,MED-007,2026-01-24,459
FAC-011,MED-008,2026-01-24,901
FAC-012,MED-001,2026-01-24,110
FAC-012,MED-002,2026-01-24,259
FAC-012,MED-003,2026-01-24,52
FAC-012,MED-004,2026-01-24,199
FAC-012,MED-005,2026-01-24,134
FAC-012,MED-006,2026-01-24,27
FAC-012,MED-007,2026-01-24,143
FAC-012,MED-008,2026-01-24,157
FAC-013,MED-001,2026-01-24,25
FAC-013,MED-002,2026-01-24,44
FAC-013,MED-003,2026-01-24,50
FAC-013,MED-004,2026-01-24,40
FAC-013,MED-005,2026-01-24,24
FAC-013,MED-006,2026-01-24,36
FAC-013,MED-007,2026-01-24,40
FAC-013,MED-008,2026-01-24,36
FAC-014,MED-001,2026-01-24,180
FAC-014,MED-002,2026-01-24,230
FAC-014,MED-003,2026-01-24,31
FAC-014,MED-004,2026-01-24,88
FAC-014,MED-005,2026-01-24,48
FAC-014,MED-006,2026-01-24,71
FAC-014,MED-007,2026-01-24,33
FAC-014,MED-008,2026-01-24,103
FAC-015,MED-001,2026-01-24,101
FAC-015,MED-002,2026-01-24,78
FAC-015,MED-003,2026-01-24,42
FAC-015,MED-004,2026-01-24,88
FAC-015,MED-005,2026-01-24,31
FAC-015,MED-006,2026-01-24,46
FAC-015,MED-007,2026-01-24,76
FAC-015,MED-008,2026-01-24,84
FAC-016,MED-001,2026-01-24,1170
FAC-016,MED-002,2026-01-24,2201
FAC-016,MED-003,2026-01-24,577
FAC-016,MED-004,2026-01-24,1702
FAC-016,MED-005,2026-01-24,573
FAC-016,MED-006,2026-01-24,735
FAC-016,MED-007,2026-01-24,585
FAC-016,MED-008,2026-01-24,2134
FAC-017,MED-001,2026-01-24,201
FAC-017,MED-002,2026-01-24,322
FAC-017,MED-003,2026-01-24,24
FAC-017,MED-004,2026-01-24,190
FAC-017,MED-005,2026-01-24,78
FAC-017,MED-006,2026-01-24,47
FAC-017,MED-007,2026-01-24,45
FAC-017,MED-008,2026-01-24,137
FAC-018,MED-001,2026-01-24,44
FAC-018,MED-002,2026-01-24,61
FAC-018,MED-003,2026-01-24,18
FAC-018,MED-004,2026-01-24,32
FAC-018,MED-005,2026-01-24,38
FAC-018,MED-006,2026-01-24,36
FAC-018,MED-007,2026-01-24,38
FAC-018,MED-008,2026-01-24,37
FAC-019,MED-001,2026-01-24,84
FAC-019,MED-002,2026-01-24,144
FAC-019,MED-003,2026-01-24,25
FAC-019,MED-004,2026-01-24,127
FAC-019,MED-005,2026-01-24,64
FAC-019,MED-006,2026-01-24,44
FAC-019,MED-007,2026-01-24,81
FAC-019,MED-008,2026-01-24,163
FAC-020,MED-001,2026-01-24,152
FAC-020,MED-002,2026-01-24,188
FAC-020,MED-003,2026-01-24,62
FAC-020,MED-004,2026-01-24,155
FAC-020,MED-005,2026-01-24,101
FAC-020,MED-006,2026-01-24,33
FAC-020,MED-007,2026-01-24,86
FAC-020,MED-008,2026-01-24,158
FAC-001,MED-001,2026-01-25,1631
FAC-001,MED-002,2026-01-25,1555
FAC-001,MED-003,2026-01-25,382
FAC-001,MED-004,2026-01-25,1309
FAC-001,MED-005,2026-01-25,509
FAC-001,MED-006,2026-01-25,495
FAC-001,MED-007,2026-01-25,1082
FAC-001,MED-008,2026-01-25,1894
FAC-002,MED-001,2026-01-25,210
FAC-002,MED-002,2026-01-25,112
FAC-002,MED-003,2026-01-25,51
FAC-002,MED-004,2026-01-25,175
FAC-002,MED-005,2026-01-25,54
FAC-002,MED-006,2026-01-25,82
FAC-002,MED-007,2026-01-25,45
FAC-002,MED-008,2026-01-25,223
FAC-003,MED-001,2026-01-25,68
FAC-003,MED-002,2026-01-25,42
FAC-003,MED-003,2026-01-25,38
FAC-003,MED-004,2026-01-25,42
FAC-003,MED-005,2026-01-25,25
FAC-003,MED-006,2026-01-25,32
FAC-003,MED-007,2026-01-25,39
FAC-003,MED-008,2026-01-25,56
FAC-004,MED-001,2026-01-25,198
FAC-004,MED-002,2026-01-25,208
FAC-004,MED-003,2026-01-25,24
FAC-004,MED-004,2026-01-25,155
FAC-004,MED-005,2026-01-25,57
FAC-004,MED-006,2026-01-25,43
FAC-004,MED-007,2026-01-25,107
FAC-004,MED-008,2026-01-25,106
FAC-005,MED-001,2026-01-25,1472
FAC-005,MED-002,2026-01-25,1660
FAC-005,MED-003,2026-01-25,452
FAC-005,MED-004,2026-01-25,1433
FAC-005,MED-005,2026-01-25,468
FAC-005,MED-006,2026-01-25,653
FAC-005,MED-007,2026-01-25,643
FAC-005,MED-008,2026-01-25,601
FAC-006,MED-001,2026-01-25,1411
FAC-006,MED-002,2026-01-25,1200
FAC-006,MED-003,2026-01-25,319
FAC-006,MED-004,2026-01-25,590
FAC-006,MED-005,2026-01-25,514
FAC-006,MED-006,2026-01-25,207
FAC-006,MED-007,2026-01-25,442
FAC-006,MED-008,2026-01-25,1706
FAC-007,MED-001,2026-01-25,202
FAC-007,MED-002,2026-01-25,230
FAC-007,MED-003,2026-01-25,35
FAC-007,MED-004,2026-01-25,86
FAC-007,MED-005,2026-01-25,97
FAC-007,MED-006,2026-01-25,42
FAC-007,MED-007,2026-01-25,105
FAC-007,MED-008,2026-01-25,154
FAC-008,MED-001,2026-01-25,82
FAC-008,MED-002,2026-01-25,123
FAC-008,MED-003,2026-01-25,52
FAC-008,MED-004,2026-01-25,64
FAC-008,MED-005,2026-01-25,41
FAC-008,MED-006,2026-01-25,40
FAC-008,MED-007,2026-01-25,28
FAC-008,MED-008,2026-01-25,52
FAC-009,MED-001,2026-01-25,99
FAC-009,MED-002,2026-01-25,166
FAC-009,MED-003,2026-01-25,32
FAC-009,MED-004,2026-01-25,119
FAC-009,MED-005,2026-01-25,43
FAC-009,MED-006,2026-01-25,27
FAC-009,MED-007,2026-01-25,60
FAC-009,MED-008,2026-01-25,89
FAC-010,MED-001,2026-01-25,49
FAC-010,MED-002,2026-01-25,141
FAC-010,MED-003,2026-01-25,33
FAC-010,MED-004,2026-01-25,46
FAC-010,MED-005,2026-01-25,53
FAC-010,MED-006,2026-01-25,47
FAC-010,MED-007,2026-01-25,63
FAC-010,MED-008,2026-01-25,70
FAC-011,MED-001,2026-01-25,722
FAC-011,MED-002,2026-01-25,2152
FAC-011,MED-003,2026-01-25,378
FAC-011,MED-004,2026-01-25,1532
FAC-011,MED-005,2026-01-25,609
FAC-011,MED-006,2026-01-25,618
FAC-011,MED-007,2026-01-25,385
FAC-011,MED-008,2026-01-25,800
FAC-012,MED-001,2026-01-25,103
FAC-012,MED-002,2026-01-25,248
FAC-012,MED-003,2026-01-25,48
FAC-012,MED-004,2026-01-25,193
FAC-012,MED-005,2026-01-25,132
FAC-012,MED-006,2026-01-25,24
FAC-012,MED-007,2026-01-25,132
FAC-012,MED-008,2026-01-25,145
FAC-013,MED-001,2026-01-25,20
FAC-013,MED-002,2026-01-25,39
FAC-013,MED-003,2026-01-25,49
FAC-013,MED-004,2026-01-25,33
FAC-013,MED-005,2026-01-25,22
FAC-013,MED-006,2026-01-25,35
FAC-013,MED-007,2026-01-25,35
FAC-013,MED-008,2026-01-25,33
FAC-014,MED-001,2026-01-25,172
FAC-014,MED-002,2026-01-25,220
FAC-014,MED-003,2026-01-25,30
FAC-014,MED-004,2026-01-25,78
FAC-014,MED-005,2026-01-25,45
FAC-014,MED-006,2026-01-25,70
FAC-014,MED-007,2026-01-25,103
FAC-014,MED-008,2026-01-25,96
FAC-015,MED-001,2026-01-25,89
FAC-015,MED-002,2026-01-25,72
FAC-015,MED-003,2026-01-25,42
FAC-015,MED-004,2026-01-25,81
FAC-015,MED-005,2026-01-25,27
FAC-015,MED-006,2026-01-25,41
FAC-015,MED-007,2026-01-25,74
FAC-015,MED-008,2026-01-25,76
FAC-016,MED-001,2026-01-25,1055
FAC-016,MED-002,2026-01-25,2034
FAC-016,MED-003,2026-01-25,547
FAC-016,MED-004,2026-01-25,1602
FAC-016,MED-005,2026-01-25,510
FAC-016,MED-006,2026-01-25,694
FAC-016,MED-007,2026-01-25,516
FAC-016,MED-008,2026-01-25,2020
FAC-017,MED-001,2026-01-25,194
FAC-017,MED-002,2026-01-25,307
FAC-017,MED-003,2026-01-25,58
FAC-017,MED-004,2026-01-25,184
FAC-017,MED-005,2026-01-25,75
FAC-017,MED-006,2026-01-25,46
FAC-017,MED-007,2026-01-25,131
FAC-017,MED-008,2026-01-25,127
FAC-018,MED-001,2026-01-25,39
FAC-018,MED-002,2026-01-25,56
FAC-018,MED-003,2026-01-25,17
FAC-018,MED-004,2026-01-25,27
FAC-018,MED-005,2026-01-25,37
FAC-018,MED-006,2026-01-25,31
FAC-018,MED-007,2026-01-25,37
FAC-018,MED-008,2026-01-25,30
FAC-019,MED-001,2026-01-25,78
FAC-019,MED-002,2026-01-25,135
FAC-019,MED-003,2026-01-25,23
FAC-019,MED-004,2026-01-25,123
FAC-019,MED-005,2026-01-25,62
FAC-019,MED-006,2026-01-25,42
FAC-019,MED-007,2026-01-25,77
FAC-019,MED-008,2026-01-25,159
FAC-020,MED-001,2026-01-25,140
FAC-020,MED-002,2026-01-25,182
FAC-020,MED-003,2026-01-25,59
FAC-020,MED-004,2026-01-25,149
FAC-020,MED-005,2026-01-25,99
FAC-020,MED-006,2026-01-25,32
FAC-020,MED-007,2026-01-25,84
FAC-020,MED-008,2026-01-25,150
FAC-001,MED-001,2026-01-26,1478
FAC-001,MED-002,2026-01-26,1375
FAC-001,MED-003,2026-01-26,335
FAC-001,MED-004,2026-01-26,1188
FAC-001,MED-005,2026-01-26,437
FAC-001,MED-006,2026-01-26,439
FAC-001,MED-007,2026-01-26,997
FAC-001,MED-008,2026-01-26,1769
FAC-002,MED-001,2026-01-26,201
FAC-002,MED-002,2026-01-26,104
FAC-002,MED-003,2026-01-26,51
FAC-002,MED-004,2026-01-26,162
FAC-002,MED-005,2026-01-26,52
FAC-002,MED-006,2026-01-26,80
FAC-002,MED-007,2026-01-26,145
FAC-002,MED-008,2026-01-26,211
FAC-003,MED-001,2026-01-26,59
FAC-003,MED-002,2026-01-26,38
FAC-003,MED-003,2026-01-26,34
FAC-003,MED-004,2026-01-26,37
FAC-003,MED-005,2026-01-26,23
FAC-003,MED-006,2026-01-26,26
FAC-003,MED-007,2026-01-26,36
FAC-003,MED-008,2026-01-26,51
FAC-004,MED-001,2026-01-26,181
FAC-004,MED-002,2026-01-26,187
FAC-004,MED-003,2026-01-26,72
FAC-004,MED-004,2026-01-26,141
FAC-004,MED-005,2026-01-26,147
FAC-004,MED-006,2026-01-26,34
FAC-004,MED-007,2026-01-26,101
FAC-004,MED-008,2026-01-26,257
FAC-005,MED-001,2026-01-26,1374
FAC-005,MED-002,2026-01-26,1508
FAC-005,MED-003,2026-01-26,424
FAC-005,MED-004,2026-01-26,1341
FAC-005,MED-005,2026-01-26,405
FAC-005,MED-006,2026-01-26,617
FAC-005,MED-007,2026-01-26,587
FAC-005,MED-008,2026-01-26,509
FAC-006,MED-001,2026-01-26,1292
FAC-006,MED-002,2026-01-26,1036
FAC-006,MED-003,2026-01-26,280
FAC-006,MED-004,2026-01-26,483
FAC-006,MED-005,2026-01-26,460
FAC-006,MED-006,2026-01-26,697
FAC-006,MED-007,2026-01-26,1246
FAC-006,MED-008,2026-01-26,1603
FAC-007,MED-001,2026-01-26,187
FAC-007,MED-002,2026-01-26,215
FAC-007,MED-003,2026-01-26,30
FAC-007,MED-004,2026-01-26,70
FAC-007,MED-005,2026-01-26,90
FAC-007,MED-006,2026-01-26,36
FAC-007,MED-007,2026-01-26,93
FAC-007,MED-008,2026-01-26,139
FAC-008,MED-001,2026-01-26,77
FAC-008,MED-002,2026-01-26,115
FAC-008,MED-003,2026-01-26,51
FAC-008,MED-004,2026-01-26,61
FAC-008,MED-005,2026-01-26,35
FAC-008,MED-006,2026-01-26,34
FAC-008,MED-007,2026-01-26,23
FAC-008,MED-008,2026-01-26,47
FAC-009,MED-001,2026-01-26,88
FAC-009,MED-002,2026-01-26,154
FAC-009,MED-003,2026-01-26,29
FAC-009,MED-004,2026-01-26,102
FAC-009,MED-005,2026-01-26,39
FAC-009,MED-006,2026-01-26,61
FAC-009,MED-007,2026-01-26,56
FAC-009,MED-008,2026-01-26,81
FAC-010,MED-001,2026-01-26,37
FAC-010,MED-002,2026-01-26,126
FAC-010,MED-003,2026-01-26,31
FAC-010,MED-004,2026-01-26,38
FAC-010,MED-005,2026-01-26,49
FAC-010,MED-006,2026-01-26,44
FAC-010,MED-007,2026-01-26,60
FAC-010,MED-008,2026-01-26,65
FAC-011,MED-001,2026-01-26,611
FAC-011,MED-002,2026-01-26,1977
FAC-011,MED-003,2026-01-26,347
FAC-011,MED-004,2026-01-26,1434
FAC-011,MED-005,2026-01-26,546
FAC-011,MED-006,2026-01-26,571
FAC-011,MED-007,2026-01-26,313
FAC-011,MED-008,2026-01-26,2022
FAC-012,MED-001,2026-01-26,90
FAC-012,MED-002,2026-01-26,222
FAC-012,MED-003,2026-01-26,48
FAC-012,MED-004,2026-01-26,182
FAC-012,MED-005,2026-01-26,121
FAC-012,MED-006,2026-01-26,77
FAC-012,MED-007,2026-01-26,118
FAC-012,MED-008,2026-01-26,137
FAC-013,MED-001,2026-01-26,17
FAC-013,MED-002,2026-01-26,34
FAC-013,MED-003,2026-01-26,44
FAC-013,MED-004,2026-01-26,31
FAC-013,MED-005,2026-01-26,21
FAC-013,MED-006,2026-01-26,33
FAC-013,MED-007,2026-01-26,31
FAC-013,MED-008,2026-01-26,24
FAC-014,MED-001,2026-01-26,158
FAC-014,MED-002,2026-01-26,212
FAC-014,MED-003,2026-01-26,25
FAC-014,MED-004,2026-01-26,72
FAC-014,MED-005,2026-01-26,37
FAC-014,MED-006,2026-01-26,63
FAC-014,MED-007,2026-01-26,93
FAC-014,MED-008,2026-01-26,90
FAC-015,MED-001,2026-01-26,82
FAC-015,MED-002,2026-01-26,62
FAC-015,MED-003,2026-01-26,38
FAC-015,MED-004,2026-01-26,73
FAC-015,MED-005,2026-01-26,73
FAC-015,MED-006,2026-01-26,37
FAC-015,MED-007,2026-01-26,69
FAC-015,MED-008,2026-01-26,66
FAC-016,MED-001,2026-01-26,909
FAC-016,MED-002,2026-01-26,1852
FAC-016,MED-003,2026-01-26,510
FAC-016,MED-004,2026-01-26,1473
FAC-016,MED-005,2026-01-26,445
FAC-016,MED-006,2026-01-26,650
FAC-016,MED-007,2026-01-26,431
FAC-016,MED-008,2026-01-26,1897
FAC-017,MED-001,2026-01-26,185
FAC-017,MED-002,2026-01-26,295
FAC-017,MED-003,2026-01-26,53
FAC-017,MED-004,2026-01-26,176
FAC-017,MED-005,2026-01-26,71
FAC-017,MED-006,2026-01-26,42
FAC-017,MED-007,2026-01-26,127
FAC-017,MED-008,2026-01-26,114
FAC-018,MED-001,2026-01-26,35
FAC-018,MED-002,2026-01-26,44
FAC-018,MED-003,2026-01-26,47
FAC-018,MED-004,2026-01-26,24
FAC-018,MED-005,2026-01-26,34
FAC-018,MED-006,2026-01-26,27
FAC-018,MED-007,2026-01-26,36
FAC-018,MED-008,2026-01-26,26
FAC-019,MED-001,2026-01-26,214
FAC-019,MED-002,2026-01-26,121
FAC-019,MED-003,2026-01-26,22
FAC-019,MED-004,2026-01-26,112
FAC-019,MED-005,2026-01-26,59
FAC-019,MED-006,2026-01-26,38
FAC-019,MED-007,2026-01-26,69
FAC-019,MED-008,2026-01-26,140
FAC-020,MED-001,2026-01-26,130
FAC-020,MED-002,2026-01-26,175
FAC-020,MED-003,2026-01-26,54
FAC-020,MED-004,2026-01-26,142
FAC-020,MED-005,2026-01-26,95
FAC-020,MED-006,2026-01-26,28
FAC-020,MED-007,2026-01-26,78
FAC-020,MED-008,2026-01-26,146
FAC-001,MED-001,2026-01-27,1322
FAC-001,MED-002,2026-01-27,1209
FAC-001,MED-003,2026-01-27,308
FAC-001,MED-004,2026-01-27,1067
FAC-001,MED-005,2026-01-27,363
FAC-001,MED-006,2026-01-27,396
FAC-001,MED-007,2026-01-27,915
FAC-001,MED-008,2026-01-27,1633
FAC-002,MED-001,2026-01-27,184
FAC-002,MED-002,2026-01-27,74
FAC-002,MED-003,2026-01-27,47
FAC-002,MED-004,2026-01-27,149
FAC-002,MED-005,2026-01-27,45
FAC-002,MED-006,2026-01-27,76
FAC-002,MED-007,2026-01-27,138
FAC-002,MED-008,2026-01-27,203
FAC-003,MED-001,2026-01-27,54
FAC-003,MED-002,2026-01-27,101
FAC-003,MED-003,2026-01-27,29
FAC-003,MED-004,2026-01-27,29
FAC-003,MED-005,2026-01-27,23
FAC-003,MED-006,2026-01-27,21
FAC-003,MED-007,2026-01-27,33
FAC-003,MED-008,2026-01-27,45
FAC-004,MED-001,2026-01-27,172
FAC-004,MED-002,2026-01-27,161
FAC-004,MED-003,2026-01-27,65
FAC-004,MED-004,2026-01-27,132
FAC-004,MED-005,2026-01-27,143
FAC-004,MED-006,2026-01-27,94
FAC-004,MED-007,2026-01-27,87
FAC-004,MED-008,2026-01-27,244
FAC-005,MED-001,2026-01-27,1245
FAC-005,MED-002,2026-01-27,1364
FAC-005,MED-003,2026-01-27,392
FAC-005,MED-004,2026-01-27,1259
FAC-005,MED-005,2026-01-27,350
FAC-005,MED-006,2026-01-27,582
FAC-005,MED-007,2026-01-27,519
FAC-005,MED-008,2026-01-27,1662
FAC-006,MED-001,2026-01-27,1152
FAC-006,MED-002,2026-01-27,874
FAC-006,MED-003,2026-01-27,247
FAC-006,MED-004,2026-01-27,1685
FAC-006,MED-005,2026-01-27,1245
FAC-006,MED-006,2026-01-27,649
FAC-006,MED-007,2026-01-27,1171
FAC-006,MED-008,2026-01-27,1488
FAC-007,MED-001,2026-01-27,179
FAC-007,MED-002,2026-01-27,199
FAC-007,MED-003,2026-01-27,26
FAC-007,MED-004,2026-01-27,58
FAC-007,MED-005,2026-01-27,81
FAC-007,MED-006,2026-01-27,33
FAC-007,MED-007,2026-01-27,82
FAC-007,MED-008,2026-01-27,136
FAC-008,MED-001,2026-01-27,73
FAC-008,MED-002,2026-01-27,109
FAC-008,MED-003,2026-01-27,42
FAC-008,MED-004,2026-01-27,59
FAC-008,MED-005,2026-01-27,32
FAC-008,MED-006,2026-01-27,27
FAC-008,MED-007,2026-01-27,59
FAC-008,MED-008,2026-01-27,38
FAC-009,MED-001,2026-01-27,75
FAC-009,MED-002,2026-01-27,142
FAC-009,MED-003,2026-01-27,28
FAC-009,MED-004,2026-01-27,98
FAC-009,MED-005,2026-01-27,100
FAC-009,MED-006,2026-01-27,58
FAC-009,MED-007,2026-01-27,52
FAC-009,MED-008,2026-01-27,70
FAC-010,MED-001,2026-01-27,119
FAC-010,MED-002,2026-01-27,115
FAC-010,MED-003,2026-01-27,30
FAC-010,MED-004,2026-01-27,105
FAC-010,MED-005,2026-01-27,44
FAC-010,MED-006,2026-01-27,38
FAC-010,MED-007,2026-01-27,56
FAC-010,MED-008,2026-01-27,58
FAC-011,MED-001,2026-01-27,502
FAC-011,MED-002,2026-01-27,1813
FAC-011,MED-003,2026-01-27,320
FAC-011,MED-004,2026-01-27,1325
FAC-011,MED-005,2026-01-27,486
FAC-011,MED-006,2026-01-27,531
FAC-011,MED-007,2026-01-27,1023
FAC-011,MED-008,2026-01-27,1921
FAC-012,MED-001,2026-01-27,82
FAC-012,MED-002,2026-01-27,204
FAC-012,MED-003,2026-01-27,45
FAC-012,MED-004,2026-01-27,177
FAC-012,MED-005,2026-01-27,115
FAC-012,MED-006,2026-01-27,70
FAC-012,MED-007,2026-01-27,103
FAC-012,MED-008,2026-01-27,125
FAC-013,MED-001,2026-01-27,68
FAC-013,MED-002,2026-01-27,91
FAC-013,MED-003,2026-01-27,42
FAC-013,MED-004,2026-01-27,26
FAC-013,MED-005,2026-01-27,17
FAC-013,MED-006,2026-01-27,31
FAC-013,MED-007,2026-01-27,28
FAC-013,MED-008,2026-01-27,22
FAC-014,MED-001,2026-01-27,139
FAC-014,MED-002,2026-01-27,198
FAC-014,MED-003,2026-01-27,24
FAC-014,MED-004,2026-01-27,59
FAC-014,MED-005,2026-01-27,31
FAC-014,MED-006,2026-01-27,59
FAC-014,MED-007,2026-01-27,81
FAC-014,MED-008,2026-01-27,68
FAC-015,MED-001,2026-01-27,72
FAC-015,MED-002,2026-01-27,51
FAC-015,MED-003,2026-01-27,37
FAC-015,MED-004,2026-01-27,62
FAC-015,MED-005,2026-01-27,68
FAC-015,MED-006,2026-01-27,33
FAC-015,MED-007,2026-01-27,62
FAC-015,MED-008,2026-01-27,59
FAC-016,MED-001,2026-01-27,2420
FAC-016,MED-002,2026-01-27,1681
FAC-016,MED-003,2026-01-27,467
FAC-016,MED-004,2026-01-27,1354
FAC-016,MED-005,2026-01-27,370
FAC-016,MED-006,2026-01-27,604
FAC-016,MED-007,2026-01-27,346
FAC-016,MED-008,2026-01-27,1778
FAC-017,MED-001,2026-01-27,166
FAC-017,MED-002,2026-01-27,285
FAC-017,MED-003,2026-01-27,49
FAC-017,MED-004,2026-01-27,165
FAC-017,MED-005,2026-01-27,65
FAC-017,MED-006,2026-01-27,40
FAC-017,MED-007,2026-01-27,124
FAC-017,MED-008,2026-01-27,101
FAC-018,MED-001,2026-01-27,32
FAC-018,MED-002,2026-01-27,40
FAC-018,MED-003,2026-01-27,42
FAC-018,MED-004,2026-01-27,21
FAC-018,MED-005,2026-01-27,32
FAC-018,MED-006,2026-01-27,23
FAC-018,MED-007,2026-01-27,33
FAC-018,MED-008,2026-01-27,79
FAC-019,MED-001,2026-01-27,202
FAC-019,MED-002,2026-01-27,103
FAC-019,MED-003,2026-01-27,20
FAC-019,MED-004,2026-01-27,102
FAC-019,MED-005,2026-01-27,55
FAC-019,MED-006,2026-01-27,34
FAC-019,MED-007,2026-01-27,61
FAC-019,MED-008,2026-01-27,126
FAC-020,MED-001,2026-01-27,114
FAC-020,MED-002,2026-01-27,162
FAC-020,MED-003,2026-01-27,52
FAC-020,MED-004,2026-01-27,131
FAC-020,MED-005,2026-01-27,94
FAC-020,MED-006,2026-01-27,24
FAC-020,MED-007,2026-01-27,70
FAC-020,MED-008,2026-01-27,138
FAC-001,MED-001,2026-01-28,1176
FAC-001,MED-002,2026-01-28,3057
FAC-001,MED-003,2026-01-28,281
FAC-001,MED-004,2026-01-28,969
FAC-001,MED-005,2026-01-28,1163
FAC-001,MED-006,2026-01-28,347
FAC-001,MED-007,2026-01-28,849
FAC-001,MED-008,2026-01-28,1497
FAC-002,MED-001,2026-01-28,176
FAC-002,MED-002,2026-01-28,291
FAC-002,MED-003,2026-01-28,44
FAC-002,MED-004,2026-01-28,135
FAC-002,MED-005,2026-01-28,36
FAC-002,MED-006,2026-01-28,74
FAC-002,MED-007,2026-01-28,128
FAC-002,MED-008,2026-01-28,191
FAC-003,MED-001,2026-01-28,48
FAC-003,MED-002,2026-01-28,90
FAC-003,MED-003,2026-01-28,22
FAC-003,MED-004,2026-01-28,22
FAC-003,MED-005,2026-01-28,21
FAC-003,MED-006,2026-01-28,21
FAC-003,MED-007,2026-01-28,30
FAC-003,MED-008,2026-01-28,45
FAC-004,MED-001,2026-01-28,156
FAC-004,MED-002,2026-01-28,135
FAC-004,MED-003,2026-01-28,62
FAC-004,MED-004,2026-01-28,111
FAC-004,MED-005,2026-01-28,135
FAC-004,MED-006,2026-01-28,91
FAC-004,MED-007,2026-01-28,71
FAC-004,MED-008,2026-01-28,232
FAC-005,MED-001,2026-01-28,1129
FAC-005,MED-002,2026-01-28,1212
FAC-005,MED-003,2026-01-28,359
FAC-005,MED-004,2026-01-28,1165
FAC-005,MED-005,2026-01-28,297
FAC-005,MED-006,2026-01-28,551
FAC-005,MED-007,2026-01-28,454
FAC-005,MED-008,2026-01-28,1513
FAC-006,MED-001,2026-01-28,1028
FAC-006,MED-002,2026-01-28,717
FAC-006,MED-003,2026-01-28,218
FAC-006,MED-004,2026-01-28,1585
FAC-006,MED-005,2026-01-28,1177
FAC-006,MED-006,2026-01-28,609
FAC-006,MED-007,2026-01-28,1090
FAC-006,MED-008,2026-01-28,1377
FAC-007,MED-001,2026-01-28,165
FAC-007,MED-002,2026-01-28,180
FAC-007,MED-003,2026-01-28,23
FAC-007,MED-004,2026-01-28,53
FAC-007,MED-005,2026-01-28,73
FAC-007,MED-006,2026-01-28,31
FAC-007,MED-007,2026-01-28,75
FAC-007,MED-008,2026-01-28,126
FAC-008,MED-001,2026-01-28,67
FAC-008,MED-002,2026-01-28,106
FAC-008,MED-003,2026-01-28,35
FAC-008,MED-004,2026-01-28,57
FAC-008,MED-005,2026-01-28,30
FAC-008,MED-006,2026-01-28,24
FAC-008,MED-007,2026-01-28,55
FAC-008,MED-008,2026-01-28,36
FAC-009,MED-001,2026-01-28,63
FAC-009,MED-002,2026-01-28,122
FAC-009,MED-003,2026-01-28,21
FAC-009,MED-004,2026-01-28,90
FAC-009,MED-005,2026-01-28,98
FAC-009,MED-006,2026-01-28,54
FAC-009,MED-007,2026-01-28,45
FAC-009,MED-008,2026-01-28,58
FAC-010,MED-001,2026-01-28,109
FAC-010,MED-002,2026-01-28,106
FAC-010,MED-003,2026-01-28,30
FAC-010,MED-004,2026-01-28,100
FAC-010,MED-005,2026-01-28,38
FAC-010,MED-006,2026-01-28,32
FAC-010,MED-007,2026-01-28,49
FAC-010,MED-008,2026-01-28,47
FAC-011,MED-001,2026-01-28,1779
FAC-011,MED-002,2026-01-28,1639
FAC-011,MED-003,2026-01-28,281
FAC-011,MED-004,2026-01-28,1220
FAC-011,MED-005,2026-01-28,426
FAC-011,MED-006,2026-01-28,494
FAC-011,MED-007,2026-01-28,961
FAC-011,MED-008,2026-01-28,1795
FAC-012,MED-001,2026-01-28,243
FAC-012,MED-002,2026-01-28,183
FAC-012,MED-003,2026-01-28,41
FAC-012,MED-004,2026-01-28,165
FAC-012,MED-005,2026-01-28,112
FAC-012,MED-006,2026-01-28,67
FAC-012,MED-007,2026-01-28,97
FAC-012,MED-008,2026-01-28,108
FAC-013,MED-001,2026-01-28,64
FAC-013,MED-002,2026-01-28,90
FAC-013,MED-003,2026-01-28,38
FAC-013,MED-004,2026-01-28,24
FAC-013,MED-005,2026-01-28,15
FAC-013,MED-006,2026-01-28,29
FAC-013,MED-007,2026-01-28,25
FAC-013,MED-008,2026-01-28,67
FAC-014,MED-001,2026-01-28,126
FAC-014,MED-002,2026-01-28,182
FAC-014,MED-003,2026-01-28,20
FAC-014,MED-004,2026-01-28,48
FAC-014,MED-005,2026-01-28,100
FAC-014,MED-006,2026-01-28,58
FAC-014,MED-007,2026-01-28,79
FAC-014,MED-008,2026-01-28,63
FAC-015,MED-001,2026-01-28,66
FAC-015,MED-002,2026-01-28,182
FAC-015,MED-003,2026-01-28,34
FAC-015,MED-004,2026-01-28,54
FAC-015,MED-005,2026-01-28,63
FAC-015,MED-006,2026-01-28,30
FAC-015,MED-007,2026-01-28,59
FAC-015,MED-008,2026-01-28,50
FAC-016,MED-001,2026-01-28,2291
FAC-016,MED-002,2026-01-28,1509
FAC-016,MED-003,2026-01-28,433
FAC-016,MED-004,2026-01-28,1233
FAC-016,MED-005,2026-01-28,1115
FAC-016,MED-006,2026-01-28,559
FAC-016,MED-007,2026-01-28,1233
FAC-016,MED-008,2026-01-28,1646
FAC-017,MED-001,2026-01-28,154
FAC-017,MED-002,2026-01-28,257
FAC-017,MED-003,2026-01-28,44
FAC-017,MED-004,2026-01-28,150
FAC-017,MED-005,2026-01-28,59
FAC-017,MED-006,2026-01-28,35
FAC-017,MED-007,2026-01-28,118
FAC-017,MED-008,2026-01-28,88
FAC-018,MED-001,2026-01-28,28
FAC-018,MED-002,2026-01-28,116
FAC-018,MED-003,2026-01-28,36
FAC-018,MED-004,2026-01-28,71
FAC-018,MED-005,2026-01-28,28
FAC-018,MED-006,2026-01-28,20
FAC-018,MED-007,2026-01-28,30
FAC-018,MED-008,2026-01-28,74
FAC-019,MED-001,2026-01-28,194
FAC-019,MED-002,2026-01-28,88
FAC-019,MED-003,2026-01-28,17
FAC-019,MED-004,2026-01-28,92
FAC-019,MED-005,2026-01-28,46
FAC-019,MED-006,2026-01-28,31
FAC-019,MED-007,2026-01-28,57
FAC-019,MED-008,2026-01-28,117
FAC-020,MED-001,2026-01-28,107
FAC-020,MED-002,2026-01-28,145
FAC-020,MED-003,2026-01-28,48
FAC-020,MED-004,2026-01-28,122
FAC-020,MED-005,2026-01-28,89
FAC-020,MED-006,2026-01-28,22
FAC-020,MED-007,2026-01-28,60
FAC-020,MED-008,2026-01-28,127
FAC-001,MED-001,2026-01-29,1023
FAC-001,MED-002,2026-01-29,2867
FAC-001,MED-003,2026-01-29,253
FAC-001,MED-004,2026-01-29,854
FAC-001,MED-005,2026-01-29,1092
FAC-001,MED-006,2026-01-29,307
FAC-001,MED-007,2026-01-29,752
FAC-001,MED-008,2026-01-29,1352
FAC-002,MED-001,2026-01-29,160
FAC-002,MED-002,2026-01-29,267
FAC-002,MED-003,2026-01-29,39
FAC-002,MED-004,2026-01-29,129
FAC-002,MED-005,2026-01-29,28
FAC-002,MED-006,2026-01-29,66
FAC-002,MED-007,2026-01-29,122
FAC-002,MED-008,2026-01-29,180
FAC-003,MED-001,2026-01-29,43
FAC-003,MED-002,2026-01-29,84
FAC-003,MED-003,2026-01-29,15
FAC-003,MED-004,2026-01-29,16
FAC-003,MED-005,2026-01-29,57
FAC-003,MED-006,2026-01-29,17
FAC-003,MED-007,2026-01-29,26
FAC-003,MED-008,2026-01-29,41
FAC-004,MED-001,2026-01-29,133
FAC-004,MED-002,2026-01-29,120
FAC-004,MED-003,2026-01-29,56
FAC-004,MED-004,2026-01-29,94
FAC-004,MED-005,2026-01-29,128
FAC-004,MED-006,2026-01-29,88
FAC-004,MED-007,2026-01-29,64
FAC-004,MED-008,2026-01-29,215
FAC-005,MED-001,2026-01-29,1004
FAC-005,MED-002,2026-01-29,1082
FAC-005,MED-003,2026-01-29,339
FAC-005,MED-004,2026-01-29,1075
FAC-005,MED-005,2026-01-29,244
FAC-005,MED-006,2026-01-29,505
FAC-005,MED-007,2026-01-29,380
FAC-005,MED-008,2026-01-29,1401
FAC-006,MED-001,2026-01-29,899
FAC-006,MED-002,2026-01-29,529
FAC-006,MED-003,2026-01-29,568
FAC-006,MED-004,2026-01-29,1482
FAC-006,MED-005,2026-01-29,1110
FAC-006,MED-006,2026-01-29,554
FAC-006,MED-007,2026-01-29,1030
FAC-006,MED-008,2026-01-29,1260
FAC-007,MED-001,2026-01-29,151
FAC-007,MED-002,2026-01-29,165
FAC-007,MED-003,2026-01-29,22
FAC-007,MED-004,2026-01-29,39
FAC-007,MED-005,2026-01-29,66
FAC-007,MED-006,2026-01-29,27
FAC-007,MED-007,2026-01-29,69
FAC-007,MED-008,2026-01-29,118
FAC-008,MED-001,2026-01-29,58
FAC-008,MED-002,2026-01-29,101
FAC-008,MED-003,2026-01-29,31
FAC-008,MED-004,2026-01-29,53
FAC-008,MED-005,2026-01-29,24
FAC-008,MED-006,2026-01-29,21
FAC-008,MED-007,2026-01-29,50
FAC-008,MED-008,2026-01-29,99
FAC-009,MED-001,2026-01-29,184
FAC-009,MED-002,2026-01-29,109
FAC-009,MED-003,2026-01-29,19
FAC-009,MED-004,2026-01-29,81
FAC-009,MED-005,2026-01-29,94
FAC-009,MED-006,2026-01-29,50
FAC-009,MED-007,2026-01-29,40
FAC-009,MED-008,2026-01-29,47
FAC-010,MED-001,2026-01-29,106
FAC-010,MED-002,2026-01-29,97
FAC-010,MED-003,2026-01-29,27
FAC-010,MED-004,2026-01-29,92
FAC-010,MED-005,2026-01-29,34
FAC-010,MED-006,2026-01-29,31
FAC-010,MED-007,2026-01-29,48
FAC-010,MED-008,2026-01-29,37
FAC-011,MED-001,2026-01-29,1645
FAC-011,MED-002,2026-01-29,1494
FAC-011,MED-003,2026-01-29,252
FAC-011,MED-004,2026-01-29,1119
FAC-011,MED-005,2026-01-29,382
FAC-011,MED-006,2026-01-29,446
FAC-011,MED-007,2026-01-29,880
FAC-011,MED-008,2026-01-29,1668
FAC-012,MED-001,2026-01-29,232
FAC-012,MED-002,2026-01-29,156
FAC-012,MED-003,2026-01-29,38
FAC-012,MED-004,2026-01-29,154
FAC-012,MED-005,2026-01-29,103
FAC-012,MED-006,2026-01-29,64
FAC-012,MED-007,2026-01-29,89
FAC-012,MED-008,2026-01-29,90
FAC-013,MED-001,2026-01-29,59
FAC-013,MED-002,2026-01-29,80
FAC-013,MED-003,2026-01-29,38
FAC-013,MED-004,2026-01-29,62
FAC-013,MED-005,2026-01-29,49
FAC-013,MED-006,2026-01-29,24
FAC-013,MED-007,2026-01-29,24
FAC-013,MED-008,2026-01-29,61
FAC-014,MED-001,2026-01-29,118
FAC-014,MED-002,2026-01-29,168
FAC-014,MED-003,2026-01-29,55
FAC-014,MED-004,2026-01-29,44
FAC-014,MED-005,2026-01-29,95
FAC-014,MED-006,2026-01-29,52
FAC-014,MED-007,2026-01-29,72
FAC-014,MED-008,2026-01-29,53
FAC-015,MED-001,2026-01-29,56
FAC-015,MED-002,2026-01-29,171
FAC-015,MED-003,2026-01-29,33
FAC-015,MED-004,2026-01-29,48
FAC-015,MED-005,2026-01-29,59
FAC-015,MED-006,2026-01-29,29
FAC-015,MED-007,2026-01-29,54
FAC-015,MED-008,2026-01-29,39
FAC-016,MED-001,2026-01-29,2154
FAC-016,MED-002,2026-01-29,1322
FAC-016,MED-003,2026-01-29,400
FAC-016,MED-004,2026-01-29,1112
FAC-016,MED-005,2026-01-29,1040
FAC-016,MED-006,2026-01-29,520
FAC-016,MED-007,2026-01-29,1141
FAC-016,MED-008,2026-01-29,1509
FAC-017,MED-001,2026-01-29,138
FAC-017,MED-002,2026-01-29,236
FAC-017,MED-003,2026-01-29,40
FAC-017,MED-004,2026-01-29,143
FAC-017,MED-005,2026-01-29,49
FAC-017,MED-006,2026-01-29,75
FAC-017,MED-007,2026-01-29,112
FAC-017,MED-008,2026-01-29,75
FAC-018,MED-001,2026-01-29,78
FAC-018,MED-002,2026-01-29,113
FAC-018,MED-003,2026-01-29,29
FAC-018,MED-004,2026-01-29,65
FAC-018,MED-005,2026-01-29,23
FAC-018,MED-006,2026-01-29,15
FAC-018,MED-007,2026-01-29,25
FAC-018,MED-008,2026-01-29,69
FAC-019,MED-001,2026-01-29,183
FAC-019,MED-002,2026-01-29,76
FAC-019,MED-003,2026-01-29,48
FAC-019,MED-004,2026-01-29,89
FAC-019,MED-005,2026-01-29,45
FAC-019,MED-006,2026-01-29,29
FAC-019,MED-007,2026-01-29,54
FAC-019,MED-008,2026-01-29,107
FAC-020,MED-001,2026-01-29,90
FAC-020,MED-002,2026-01-29,136
FAC-020,MED-003,2026-01-29,44
FAC-020,MED-004,2026-01-29,106
FAC-020,MED-005,2026-01-29,83
FAC-020,MED-006,2026-01-29,59
FAC-020,MED-007,2026-01-29,52
FAC-020,MED-008,2026-01-29,115
FAC-001,MED-001,2026-01-30,852
FAC-001,MED-002,2026-01-30,2680
FAC-001,MED-003,2026-01-30,632
FAC-001,MED-004,2026-01-30,731
FAC-001,MED-005,2026-01-30,1017
FAC-001,MED-006,2026-01-30,255
FAC-001,MED-007,2026-01-30,661
FAC-001,MED-008,2026-01-30,1215
FAC-002,MED-001,2026-01-30,146
FAC-002,MED-002,2026-01-30,254
FAC-002,MED-003,2026-01-30,33
FAC-002,MED-004,2026-01-30,116
FAC-002,MED-005,2026-01-30,116
FAC-002,MED-006,2026-01-30,61
FAC-002,MED-007,2026-01-30,118
FAC-002,MED-008,2026-01-30,165
FAC-003,MED-001,2026-01-30,38
FAC-003,MED-002,2026-01-30,80
FAC-003,MED-003,2026-01-30,12
FAC-003,MED-004,2026-01-30,6
FAC-003,MED-005,2026-01-30,55
FAC-003,MED-006,2026-01-30,50
FAC-003,MED-007,2026-01-30,26
FAC-003,MED-008,2026-01-30,36
FAC-004,MED-001,2026-01-30,115
FAC-004,MED-002,2026-01-30,343
FAC-004,MED-003,2026-01-30,53
FAC-004,MED-004,2026-01-30,82
FAC-004,MED-005,2026-01-30,119
FAC-004,MED-006,2026-01-30,79
FAC-004,MED-007,2026-01-30,56
FAC-004,MED-008,2026-01-30,211
FAC-005,MED-001,2026-01-30,884
FAC-005,MED-002,2026-01-30,951
FAC-005,MED-003,2026-01-30,316
FAC-005,MED-004,2026-01-30,998
FAC-005,MED-005,2026-01-30,187
FAC-005,MED-006,2026-01-30,461
FAC-005,MED-007,2026-01-30,1075
FAC-005,MED-008,2026-01-30,1296
FAC-006,MED-001,2026-01-30,775
FAC-006,MED-002,2026-01-30,2350
FAC-006,MED-003,2026-01-30,531
FAC-006,MED-004,2026-01-30,1368
FAC-006,MED-005,2026-01-30,1049
FAC-006,MED-006,2026-01-30,515
FAC-006,MED-007,2026-01-30,968
FAC-006,MED-008,2026-01-30,1128
FAC-007,MED-001,2026-01-30,134
FAC-007,MED-002,2026-01-30,151
FAC-007,MED-003,2026-01-30,21
FAC-007,MED-004,2026-01-30,31
FAC-007,MED-005,2026-01-30,55
FAC-007,MED-006,2026-01-30,77
FAC-007,MED-007,2026-01-30,61
FAC-007,MED-008,2026-01-30,111
FAC-008,MED-001,2026-01-30,51
FAC-008,MED-002,2026-01-30,97
FAC-008,MED-003,2026-01-30,28
FAC-008,MED-004,2026-01-30,46
FAC-008,MED-005,2026-01-30,21
FAC-008,MED-006,2026-01-30,16
FAC-008,MED-007,2026-01-30,48
FAC-008,MED-008,2026-01-30,91
FAC-009,MED-001,2026-01-30,174
FAC-009,MED-002,2026-01-30,99
FAC-009,MED-003,2026-01-30,11
FAC-009,MED-004,2026-01-30,69
FAC-009,MED-005,2026-01-30,87
FAC-009,MED-006,2026-01-30,48
FAC-009,MED-007,2026-01-30,106
FAC-009,MED-008,2026-01-30,33
FAC-010,MED-001,2026-01-30,95
FAC-010,MED-002,2026-01-30,84
FAC-010,MED-003,2026-01-30,24
FAC-010,MED-004,2026-01-30,86
FAC-010,MED-005,2026-01-30,33
FAC-010,MED-006,2026-01-30,28
FAC-010,MED-007,2026-01-30,46
FAC-010,MED-008,2026-01-30,24
FAC-011,MED-001,2026-01-30,1544
FAC-011,MED-002,2026-01-30,1367
FAC-011,MED-003,2026-01-30,229
FAC-011,MED-004,2026-01-30,998
FAC-011,MED-005,2026-01-30,328
FAC-011,MED-006,2026-01-30,414
FAC-011,MED-007,2026-01-30,820
FAC-011,MED-008,2026-01-30,1575
FAC-012,MED-001,2026-01-30,211
FAC-012,MED-002,2026-01-30,136
FAC-012,MED-003,2026-01-30,35
FAC-012,MED-004,2026-01-30,141
FAC-012,MED-005,2026-01-30,99
FAC-012,MED-006,2026-01-30,60
FAC-012,MED-007,2026-01-30,81
FAC-012,MED-008,2026-01-30,74
FAC-013,MED-001,2026-01-30,55
FAC-013,MED-002,2026-01-30,70
FAC-013,MED-003,2026-01-30,38
FAC-013,MED-004,2026-01-30,57
FAC-013,MED-005,2026-01-30,46
FAC-013,MED-006,2026-01-30,22
FAC-013,MED-007,2026-01-30,21
FAC-013,MED-008,2026-01-30,59
FAC-014,MED-001,2026-01-30,110
FAC-014,MED-002,2026-01-30,152
FAC-014,MED-003,2026-01-30,54
FAC-014,MED-004,2026-01-30,147
FAC-014,MED-005,2026-01-30,93
FAC-014,MED-006,2026-01-30,44
FAC-014,MED-007,2026-01-30,70
FAC-014,MED-008,2026-01-30,39
FAC-015,MED-001,2026-01-30,167
FAC-015,MED-002,2026-01-30,162
FAC-015,MED-003,2026-01-30,28
FAC-015,MED-004,2026-01-30,42
FAC-015,MED-005,2026-01-30,56
FAC-015,MED-006,2026-01-30,26
FAC-015,MED-007,2026-01-30,49
FAC-015,MED-008,2026-01-30,128
FAC-016,MED-001,2026-01-30,2009
FAC-016,MED-002,2026-01-30,3096
FAC-016,MED-003,2026-01-30,374
FAC-016,MED-004,2026-01-30,992
FAC-016,MED-005,2026-01-30,974
FAC-016,MED-006,2026-01-30,485
FAC-016,MED-007,2026-01-30,1056
FAC-016,MED-008,2026-01-30,1377
FAC-017,MED-001,2026-01-30,122
FAC-017,MED-002,2026-01-30,220
FAC-017,MED-003,2026-01-30,38
FAC-017,MED-004,2026-01-30,130
FAC-017,MED-005,2026-01-30,41
FAC-017,MED-006,2026-01-30,65
FAC-017,MED-007,2026-01-30,104
FAC-017,MED-008,2026-01-30,204
FAC-018,MED-001,2026-01-30,73
FAC-018,MED-002,2026-01-30,104
FAC-018,MED-003,2026-01-30,26
FAC-018,MED-004,2026-01-30,58
FAC-018,MED-005,2026-01-30,22
FAC-018,MED-006,2026-01-30,10
FAC-018,MED-007,2026-01-30,25
FAC-018,MED-008,2026-01-30,62
FAC-019,MED-001,2026-01-30,165
FAC-019,MED-002,2026-01-30,59
FAC-019,MED-003,2026-01-30,46
FAC-019,MED-004,2026-01-30,77
FAC-019,MED-005,2026-01-30,113
FAC-019,MED-006,2026-01-30,28
FAC-019,MED-007,2026-01-30,130
FAC-019,MED-008,2026-01-30,99
FAC-020,MED-001,2026-01-30,81
FAC-020,MED-002,2026-01-30,129
FAC-020,MED-003,2026-01-30,41
FAC-020,MED-004,2026-01-30,99
FAC-020,MED-005,2026-01-30,78
FAC-020,MED-006,2026-01-30,58
FAC-020,MED-007,2026-01-30,47
FAC-020,MED-008,2026-01-30,106
FAC-001,MED-001,2026-01-31,710
FAC-001,MED-002,2026-01-31,2510
FAC-001,MED-003,2026-01-31,595
FAC-001,MED-004,2026-01-31,625
FAC-001,MED-005,2026-01-31,938
FAC-001,MED-006,2026-01-31,197
FAC-001,MED-007,2026-01-31,582
FAC-001,MED-008,2026-01-31,1098
FAC-002,MED-001,2026-01-31,138
FAC-002,MED-002,2026-01-31,241
FAC-002,MED-003,2026-01-31,30
FAC-002,MED-004,2026-01-31,110
FAC-002,MED-005,2026-01-31,114
FAC-002,MED-006,2026-01-31,59
FAC-002,MED-007,2026-01-31,112
FAC-002,MED-008,2026-01-31,156
FAC-003,MED-001,2026-01-31,34
FAC-003,MED-002,2026-01-31,76
FAC-003,MED-003,2026-01-31,43
FAC-003,MED-004,2026-01-31,6
FAC-003,MED-005,2026-01-31,52
FAC-003,MED-006,2026-01-31,46
FAC-003,MED-007,2026-01-31,22
FAC-003,MED-008,2026-01-31,33
FAC-004,MED-001,2026-01-31,105
FAC-004,MED-002,2026-01-31,329
FAC-004,MED-003,2026-01-31,48
FAC-004,MED-004,2026-01-31,71
FAC-004,MED-005,2026-01-31,117
FAC-004,MED-006,2026-01-31,73
FAC-004,MED-007,2026-01-31,155
FAC-004,MED-008,2026-01-31,204
FAC-005,MED-001,2026-01-31,791
FAC-005,MED-002,2026-01-31,823
FAC-005,MED-003,2026-01-31,286
FAC-005,MED-004,2026-01-31,903
FAC-005,MED-005,2026-01-31,754
FAC-005,MED-006,2026-01-31,420
FAC-005,MED-007,2026-01-31,1024
FAC-005,MED-008,2026-01-31,1189
FAC-006,MED-001,2026-01-31,655
FAC-006,MED-002,2026-01-31,2214
FAC-006,MED-003,2026-01-31,500
FAC-006,MED-004,2026-01-31,1274
FAC-006,MED-005,2026-01-31,980
FAC-006,MED-006,2026-01-31,486
FAC-006,MED-007,2026-01-31,896
FAC-006,MED-008,2026-01-31,1037
FAC-007,MED-001,2026-01-31,126
FAC-007,MED-002,2026-01-31,143
FAC-007,MED-003,2026-01-31,54
FAC-007,MED-004,2026-01-31,151
FAC-007,MED-005,2026-01-31,51
FAC-007,MED-006,2026-01-31,73
FAC-007,MED-007,2026-01-31,57
FAC-007,MED-008,2026-01-31,105
FAC-008,MED-001,2026-01-31,46
FAC-008,MED-002,2026-01-31,94
FAC-008,MED-003,2026-01-31,26
FAC-008,MED-004,2026-01-31,39
FAC-008,MED-005,2026-01-31,19
FAC-008,MED-006,2026-01-31,50
FAC-008,MED-007,2026-01-31,45
FAC-008,MED-008,2026-01-31,89
FAC-009,MED-001,2026-01-31,166
FAC-009,MED-002,2026-01-31,84
FAC-009,MED-003,2026-01-31,41
FAC-009,MED-004,2026-01-31,64
FAC-009,MED-005,2026-01-31,84
FAC-009,MED-006,2026-01-31,47
FAC-009,MED-007,2026-01-31,103
FAC-009,MED-008,2026-01-31,148
FAC-010,MED-001,2026-01-31,92
FAC-010,MED-002,2026-01-31,76
FAC-010,MED-003,2026-01-31,24
FAC-010,MED-004,2026-01-31,82
FAC-010,MED-005,2026-01-31,30
FAC-010,MED-006,2026-01-31,26
FAC-010,MED-007,2026-01-31,44
FAC-010,MED-008,2026-01-31,115
FAC-011,MED-001,2026-01-31,1425
FAC-011,MED-002,2026-01-31,1228
FAC-011,MED-003,2026-01-31,199
FAC-011,MED-004,2026-01-31,919
FAC-011,MED-005,2026-01-31,1044
FAC-011,MED-006,2026-01-31,382
FAC-011,MED-007,2026-01-31,756
FAC-011,MED-008,2026-01-31,1455
FAC-012,MED-001,2026-01-31,201
FAC-012,MED-002,2026-01-31,127
FAC-012,MED-003,2026-01-31,24
FAC-012,MED-004,2026-01-31,132
FAC-012,MED-005,2026-01-31,97
FAC-012,MED-006,2026-01-31,57
FAC-012,MED-007,2026-01-31,74
FAC-012,MED-008,2026-01-31,67
FAC-013,MED-001,2026-01-31,54
FAC-013,MED-002,2026-01-31,67
FAC-013,MED-003,2026-01-31,38
FAC-013,MED-004,2026-01-31,55
FAC-013,MED-005,2026-01-31,45
FAC-013,MED-006,2026-01-31,21
FAC-013,MED-007,2026-01-31,53
FAC-013,MED-008,2026-01-31,56
FAC-014,MED-001,2026-01-31,104
FAC-014,MED-002,2026-01-31,142
FAC-014,MED-003,2026-01-31,53
FAC-014,MED-004,2026-01-31,144
FAC-014,MED-005,2026-01-31,89
FAC-014,MED-006,2026-01-31,42
FAC-014,MED-007,2026-01-31,68
FAC-014,MED-008,2026-01-31,161
FAC-015,MED-001,2026-01-31,160
FAC-015,MED-002,2026-01-31,156
FAC-015,MED-003,2026-01-31,27
FAC-015,MED-004,2026-01-31,38
FAC-015,MED-005,2026-01-31,52
FAC-015,MED-006,2026-01-31,25
FAC-015,MED-007,2026-01-31,46
FAC-015,MED-008,2026-01-31,125
FAC-016,MED-001,2026-01-31,1878
FAC-016,MED-002,2026-01-31,2929
FAC-016,MED-003,2026-01-31,345
FAC-016,MED-004,2026-01-31,879
FAC-016,MED-005,2026-01-31,905
FAC-016,MED-006,2026-01-31,431
FAC-016,MED-007,2026-01-31,961
FAC-016,MED-008,2026-01-31,1267
FAC-017,MED-001,2026-01-31,114
FAC-017,MED-002,2026-01-31,215
FAC-017,MED-003,2026-01-31,37
FAC-017,MED-004,2026-01-31,117
FAC-017,MED-005,2026-01-31,39
FAC-017,MED-006,2026-01-31,64
FAC-017,MED-007,2026-01-31,100
FAC-017,MED-008,2026-01-31,198
FAC-018,MED-001,2026-01-31,68
FAC-018,MED-002,2026-01-31,99
FAC-018,MED-003,2026-01-31,22
FAC-018,MED-004,2026-01-31,56
FAC-018,MED-005,2026-01-31,20
FAC-018,MED-006,2026-01-31,5
FAC-018,MED-007,2026-01-31,20
FAC-018,MED-008,2026-01-31,58
FAC-019,MED-001,2026-01-31,160
FAC-019,MED-002,2026-01-31,234
FAC-019,MED-003,2026-01-31,46
FAC-019,MED-004,2026-01-31,71
FAC-019,MED-005,2026-01-31,109
FAC-019,MED-006,2026-01-31,69
FAC-019,MED-007,2026-01-31,126
FAC-019,MED-008,2026-01-31,94
FAC-020,MED-001,2026-01-31,73
FAC-020,MED-002,2026-01-31,120
FAC-020,MED-003,2026-01-31,41
FAC-020,MED-004,2026-01-31,95
FAC-020,MED-005,2026-01-31,77
FAC-020,MED-006,2026-01-31,54
FAC-020,MED-007,2026-01-31,44
FAC-020,MED-008,2026-01-31,100
FAC-001,MED-001,2026-02-01,581
FAC-001,MED-002,2026-02-01,2347
FAC-001,MED-003,2026-02-01,549
FAC-001,MED-004,2026-02-01,2041
FAC-001,MED-005,2026-02-01,875
FAC-001,MED-006,2026-02-01,149
FAC-001,MED-007,2026-02-01,503
FAC-001,MED-008,2026-02-01,969
FAC-002,MED-001,2026-02-01,128
FAC-002,MED-002,2026-02-01,234
FAC-002,MED-003,2026-02-01,25
FAC-002,MED-004,2026-02-01,102
FAC-002,MED-005,2026-02-01,105
FAC-002,MED-006,2026-02-01,55
FAC-002,MED-007,2026-02-01,108
FAC-002,MED-008,2026-02-01,152
FAC-003,MED-001,2026-02-01,29
FAC-003,MED-002,2026-02-01,72
FAC-003,MED-003,2026-02-01,42
FAC-003,MED-004,2026-02-01,53
FAC-003,MED-005,2026-02-01,51
FAC-003,MED-006,2026-02-01,43
FAC-003,MED-007,2026-02-01,20
FAC-003,MED-008,2026-02-01,30
FAC-004,MED-001,2026-02-01,99
FAC-004,MED-002,2026-02-01,311
FAC-004,MED-003,2026-02-01,44
FAC-004,MED-004,2026-02-01,59
FAC-004,MED-005,2026-02-01,110
FAC-004,MED-006,2026-02-01,70
FAC-004,MED-007,2026-02-01,152
FAC-004,MED-008,2026-02-01,195
FAC-005,MED-001,2026-02-01,684
FAC-005,MED-002,2026-02-01,2380
FAC-005,MED-003,2026-02-01,260
FAC-005,MED-004,2026-02-01,816
FAC-005,MED-005,2026-02-01,712
FAC-005,MED-006,2026-02-01,389
FAC-005,MED-007,2026-02-01,954
FAC-005,MED-008,2026-02-01,1088
FAC-006,MED-001,2026-02-01,1957
FAC-006,MED-002,2026-02-01,2057
FAC-006,MED-003,2026-02-01,466
FAC-006,MED-004,2026-02-01,1167
FAC-006,MED-005,2026-02-01,888
FAC-006,MED-006,2026-02-01,446
FAC-006,MED-007,2026-02-01,827
FAC-006,MED-008,2026-02-01,917
FAC-007,MED-001,2026-02-01,115
FAC-007,MED-002,2026-02-01,138
FAC-007,MED-003,2026-02-01,52
FAC-007,MED-004,2026-02-01,146
FAC-007,MED-005,2026-02-01,45
FAC-007,MED-006,2026-02-01,71
FAC-007,MED-007,2026-02-01,52
FAC-007,MED-008,2026-02-01,92
FAC-008,MED-001,2026-02-01,42
FAC-008,MED-002,2026-02-01,86
FAC-008,MED-003,2026-02-01,23
FAC-008,MED-004,2026-02-01,32
FAC-008,MED-005,2026-02-01,55
FAC-008,MED-006,2026-02-01,47
FAC-008,MED-007,2026-02-01,44
FAC-008,MED-008,2026-02-01,81
FAC-009,MED-001,2026-02-01,162
FAC-009,MED-002,2026-02-01,76
FAC-009,MED-003,2026-02-01,40
FAC-009,MED-004,2026-02-01,161
FAC-009,MED-005,2026-02-01,81
FAC-009,MED-006,2026-02-01,43
FAC-009,MED-007,2026-02-01,99
FAC-009,MED-008,2026-02-01,143
FAC-010,MED-001,2026-02-01,90
FAC-010,MED-002,2026-02-01,73
FAC-010,MED-003,2026-02-01,24
FAC-010,MED-004,2026-02-01,78
FAC-010,MED-005,2026-02-01,29
FAC-010,MED-006,2026-02-01,25
FAC-010,MED-007,2026-02-01,41
FAC-010,MED-008,2026-02-01,110
FAC-011,MED-001,2026-02-01,1302
FAC-011,MED-002,2026-02-01,1076
FAC-011,MED-003,2026-02-01,163
FAC-011,MED-004,2026-02-01,825
FAC-011,MED-005,2026-02-01,984
FAC-011,MED-006,2026-02-01,345
FAC-011,MED-007,2026-02-01,661
FAC-011,MED-008,2026-02-01,1355
FAC-012,MED-001,2026-02-01,193
FAC-012,MED-002,2026-02-01,111
FAC-012,MED-003,2026-02-01,23
FAC-012,MED-004,2026-02-01,124
FAC-012,MED-005,2026-02-01,92
FAC-012,MED-006,2026-02-01,54
FAC-012,MED-007,2026-02-01,67
FAC-012,MED-008,2026-02-01,54
FAC-013,MED-001,2026-02-01,52
FAC-013,MED-002,2026-02-01,65
FAC-013,MED-003,2026-02-01,36
FAC-013,MED-004,2026-02-01,51
FAC-013,MED-005,2026-02-01,44
FAC-013,MED-006,2026-02-01,48
FAC-013,MED-007,2026-02-01,47
FAC-013,MED-008,2026-02-01,51
FAC-014,MED-001,2026-02-01,95
FAC-014,MED-002,2026-02-01,133
FAC-014,MED-003,2026-02-01,52
FAC-014,MED-004,2026-02-01,141
FAC-014,MED-005,2026-02-01,85
FAC-014,MED-006,2026-02-01,40
FAC-014,MED-007,2026-02-01,63
FAC-014,MED-008,2026-02-01,157
FAC-015,MED-001,2026-02-01,154
FAC-015,MED-002,2026-02-01,152
FAC-015,MED-003,2026-02-01,25
FAC-015,MED-004,2026-02-01,133
FAC-015,MED-005,2026-02-01,50
FAC-015,MED-006,2026-02-01,24
FAC-015,MED-007,2026-02-01,42
FAC-015,MED-008,2026-02-01,121
FAC-016,MED-001,2026-02-01,1757
FAC-016,MED-002,2026-02-01,2784
FAC-016,MED-003,2026-02-01,326
FAC-016,MED-004,2026-02-01,776
FAC-016,MED-005,2026-02-01,800
FAC-016,MED-006,2026-02-01,396
FAC-016,MED-007,2026-02-01,881
FAC-016,MED-008,2026-02-01,1133
FAC-017,MED-001,2026-02-01,105
FAC-017,MED-002,2026-02-01,205
FAC-017,MED-003,2026-02-01,36
FAC-017,MED-004,2026-02-01,109
FAC-017,MED-005,2026-02-01,115
FAC-017,MED-006,2026-02-01,63
FAC-017,MED-007,2026-02-01,94
FAC-017,MED-008,2026-02-01,189
FAC-018,MED-001,2026-02-01,64
FAC-018,MED-002,2026-02-01,95
FAC-018,MED-003,2026-02-01,19
FAC-018,MED-004,2026-02-01,55
FAC-018,MED-005,2026-02-01,17
FAC-018,MED-006,2026-02-01,38
FAC-018,MED-007,2026-02-01,52
FAC-018,MED-008,2026-02-01,55
FAC-019,MED-001,2026-02-01,149
FAC-019,MED-002,2026-02-01,225
FAC-019,MED-003,2026-02-01,45
FAC-019,MED-004,2026-02-01,63
FAC-019,MED-005,2026-02-01,106
FAC-019,MED-006,2026-02-01,68
FAC-019,MED-007,2026-02-01,120
FAC-019,MED-008,2026-02-01,92
FAC-020,MED-001,2026-02-01,66
FAC-020,MED-002,2026-02-01,112
FAC-020,MED-003,2026-02-01,39
FAC-020,MED-004,2026-02-01,89
FAC-020,MED-005,2026-02-01,76
FAC-020,MED-006,2026-02-01,52
FAC-020,MED-007,2026-02-01,42
FAC-020,MED-008,2026-02-01,92
FAC-001,MED-001,2026-02-02,461
FAC-001,MED-002,2026-02-02,2147
FAC-001,MED-003,2026-02-02,505
FAC-001,MED-004,2026-02-02,1925
FAC-001,MED-005,2026-02-02,807
FAC-001,MED-006,2026-02-02,707
FAC-001,MED-007,2026-02-02,1512
FAC-001,MED-008,2026-02-02,839
FAC-002,MED-001,2026-02-02,110
FAC-002,MED-002,2026-02-02,213
FAC-002,MED-003,2026-02-02,19
FAC-002,MED-004,2026-02-02,88
FAC-002,MED-005,2026-02-02,94
FAC-002,MED-006,2026-02-02,51
FAC-002,MED-007,2026-02-02,95
FAC-002,MED-008,2026-02-02,140
FAC-003,MED-001,2026-02-02,81
FAC-003,MED-002,2026-02-02,66
FAC-003,MED-003,2026-02-02,40
FAC-003,MED-004,2026-02-02,49
FAC-003,MED-005,2026-02-02,49
FAC-003,MED-006,2026-02-02,42
FAC-003,MED-007,2026-02-02,49
FAC-003,MED-008,2026-02-02,25
FAC-004,MED-001,2026-02-02,84
FAC-004,MED-002,2026-02-02,290
FAC-004,MED-003,2026-02-02,36
FAC-004,MED-004,2026-02-02,48
FAC-004,MED-005,2026-02-02,103
FAC-004,MED-006,2026-02-02,65
FAC-004,MED-007,2026-02-02,142
FAC-004,MED-008,2026-02-02,182
FAC-005,MED-001,2026-02-02,580
FAC-005,MED-002,2026-02-02,2245
FAC-005,MED-003,2026-02-02,226
FAC-005,MED-004,2026-02-02,720
FAC-005,MED-005,2026-02-02,656
FAC-005,MED-006,2026-02-02,349
FAC-005,MED-007,2026-02-02,895
FAC-005,MED-008,2026-02-02,991
FAC-006,MED-001,2026-02-02,1830
FAC-006,MED-002,2026-02-02,1881
FAC-006,MED-003,2026-02-02,434
FAC-006,MED-004,2026-02-02,1072
FAC-006,MED-005,2026-02-02,814
FAC-006,MED-006,2026-02-02,394
FAC-006,MED-007,2026-02-02,749
FAC-006,MED-008,2026-02-02,813
FAC-007,MED-001,2026-02-02,98
FAC-007,MED-002,2026-02-02,121
FAC-007,MED-003,2026-02-02,47
FAC-007,MED-004,2026-02-02,135
FAC-007,MED-005,2026-02-02,40
FAC-007,MED-006,2026-02-02,68
FAC-007,MED-007,2026-02-02,45
FAC-007,MED-008,2026-02-02,81
FAC-008,MED-001,2026-02-02,33
FAC-008,MED-002,2026-02-02,79
FAC-008,MED-003,2026-02-02,20
FAC-008,MED-004,2026-02-02,19
FAC-008,MED-005,2026-02-02,55
FAC-008,MED-006,2026-02-02,46
FAC-008,MED-007,2026-02-02,43
FAC-008,MED-008,2026-02-02,76
FAC-009,MED-001,2026-02-02,153
FAC-009,MED-002,2026-02-02,59
FAC-009,MED-003,2026-02-02,37
FAC-009,MED-004,2026-02-02,154
FAC-009,MED-005,2026-02-02,75
FAC-009,MED-006,2026-02-02,39
FAC-009,MED-007,2026-02-02,94
FAC-009,MED-008,2026-02-02,135
FAC-010,MED-001,2026-02-02,77
FAC-010,MED-002,2026-02-02,66
FAC-010,MED-003,2026-02-02,21
FAC-010,MED-004,2026-02-02,72
FAC-010,MED-005,2026-02-02,24
FAC-010,MED-006,2026-02-02,20
FAC-010,MED-007,2026-02-02,39
FAC-010,MED-008,2026-02-02,106
FAC-011,MED-001,2026-02-02,1181
FAC-011,MED-002,2026-02-02,929
FAC-011,MED-003,2026-02-02,130
FAC-011,MED-004,2026-02-02,747
FAC-011,MED-005,2026-02-02,920
FAC-011,MED-006,2026-02-02,309
FAC-011,MED-007,2026-02-02,590
FAC-011,MED-008,2026-02-02,1244
FAC-012,MED-001,2026-02-02,176
FAC-012,MED-002,2026-02-02,88
FAC-012,MED-003,2026-02-02,21
FAC-012,MED-004,2026-02-02,105
FAC-012,MED-005,2026-02-02,79
FAC-012,MED-006,2026-02-02,47
FAC-012,MED-007,2026-02-02,59
FAC-012,MED-008,2026-02-02,43
FAC-013,MED-001,2026-02-02,50
FAC-013,MED-002,2026-02-02,59
FAC-013,MED-003,2026-02-02,33
FAC-013,MED-004,2026-02-02,48
FAC-013,MED-005,2026-02-02,36
FAC-013,MED-006,2026-02-02,45
FAC-013,MED-007,2026-02-02,46
FAC-013,MED-008,2026-02-02,48
FAC-014,MED-001,2026-02-02,88
FAC-014,MED-002,2026-02-02,121
FAC-014,MED-003,2026-02-02,48
FAC-014,MED-004,2026-02-02,133
FAC-014,MED-005,2026-02-02,72
FAC-014,MED-006,2026-02-02,35
FAC-014,MED-007,2026-02-02,57
FAC-014,MED-008,2026-02-02,147
FAC-015,MED-001,2026-02-02,141
FAC-015,MED-002,2026-02-02,144
FAC-015,MED-003,2026-02-02,25
FAC-015,MED-004,2026-02-02,122
FAC-015,MED-005,2026-02-02,46
FAC-015,MED-006,2026-02-02,21
FAC-015,MED-007,2026-02-02,37
FAC-015,MED-008,2026-02-02,115
FAC-016,MED-001,2026-02-02,1639
FAC-016,MED-002,2026-02-02,2601
FAC-016,MED-003,2026-02-02,287
FAC-016,MED-004,2026-02-02,2047
FAC-016,MED-005,2026-02-02,735
FAC-016,MED-006,2026-02-02,307
FAC-016,MED-007,2026-02-02,802
FAC-016,MED-008,2026-02-02,1019
FAC-017,MED-001,2026-02-02,94
FAC-017,MED-002,2026-02-02,183
FAC-017,MED-003,2026-02-02,35
FAC-017,MED-004,2026-02-02,99
FAC-017,MED-005,2026-02-02,109
FAC-017,MED-006,2026-02-02,61
FAC-017,MED-007,2026-02-02,86
FAC-017,MED-008,2026-02-02,174
FAC-018,MED-001,2026-02-02,60
FAC-018,MED-002,2026-02-02,92
FAC-018,MED-003,2026-02-02,53
FAC-018,MED-004,2026-02-02,51
FAC-018,MED-005,2026-02-02,50
FAC-018,MED-006,2026-02-02,38
FAC-018,MED-007,2026-02-02,50
FAC-018,MED-008,2026-02-02,54
FAC-019,MED-001,2026-02-02,141
FAC-019,MED-002,2026-02-02,213
FAC-019,MED-003,2026-02-02,42
FAC-019,MED-004,2026-02-02,164
FAC-019,MED-005,2026-02-02,104
FAC-019,MED-006,2026-02-02,64
FAC-019,MED-007,2026-02-02,112
FAC-019,MED-008,2026-02-02,84
FAC-020,MED-001,2026-02-02,189
FAC-020,MED-002,2026-02-02,89
FAC-020,MED-003,2026-02-02,37
FAC-020,MED-004,2026-02-02,81
FAC-020,MED-005,2026-02-02,71
FAC-020,MED-006,2026-02-02,49
FAC-020,MED-007,2026-02-02,40
FAC-020,MED-008,2026-02-02,82
FAC-001,MED-001,2026-02-03,2148
FAC-001,MED-002,2026-02-03,1962
FAC-001,MED-003,2026-02-03,461
FAC-001,MED-004,2026-02-03,1814
FAC-001,MED-005,2026-02-03,672
FAC-001,MED-006,2026-02-03,663
FAC-001,MED-007,2026-02-03,1421
FAC-001,MED-008,2026-02-03,2185
FAC-002,MED-001,2026-02-03,94
FAC-002,MED-002,2026-02-03,191
FAC-002,MED-003,2026-02-03,16
FAC-002,MED-004,2026-02-03,73
FAC-002,MED-005,2026-02-03,86
FAC-002,MED-006,2026-02-03,40
FAC-002,MED-007,2026-02-03,88
FAC-002,MED-008,2026-02-03,126
FAC-003,MED-001,2026-02-03,76
FAC-003,MED-002,2026-02-03,59
FAC-003,MED-003,2026-02-03,36
FAC-003,MED-004,2026-02-03,43
FAC-003,MED-005,2026-02-03,43
FAC-003,MED-006,2026-02-03,39
FAC-003,MED-007,2026-02-03,46
FAC-003,MED-008,2026-02-03,21
FAC-004,MED-001,2026-02-03,271
FAC-004,MED-002,2026-02-03,268
FAC-004,MED-003,2026-02-03,35
FAC-004,MED-004,2026-02-03,167
FAC-004,MED-005,2026-02-03,94
FAC-004,MED-006,2026-02-03,62
FAC-004,MED-007,2026-02-03,131
FAC-004,MED-008,2026-02-03,159
FAC-005,MED-001,2026-02-03,1717
FAC-005,MED-002,2026-02-03,2107
FAC-005,MED-003,2026-02-03,199
FAC-005,MED-004,2026-02-03,628
FAC-005,MED-005,2026-02-03,598
FAC-005,MED-006,2026-02-03,308
FAC-005,MED-007,2026-02-03,839
FAC-005,MED-008,2026-02-03,892
FAC-006,MED-001,2026-02-03,1703
FAC-006,MED-002,2026-02-03,1710
FAC-006,MED-003,2026-02-03,402
FAC-006,MED-004,2026-02-03,961
FAC-006,MED-005,2026-02-03,750
FAC-006,MED-006,2026-02-03,351
FAC-006,MED-007,2026-02-03,667
FAC-006,MED-008,2026-02-03,694
FAC-007,MED-001,2026-02-03,81
FAC-007,MED-002,2026-02-03,102
FAC-007,MED-003,2026-02-03,43
FAC-007,MED-004,2026-02-03,127
FAC-007,MED-005,2026-02-03,34
FAC-007,MED-006,2026-02-03,65
FAC-007,MED-007,2026-02-03,121
FAC-007,MED-008,2026-02-03,68
FAC-008,MED-001,2026-02-03,29
FAC-008,MED-002,2026-02-03,74
FAC-008,MED-003,2026-02-03,53
FAC-008,MED-004,2026-02-03,11
FAC-008,MED-005,2026-02-03,47
FAC-008,MED-006,2026-02-03,44
FAC-008,MED-007,2026-02-03,40
FAC-008,MED-008,2026-02-03,69
FAC-009,MED-001,2026-02-03,140
FAC-009,MED-002,2026-02-03,203
FAC-009,MED-003,2026-02-03,37
FAC-009,MED-004,2026-02-03,146
FAC-009,MED-005,2026-02-03,68
FAC-009,MED-006,2026-02-03,39
FAC-009,MED-007,2026-02-03,89
FAC-009,MED-008,2026-02-03,129
FAC-010,MED-001,2026-02-03,67
FAC-010,MED-002,2026-02-03,185
FAC-010,MED-003,2026-02-03,18
FAC-010,MED-004,2026-02-03,69
FAC-010,MED-005,2026-02-03,18
FAC-010,MED-006,2026-02-03,17
FAC-010,MED-007,2026-02-03,37
FAC-010,MED-008,2026-02-03,98
FAC-011,MED-001,2026-02-03,1053
FAC-011,MED-002,2026-02-03,772
FAC-011,MED-003,2026-02-03,442
FAC-011,MED-004,2026-02-03,624
FAC-011,MED-005,2026-02-03,842
FAC-011,MED-006,2026-02-03,278
FAC-011,MED-007,2026-02-03,525
FAC-011,MED-008,2026-02-03,1149
FAC-012,MED-001,2026-02-03,155
FAC-012,MED-002,2026-02-03,75
FAC-012,MED-003,2026-02-03,20
FAC-012,MED-004,2026-02-03,93
FAC-012,MED-005,2026-02-03,72
FAC-012,MED-006,2026-02-03,43
FAC-012,MED-007,2026-02-03,153
FAC-012,MED-008,2026-02-03,205
FAC-013,MED-001,2026-02-03,44
FAC-013,MED-002,2026-02-03,50
FAC-013,MED-003,2026-02-03,30
FAC-013,MED-004,2026-02-03,46
FAC-013,MED-005,2026-02-03,28
FAC-013,MED-006,2026-02-03,41
FAC-013,MED-007,2026-02-03,45
FAC-013,MED-008,2026-02-03,45
FAC-014,MED-001,2026-02-03,73
FAC-014,MED-002,2026-02-03,109
FAC-014,MED-003,2026-02-03,45
FAC-014,MED-004,2026-02-03,123
FAC-014,MED-005,2026-02-03,68
FAC-014,MED-006,2026-02-03,29
FAC-014,MED-007,2026-02-03,53
FAC-014,MED-008,2026-02-03,131
FAC-015,MED-001,2026-02-03,133
FAC-015,MED-002,2026-02-03,135
FAC-015,MED-003,2026-02-03,23
FAC-015,MED-004,2026-02-03,116
FAC-015,MED-005,2026-02-03,38
FAC-015,MED-006,2026-02-03,53
FAC-015,MED-007,2026-02-03,30
FAC-015,MED-008,2026-02-03,108
FAC-016,MED-001,2026-02-03,1503
FAC-016,MED-002,2026-02-03,2419
FAC-016,MED-003,2026-02-03,249
FAC-016,MED-004,2026-02-03,1935
FAC-016,MED-005,2026-02-03,665
FAC-016,MED-006,2026-02-03,256
FAC-016,MED-007,2026-02-03,719
FAC-016,MED-008,2026-02-03,881
FAC-017,MED-001,2026-02-03,82
FAC-017,MED-002,2026-02-03,164
FAC-017,MED-003,2026-02-03,31
FAC-017,MED-004,2026-02-03,90
FAC-017,MED-005,2026-02-03,102
FAC-017,MED-006,2026-02-03,55
FAC-017,MED-007,2026-02-03,76
FAC-017,MED-008,2026-02-03,157
FAC-018,MED-001,2026-02-03,56
FAC-018,MED-002,2026-02-03,84
FAC-018,MED-003,2026-02-03,48
FAC-018,MED-004,2026-02-03,48
FAC-018,MED-005,2026-02-03,47
FAC-018,MED-006,2026-02-03,37
FAC-018,MED-007,2026-02-03,44
FAC-018,MED-008,2026-02-03,46
FAC-019,MED-001,2026-02-03,127
FAC-019,MED-002,2026-02-03,190
FAC-019,MED-003,2026-02-03,41
FAC-019,MED-004,2026-02-03,152
FAC-019,MED-005,2026-02-03,97
FAC-019,MED-006,2026-02-03,63
FAC-019,MED-007,2026-02-03,101
FAC-019,MED-008,2026-02-03,74
FAC-020,MED-001,2026-02-03,179
FAC-020,MED-002,2026-02-03,75
FAC-020,MED-003,2026-02-03,36
FAC-020,MED-004,2026-02-03,72
FAC-020,MED-005,2026-02-03,67
FAC-020,MED-006,2026-02-03,45
FAC-020,MED-007,2026-02-03,110
FAC-020,MED-008,2026-02-03,73
FAC-001,MED-001,2026-02-04,1997
FAC-001,MED-002,2026-02-04,1763
FAC-001,MED-003,2026-02-04,422
FAC-001,MED-004,2026-02-04,1691
FAC-001,MED-005,2026-02-04,595
FAC-001,MED-006,2026-02-04,626
FAC-001,MED-007,2026-02-04,1340
FAC-001,MED-008,2026-02-04,2047
FAC-002,MED-001,2026-02-04,81
FAC-002,MED-002,2026-02-04,172
FAC-002,MED-003,2026-02-04,49
FAC-002,MED-004,2026-02-04,65
FAC-002,MED-005,2026-02-04,80
FAC-002,MED-006,2026-02-04,35
FAC-002,MED-007,2026-02-04,82
FAC-002,MED-008,2026-02-04,118
FAC-003,MED-001,2026-02-04,66
FAC-003,MED-002,2026-02-04,51
FAC-003,MED-003,2026-02-04,35
FAC-003,MED-004,2026-02-04,41
FAC-003,MED-005,2026-02-04,39
FAC-003,MED-006,2026-02-04,34
FAC-003,MED-007,2026-02-04,42
FAC-003,MED-008,2026-02-04,73
FAC-004,MED-001,2026-02-04,255
FAC-004,MED-002,2026-02-04,255
FAC-004,MED-003,2026-02-04,33
FAC-004,MED-004,2026-02-04,155
FAC-004,MED-005,2026-02-04,90
FAC-004,MED-006,2026-02-04,55
FAC-004,MED-007,2026-02-04,126
FAC-004,MED-008,2026-02-04,145
FAC-005,MED-001,2026-02-04,1602
FAC-005,MED-002,2026-02-04,1970
FAC-005,MED-003,2026-02-04,163
FAC-005,MED-004,2026-02-04,527
FAC-005,MED-005,2026-02-04,531
FAC-005,MED-006,2026-02-04,267
FAC-005,MED-007,2026-02-04,773
FAC-005,MED-008,2026-02-04,790
FAC-006,MED-001,2026-02-04,1568
FAC-006,MED-002,2026-02-04,1561
FAC-006,MED-003,2026-02-04,374
FAC-006,MED-004,2026-02-04,846
FAC-006,MED-005,2026-02-04,688
FAC-006,MED-006,2026-02-04,302
FAC-006,MED-007,2026-02-04,568
FAC-006,MED-008,2026-02-04,558
FAC-007,MED-001,2026-02-04,70
FAC-007,MED-002,2026-02-04,71
FAC-007,MED-003,2026-02-04,39
FAC-007,MED-004,2026-02-04,118
FAC-007,MED-005,2026-02-04,100
FAC-007,MED-006,2026-02-04,55
FAC-007,MED-007,2026-02-04,118
FAC-007,MED-008,2026-02-04,193
FAC-008,MED-001,2026-02-04,23
FAC-008,MED-002,2026-02-04,72
FAC-008,MED-003,2026-02-04,49
FAC-008,MED-004,2026-02-04,7
FAC-008,MED-005,2026-02-04,46
FAC-008,MED-006,2026-02-04,39
FAC-008,MED-007,2026-02-04,37
FAC-008,MED-008,2026-02-04,61
FAC-009,MED-001,2026-02-04,126
FAC-009,MED-002,2026-02-04,197
FAC-009,MED-003,2026-02-04,33
FAC-009,MED-004,2026-02-04,141
FAC-009,MED-005,2026-02-04,67
FAC-009,MED-006,2026-02-04,36
FAC-009,MED-007,2026-02-04,81
FAC-009,MED-008,2026-02-04,122
FAC-010,MED-001,2026-02-04,58
FAC-010,MED-002,2026-02-04,179
FAC-010,MED-003,2026-02-04,50
FAC-010,MED-004,2026-02-04,62
FAC-010,MED-005,2026-02-04,61
FAC-010,MED-006,2026-02-04,45
FAC-010,MED-007,2026-02-04,35
FAC-010,MED-008,2026-02-04,88
FAC-011,MED-001,2026-02-04,929
FAC-011,MED-002,2026-02-04,611
FAC-011,MED-003,2026-02-04,413
FAC-011,MED-004,2026-02-04,516
FAC-011,MED-005,2026-02-04,779
FAC-011,MED-006,2026-02-04,232
FAC-011,MED-007,2026-02-04,1297
FAC-011,MED-008,2026-02-04,1043
FAC-012,MED-001,2026-02-04,143
FAC-012,MED-002,2026-02-04,273
FAC-012,MED-003,2026-02-04,57
FAC-012,MED-004,2026-02-04,84
FAC-012,MED-005,2026-02-04,66
FAC-012,MED-006,2026-02-04,35
FAC-012,MED-007,2026-02-04,144
FAC-012,MED-008,2026-02-04,188
FAC-013,MED-001,2026-02-04,36
FAC-013,MED-002,2026-02-04,39
FAC-013,MED-003,2026-02-04,28
FAC-013,MED-004,2026-02-04,41
FAC-013,MED-005,2026-02-04,25
FAC-013,MED-006,2026-02-04,39
FAC-013,MED-007,2026-02-04,43
FAC-013,MED-008,2026-02-04,44
FAC-014,MED-001,2026-02-04,62
FAC-014,MED-002,2026-02-04,101
FAC-014,MED-003,2026-02-04,45
FAC-014,MED-004,2026-02-04,118
FAC-014,MED-005,2026-02-04,66
FAC-014,MED-006,2026-02-04,25
FAC-014,MED-007,2026-02-04,134
FAC-014,MED-008,2026-02-04,122
FAC-015,MED-001,2026-02-04,126
FAC-015,MED-002,2026-02-04,127
FAC-015,MED-003,2026-02-04,59
FAC-015,MED-004,2026-02-04,110
FAC-015,MED-005,2026-02-04,32
FAC-015,MED-006,2026-02-04,48
FAC-015,MED-007,2026-02-04,94
FAC-015,MED-008,2026-02-04,100
FAC-016,MED-001,2026-02-04,1359
FAC-016,MED-002,2026-02-04,2245
FAC-016,MED-003,2026-02-04,214
FAC-016,MED-004,2026-02-04,1846
FAC-016,MED-005,2026-02-04,601
FAC-016,MED-006,2026-02-04,772
FAC-016,MED-007,2026-02-04,648
FAC-016,MED-008,2026-02-04,763
FAC-017,MED-001,2026-02-04,232
FAC-017,MED-002,2026-02-04,143
FAC-017,MED-003,2026-02-04,29
FAC-017,MED-004,2026-02-04,206
FAC-017,MED-005,2026-02-04,90
FAC-017,MED-006,2026-02-04,50
FAC-017,MED-007,2026-02-04,68
FAC-017,MED-008,2026-02-04,142
FAC-018,MED-001,2026-02-04,47
FAC-018,MED-002,2026-02-04,76
FAC-018,MED-003,2026-02-04,43
FAC-018,MED-004,2026-02-04,41
FAC-018,MED-005,2026-02-04,40
FAC-018,MED-006,2026-02-04,36
FAC-018,MED-007,2026-02-04,40
FAC-018,MED-008,2026-02-04,45
FAC-019,MED-001,2026-02-04,116
FAC-019,MED-002,2026-02-04,173
FAC-019,MED-003,2026-02-04,36
FAC-019,MED-004,2026-02-04,139
FAC-019,MED-005,2026-02-04,93
FAC-019,MED-006,2026-02-04,61
FAC-019,MED-007,2026-02-04,93
FAC-019,MED-008,2026-02-04,63
FAC-020,MED-001,2026-02-04,169
FAC-020,MED-002,2026-02-04,209
FAC-020,MED-003,2026-02-04,31
FAC-020,MED-004,2026-02-04,63
FAC-020,MED-005,2026-02-04,61
FAC-020,MED-006,2026-02-04,42
FAC-020,MED-007,2026-02-04,108
FAC-020,MED-008,2026-02-04,189
FAC-001,MED-001,2026-02-05,1859
FAC-001,MED-002,2026-02-05,1567
FAC-001,MED-003,2026-02-05,388
FAC-001,MED-004,2026-02-05,1559
FAC-001,MED-005,2026-02-05,526
FAC-001,MED-006,2026-02-05,583
FAC-001,MED-007,2026-02-05,1249
FAC-001,MED-008,2026-02-05,1914
FAC-002,MED-001,2026-02-05,62
FAC-002,MED-002,2026-02-05,158
FAC-002,MED-003,2026-02-05,44
FAC-002,MED-004,2026-02-05,59
FAC-002,MED-005,2026-02-05,70
FAC-002,MED-006,2026-02-05,30
FAC-002,MED-007,2026-02-05,77
FAC-002,MED-008,2026-02-05,104
FAC-003,MED-001,2026-02-05,60
FAC-003,MED-002,2026-02-05,46
FAC-003,MED-003,2026-02-05,32
FAC-003,MED-004,2026-02-05,38
FAC-003,MED-005,2026-02-05,34
FAC-003,MED-006,2026-02-05,33
FAC-003,MED-007,2026-02-05,41
FAC-003,MED-008,2026-02-05,70
FAC-004,MED-001,2026-02-05,236
FAC-004,MED-002,2026-02-05,232
FAC-004,MED-003,2026-02-05,30
FAC-004,MED-004,2026-02-05,140
FAC-004,MED-005,2026-02-05,82
FAC-004,MED-006,2026-02-05,50
FAC-004,MED-007,2026-02-05,110
FAC-004,MED-008,2026-02-05,128
FAC-005,MED-001,2026-02-05,1508
FAC-005,MED-002,2026-02-05,1836
FAC-005,MED-003,2026-02-05,131
FAC-005,MED-004,2026-02-05,431
FAC-005,MED-005,2026-02-05,478
FAC-005,MED-006,2026-02-05,234
FAC-005,MED-007,2026-02-05,708
FAC-005,MED-008,2026-02-05,673
FAC-006,MED-001,2026-02-05,1418
FAC-006,MED-002,2026-02-05,1398
FAC-006,MED-003,2026-02-05,332
FAC-006,MED-004,2026-02-05,744
FAC-006,MED-005,2026-02-05,631
FAC-006,MED-006,2026-02-05,258
FAC-006,MED-007,2026-02-05,488
FAC-006,MED-008,2026-02-05,1819
FAC-007,MED-001,2026-02-05,59
FAC-007,MED-002,2026-02-05,57
FAC-007,MED-003,2026-02-05,35
FAC-007,MED-004,2026-02-05,109
FAC-007,MED-005,2026-02-05,93
FAC-007,MED-006,2026-02-05,50
FAC-007,MED-007,2026-02-05,111
FAC-007,MED-008,2026-02-05,178
FAC-008,MED-001,2026-02-05,88
FAC-008,MED-002,2026-02-05,67
FAC-008,MED-003,2026-02-05,45
FAC-008,MED-004,2026-02-05,62
FAC-008,MED-005,2026-02-05,44
FAC-008,MED-006,2026-02-05,36
FAC-008,MED-007,2026-02-05,34
FAC-008,MED-008,2026-02-05,55
FAC-009,MED-001,2026-02-05,116
FAC-009,MED-002,2026-02-05,189
FAC-009,MED-003,2026-02-05,31
FAC-009,MED-004,2026-02-05,135
FAC-009,MED-005,2026-02-05,66
FAC-009,MED-006,2026-02-05,33
FAC-009,MED-007,2026-02-05,78
FAC-009,MED-008,2026-02-05,114
FAC-010,MED-001,2026-02-05,45
FAC-010,MED-002,2026-02-05,164
FAC-010,MED-003,2026-02-05,45
FAC-010,MED-004,2026-02-05,56
FAC-010,MED-005,2026-02-05,57
FAC-010,MED-006,2026-02-05,42
FAC-010,MED-007,2026-02-05,31
FAC-010,MED-008,2026-02-05,78
FAC-011,MED-001,2026-02-05,2156
FAC-011,MED-002,2026-02-05,2414
FAC-011,MED-003,2026-02-05,380
FAC-011,MED-004,2026-02-05,1632
FAC-011,MED-005,2026-02-05,711
FAC-011,MED-006,2026-02-05,670
FAC-011,MED-007,2026-02-05,1230
FAC-011,MED-008,2026-02-05,940
FAC-012,MED-001,2026-02-05,129
FAC-012,MED-002,2026-02-05,258
FAC-012,MED-003,2026-02-05,52
FAC-012,MED-004,2026-02-05,70
FAC-012,MED-005,2026-02-05,54
FAC-012,MED-006,2026-02-05,31
FAC-012,MED-007,2026-02-05,138
FAC-012,MED-008,2026-02-05,177
FAC-013,MED-001,2026-02-05,30
FAC-013,MED-002,2026-02-05,34
FAC-013,MED-003,2026-02-05,25
FAC-013,MED-004,2026-02-05,36
FAC-013,MED-005,2026-02-05,20
FAC-013,MED-006,2026-02-05,37
FAC-013,MED-007,2026-02-05,42
FAC-013,MED-008,2026-02-05,40
FAC-014,MED-001,2026-02-05,195
FAC-014,MED-002,2026-02-05,96
FAC-014,MED-003,2026-02-05,42
FAC-014,MED-004,2026-02-05,111
FAC-014,MED-005,2026-02-05,59
FAC-014,MED-006,2026-02-05,23
FAC-014,MED-007,2026-02-05,130
FAC-014,MED-008,2026-02-05,114
FAC-015,MED-001,2026-02-05,116
FAC-015,MED-002,2026-02-05,119
FAC-015,MED-003,2026-02-05,57
FAC-015,MED-004,2026-02-05,100
FAC-015,MED-005,2026-02-05,27
FAC-015,MED-006,2026-02-05,44
FAC-015,MED-007,2026-02-05,92
FAC-015,MED-008,2026-02-05,88
FAC-016,MED-001,2026-02-05,1226
FAC-016,MED-002,2026-02-05,2071
FAC-016,MED-003,2026-02-05,636
FAC-016,MED-004,2026-02-05,1731
FAC-016,MED-005,2026-02-05,536
FAC-016,MED-006,2026-02-05,733
FAC-016,MED-007,2026-02-05,580
FAC-016,MED-008,2026-02-05,652
FAC-017,MED-001,2026-02-05,217
FAC-017,MED-002,2026-02-05,131
FAC-017,MED-003,2026-02-05,25
FAC-017,MED-004,2026-02-05,190
FAC-017,MED-005,2026-02-05,82
FAC-017,MED-006,2026-02-05,48
FAC-017,MED-007,2026-02-05,64
FAC-017,MED-008,2026-02-05,124
FAC-018,MED-001,2026-02-05,45
FAC-018,MED-002,2026-02-05,69
FAC-018,MED-003,2026-02-05,40
FAC-018,MED-004,2026-02-05,37
FAC-018,MED-005,2026-02-05,35
FAC-018,MED-006,2026-02-05,31
FAC-018,MED-007,2026-02-05,33
FAC-018,MED-008,2026-02-05,36
FAC-019,MED-001,2026-02-05,106
FAC-019,MED-002,2026-02-05,160
FAC-019,MED-003,2026-02-05,32
FAC-019,MED-004,2026-02-05,130
FAC-019,MED-005,2026-02-05,91
FAC-019,MED-006,2026-02-05,56
FAC-019,MED-007,2026-02-05,83
FAC-019,MED-008,2026-02-05,173
FAC-020,MED-001,2026-02-05,153
FAC-020,MED-002,2026-02-05,192
FAC-020,MED-003,2026-02-05,27
FAC-020,MED-004,2026-02-05,51
FAC-020,MED-005,2026-02-05,59
FAC-020,MED-006,2026-02-05,41
FAC-020,MED-007,2026-02-05,105
FAC-020,MED-008,2026-02-05,178
FAC-001,MED-001,2026-02-06,1729
FAC-001,MED-002,2026-02-06,1400
FAC-001,MED-003,2026-02-06,349
FAC-001,MED-004,2026-02-06,1422
FAC-001,MED-005,2026-02-06,437
FAC-001,MED-006,2026-02-06,528
FAC-001,MED-007,2026-02-06,1170
FAC-001,MED-008,2026-02-06,1771
FAC-002,MED-001,2026-02-06,225
FAC-002,MED-002,2026-02-06,130
FAC-002,MED-003,2026-02-06,41
FAC-002,MED-004,2026-02-06,199
FAC-002,MED-005,2026-02-06,63
FAC-002,MED-006,2026-02-06,80
FAC-002,MED-007,2026-02-06,68
FAC-002,MED-008,2026-02-06,89
FAC-003,MED-001,2026-02-06,55
FAC-003,MED-002,2026-02-06,41
FAC-003,MED-003,2026-02-06,28
FAC-003,MED-004,2026-02-06,33
FAC-003,MED-005,2026-02-06,34
FAC-003,MED-006,2026-02-06,31
FAC-003,MED-007,2026-02-06,39
FAC-003,MED-008,2026-02-06,69
FAC-004,MED-001,2026-02-06,225
FAC-004,MED-002,2026-02-06,211
FAC-004,MED-003,2026-02-06,26
FAC-004,MED-004,2026-02-06,131
FAC-004,MED-005,2026-02-06,77
FAC-004,MED-006,2026-02-06,40
FAC-004,MED-007,2026-02-06,104
FAC-004,MED-008,2026-02-06,114
FAC-005,MED-001,2026-02-06,1389
FAC-005,MED-002,2026-02-06,1694
FAC-005,MED-003,2026-02-06,110
FAC-005,MED-004,2026-02-06,1463
FAC-005,MED-005,2026-02-06,434
FAC-005,MED-006,2026-02-06,191
FAC-005,MED-007,2026-02-06,649
FAC-005,MED-008,2026-02-06,1835
FAC-006,MED-001,2026-02-06,1294
FAC-006,MED-002,2026-02-06,1248
FAC-006,MED-003,2026-02-06,302
FAC-006,MED-004,2026-02-06,649
FAC-006,MED-005,2026-02-06,583
FAC-006,MED-006,2026-02-06,207
FAC-006,MED-007,2026-02-06,1378
FAC-006,MED-008,2026-02-06,1694
FAC-007,MED-001,2026-02-06,184
FAC-007,MED-002,2026-02-06,35
FAC-007,MED-003,2026-02-06,32
FAC-007,MED-004,2026-02-06,102
FAC-007,MED-005,2026-02-06,83
FAC-007,MED-006,2026-02-06,48
FAC-007,MED-007,2026-02-06,103
FAC-007,MED-008,2026-02-06,166
FAC-008,MED-001,2026-02-06,85
FAC-008,MED-002,2026-02-06,62
FAC-008,MED-003,2026-02-06,43
FAC-008,MED-004,2026-02-06,59
FAC-008,MED-005,2026-02-06,42
FAC-008,MED-006,2026-02-06,36
FAC-008,MED-007,2026-02-06,30
FAC-008,MED-008,2026-02-06,49
FAC-009,MED-001,2026-02-06,111
FAC-009,MED-002,2026-02-06,177
FAC-009,MED-003,2026-02-06,27
FAC-009,MED-004,2026-02-06,127
FAC-009,MED-005,2026-02-06,58
FAC-009,MED-006,2026-02-06,31
FAC-009,MED-007,2026-02-06,72
FAC-009,MED-008,2026-02-06,103
FAC-010,MED-001,2026-02-06,34
FAC-010,MED-002,2026-02-06,153
FAC-010,MED-003,2026-02-06,45
FAC-010,MED-004,2026-02-06,52
FAC-010,MED-005,2026-02-06,54
FAC-010,MED-006,2026-02-06,35
FAC-010,MED-007,2026-02-06,80
FAC-010,MED-008,2026-02-06,75
FAC-011,MED-001,2026-02-06,2036
FAC-011,MED-002,2026-02-06,2248
FAC-011,MED-003,2026-02-06,356
FAC-011,MED-004,2026-02-06,1549
FAC-011,MED-005,2026-02-06,654
FAC-011,MED-006,2026-02-06,631
FAC-011,MED-007,2026-02-06,1159
FAC-011,MED-008,2026-02-06,819
FAC-012,MED-001,2026-02-06,118
FAC-012,MED-002,2026-02-06,236
FAC-012,MED-003,2026-02-06,44
FAC-012,MED-004,2026-02-06,57
FAC-012,MED-005,2026-02-06,50
FAC-012,MED-006,2026-02-06,88
FAC-012,MED-007,2026-02-06,126
FAC-012,MED-008,2026-02-06,163
FAC-013,MED-001,2026-02-06,25
FAC-013,MED-002,2026-02-06,29
FAC-013,MED-003,2026-02-06,20
FAC-013,MED-004,2026-02-06,32
FAC-013,MED-005,2026-02-06,17
FAC-013,MED-006,2026-02-06,35
FAC-013,MED-007,2026-02-06,39
FAC-013,MED-008,2026-02-06,37
FAC-014,MED-001,2026-02-06,185
FAC-014,MED-002,2026-02-06,77
FAC-014,MED-003,2026-02-06,39
FAC-014,MED-004,2026-02-06,98
FAC-014,MED-005,2026-02-06,55
FAC-014,MED-006,2026-02-06,61
FAC-014,MED-007,2026-02-06,120
FAC-014,MED-008,2026-02-06,102
FAC-015,MED-001,2026-02-06,111
FAC-015,MED-002,2026-02-06,105
FAC-015,MED-003,2026-02-06,53
FAC-015,MED-004,2026-02-06,94
FAC-015,MED-005,2026-02-06,17
FAC-015,MED-006,2026-02-06,43
FAC-015,MED-007,2026-02-06,85
FAC-015,MED-008,2026-02-06,76
FAC-016,MED-001,2026-02-06,1091
FAC-016,MED-002,2026-02-06,1890
FAC-016,MED-003,2026-02-06,610
FAC-016,MED-004,2026-02-06,1613
FAC-016,MED-005,2026-02-06,471
FAC-016,MED-006,2026-02-06,685
FAC-016,MED-007,2026-02-06,505
FAC-016,MED-008,2026-02-06,1988
FAC-017,MED-001,2026-02-06,204
FAC-017,MED-002,2026-02-06,113
FAC-017,MED-003,2026-02-06,23
FAC-017,MED-004,2026-02-06,183
FAC-017,MED-005,2026-02-06,75
FAC-017,MED-006,2026-02-06,44
FAC-017,MED-007,2026-02-06,53
FAC-017,MED-008,2026-02-06,101
FAC-018,MED-001,2026-02-06,41
FAC-018,MED-002,2026-02-06,61
FAC-018,MED-003,2026-02-06,38
FAC-018,MED-004,2026-02-06,33
FAC-018,MED-005,2026-02-06,31
FAC-018,MED-006,2026-02-06,30
FAC-018,MED-007,2026-02-06,29
FAC-018,MED-008,2026-02-06,29
FAC-019,MED-001,2026-02-06,93
FAC-019,MED-002,2026-02-06,144
FAC-019,MED-003,2026-02-06,30
FAC-019,MED-004,2026-02-06,123
FAC-019,MED-005,2026-02-06,90
FAC-019,MED-006,2026-02-06,51
FAC-019,MED-007,2026-02-06,72
FAC-019,MED-008,2026-02-06,164
FAC-020,MED-001,2026-02-06,138
FAC-020,MED-002,2026-02-06,177
FAC-020,MED-003,2026-02-06,23
FAC-020,MED-004,2026-02-06,41
FAC-020,MED-005,2026-02-06,54
FAC-020,MED-006,2026-02-06,33
FAC-020,MED-007,2026-02-06,100
FAC-020,MED-008,2026-02-06,169
FAC-001,MED-001,2026-02-07,1596
FAC-001,MED-002,2026-02-07,3628
FAC-001,MED-003,2026-02-07,317
FAC-001,MED-004,2026-02-07,1321
FAC-001,MED-005,2026-02-07,366
FAC-001,MED-006,2026-02-07,453
FAC-001,MED-007,2026-02-07,1090
FAC-001,MED-008,2026-02-07,1635
FAC-002,MED-001,2026-02-07,218
FAC-002,MED-002,2026-02-07,116
FAC-002,MED-003,2026-02-07,40
FAC-002,MED-004,2026-02-07,198
FAC-002,MED-005,2026-02-07,60
FAC-002,MED-006,2026-02-07,79
FAC-002,MED-007,2026-02-07,65
FAC-002,MED-008,2026-02-07,83
FAC-003,MED-001,2026-02-07,49
FAC-003,MED-002,2026-02-07,103
FAC-003,MED-003,2026-02-07,27
FAC-003,MED-004,2026-02-07,31
FAC-003,MED-005,2026-02-07,32
FAC-003,MED-006,2026-02-07,29
FAC-003,MED-007,2026-02-07,37
FAC-003,MED-008,2026-02-07,65
FAC-004,MED-001,2026-02-07,207
FAC-004,MED-002,2026-02-07,202
FAC-004,MED-003,2026-02-07,67
FAC-004,MED-004,2026-02-07,124
FAC-004,MED-005,2026-02-07,65
FAC-004,MED-006,2026-02-07,37
FAC-004,MED-007,2026-02-07,100
FAC-004,MED-008,2026-02-07,107
FAC-005,MED-001,2026-02-07,1291
FAC-005,MED-002,2026-02-07,1575
FAC-005,MED-003,2026-02-07,428
FAC-005,MED-004,2026-02-07,1385
FAC-005,MED-005,2026-02-07,380
FAC-005,MED-006,2026-02-07,146
FAC-005,MED-007,2026-02-07,586
FAC-005,MED-008,2026-02-07,1723
FAC-006,MED-001,2026-02-07,1170
FAC-006,MED-002,2026-02-07,1092
FAC-006,MED-003,2026-02-07,270
FAC-006,MED-004,2026-02-07,560
FAC-006,MED-005,2026-02-07,538
FAC-006,MED-006,2026-02-07,721
FAC-006,MED-007,2026-02-07,1306
FAC-006,MED-008,2026-02-07,1577
FAC-007,MED-001,2026-02-07,173
FAC-007,MED-002,2026-02-07,195
FAC-007,MED-003,2026-02-07,30
FAC-007,MED-004,2026-02-07,97
FAC-007,MED-005,2026-02-07,80
FAC-007,MED-006,2026-02-07,45
FAC-007,MED-007,2026-02-07,100
FAC-007,MED-008,2026-02-07,158
FAC-008,MED-001,2026-02-07,82
FAC-008,MED-002,2026-02-07,55
FAC-008,MED-003,2026-02-07,40
FAC-008,MED-004,2026-02-07,56
FAC-008,MED-005,2026-02-07,39
FAC-008,MED-006,2026-02-07,33
FAC-008,MED-007,2026-02-07,29
FAC-008,MED-008,2026-02-07,45
FAC-009,MED-001,2026-02-07,104
FAC-009,MED-002,2026-02-07,171
FAC-009,MED-003,2026-02-07,26
FAC-009,MED-004,2026-02-07,116
FAC-009,MED-005,2026-02-07,56
FAC-009,MED-006,2026-02-07,28
FAC-009,MED-007,2026-02-07,71
FAC-009,MED-008,2026-02-07,101
FAC-010,MED-001,2026-02-07,118
FAC-010,MED-002,2026-02-07,146
FAC-010,MED-003,2026-02-07,42
FAC-010,MED-004,2026-02-07,46
FAC-010,MED-005,2026-02-07,50
FAC-010,MED-006,2026-02-07,34
FAC-010,MED-007,2026-02-07,77
FAC-010,MED-008,2026-02-07,70
FAC-011,MED-001,2026-02-07,1934
FAC-011,MED-002,2026-02-07,2111
FAC-011,MED-003,2026-02-07,320
FAC-011,MED-004,2026-02-07,1462
FAC-011,MED-005,2026-02-07,601
FAC-011,MED-006,2026-02-07,584
FAC-011,MED-007,2026-02-07,1099
FAC-011,MED-008,2026-02-07,703
FAC-012,MED-001,2026-02-07,115
FAC-012,MED-002,2026-02-07,225
FAC-012,MED-003,2026-02-07,43
FAC-012,MED-004,2026-02-07,49
FAC-012,MED-005,2026-02-07,45
FAC-012,MED-006,2026-02-07,87
FAC-012,MED-007,2026-02-07,117
FAC-012,MED-008,2026-02-07,152
FAC-013,MED-001,2026-02-07,21
FAC-013,MED-002,2026-02-07,84
FAC-013,MED-003,2026-02-07,18
FAC-013,MED-004,2026-02-07,30
FAC-013,MED-005,2026-02-07,48
FAC-013,MED-006,2026-02-07,33
FAC-013,MED-007,2026-02-07,37
FAC-013,MED-008,2026-02-07,35
FAC-014,MED-001,2026-02-07,173
FAC-014,MED-002,2026-02-07,242
FAC-014,MED-003,2026-02-07,36
FAC-014,MED-004,2026-02-07,93
FAC-014,MED-005,2026-02-07,53
FAC-014,MED-006,2026-02-07,58
FAC-014,MED-007,2026-02-07,115
FAC-014,MED-008,2026-02-07,97
FAC-015,MED-001,2026-02-07,101
FAC-015,MED-002,2026-02-07,97
FAC-015,MED-003,2026-02-07,53
FAC-015,MED-004,2026-02-07,91
FAC-015,MED-005,2026-02-07,16
FAC-015,MED-006,2026-02-07,38
FAC-015,MED-007,2026-02-07,81
FAC-015,MED-008,2026-02-07,69
FAC-016,MED-001,2026-02-07,963
FAC-016,MED-002,2026-02-07,1732
FAC-016,MED-003,2026-02-07,569
FAC-016,MED-004,2026-02-07,1508
FAC-016,MED-005,2026-02-07,1245
FAC-016,MED-006,2026-02-07,638
FAC-016,MED-007,2026-02-07,425
FAC-016,MED-008,2026-02-07,1867
FAC-017,MED-001,2026-02-07,197
FAC-017,MED-002,2026-02-07,101
FAC-017,MED-003,2026-02-07,19
FAC-017,MED-004,2026-02-07,176
FAC-017,MED-005,2026-02-07,74
FAC-017,MED-006,2026-02-07,41
FAC-017,MED-007,2026-02-07,52
FAC-017,MED-008,2026-02-07,96
FAC-018,MED-001,2026-02-07,38
FAC-018,MED-002,2026-02-07,56
FAC-018,MED-003,2026-02-07,38
FAC-018,MED-004,2026-02-07,32
FAC-018,MED-005,2026-02-07,28
FAC-018,MED-006,2026-02-07,30
FAC-018,MED-007,2026-02-07,26
FAC-018,MED-008,2026-02-07,25
FAC-019,MED-001,2026-02-07,86
FAC-019,MED-002,2026-02-07,130
FAC-019,MED-003,2026-02-07,29
FAC-019,MED-004,2026-02-07,116
FAC-019,MED-005,2026-02-07,84
FAC-019,MED-006,2026-02-07,50
FAC-019,MED-007,2026-02-07,70
FAC-019,MED-008,2026-02-07,158
FAC-020,MED-001,2026-02-07,136
FAC-020,MED-002,2026-02-07,168
FAC-020,MED-003,2026-02-07,23
FAC-020,MED-004,2026-02-07,148
FAC-020,MED-005,2026-02-07,49
FAC-020,MED-006,2026-02-07,31
FAC-020,MED-007,2026-02-07,94
FAC-020,MED-008,2026-02-07,160
FAC-001,MED-001,2026-02-08,1442
FAC-001,MED-002,2026-02-08,3463
FAC-001,MED-003,2026-02-08,288
FAC-001,MED-004,2026-02-08,1220
FAC-001,MED-005,2026-02-08,1202
FAC-001,MED-006,2026-02-08,392
FAC-001,MED-007,2026-02-08,1009
FAC-001,MED-008,2026-02-08,1527
FAC-002,MED-001,2026-02-08,211
FAC-002,MED-002,2026-02-08,104
FAC-002,MED-003,2026-02-08,40
FAC-002,MED-004,2026-02-08,189
FAC-002,MED-005,2026-02-08,52
FAC-002,MED-006,2026-02-08,75
FAC-002,MED-007,2026-02-08,60
FAC-002,MED-008,2026-02-08,224
FAC-003,MED-001,2026-02-08,42
FAC-003,MED-002,2026-02-08,98
FAC-003,MED-003,2026-02-08,23
FAC-003,MED-004,2026-02-08,27
FAC-003,MED-005,2026-02-08,30
FAC-003,MED-006,2026-02-08,29
FAC-003,MED-007,2026-02-08,34
FAC-003,MED-008,2026-02-08,59
FAC-004,MED-001,2026-02-08,195
FAC-004,MED-002,2026-02-08,189
FAC-004,MED-003,2026-02-08,62
FAC-004,MED-004,2026-02-08,120
FAC-004,MED-005,2026-02-08,57
FAC-004,MED-006,2026-02-08,33
FAC-004,MED-007,2026-02-08,98
FAC-004,MED-008,2026-02-08,96
FAC-005,MED-001,2026-02-08,1196
FAC-005,MED-002,2026-02-08,1438
FAC-005,MED-003,2026-02-08,397
FAC-005,MED-004,2026-02-08,1299
FAC-005,MED-005,2026-02-08,314
FAC-005,MED-006,2026-02-08,590
FAC-005,MED-007,2026-02-08,518
FAC-005,MED-008,2026-02-08,1621
FAC-006,MED-001,2026-02-08,1055
FAC-006,MED-002,2026-02-08,935
FAC-006,MED-003,2026-02-08,243
FAC-006,MED-004,2026-02-08,447
FAC-006,MED-005,2026-02-08,483
FAC-006,MED-006,2026-02-08,685
FAC-006,MED-007,2026-02-08,1245
FAC-006,MED-008,2026-02-08,1473
FAC-007,MED-001,2026-02-08,163
FAC-007,MED-002,2026-02-08,180
FAC-007,MED-003,2026-02-08,29
FAC-007,MED-004,2026-02-08,93
FAC-007,MED-005,2026-02-08,78
FAC-007,MED-006,2026-02-08,44
FAC-007,MED-007,2026-02-08,93
FAC-007,MED-008,2026-02-08,147
FAC-008,MED-001,2026-02-08,76
FAC-008,MED-002,2026-02-08,49
FAC-008,MED-003,2026-02-08,38
FAC-008,MED-004,2026-02-08,49
FAC-008,MED-005,2026-02-08,37
FAC-008,MED-006,2026-02-08,32
FAC-008,MED-007,2026-02-08,70
FAC-008,MED-008,2026-02-08,40
FAC-009,MED-001,2026-02-08,98
FAC-009,MED-002,2026-02-08,157
FAC-009,MED-003,2026-02-08,25
FAC-009,MED-004,2026-02-08,108
FAC-009,MED-005,2026-02-08,52
FAC-009,MED-006,2026-02-08,25
FAC-009,MED-007,2026-02-08,69
FAC-009,MED-008,2026-02-08,95
FAC-010,MED-001,2026-02-08,113
FAC-010,MED-002,2026-02-08,134
FAC-010,MED-003,2026-02-08,41
FAC-010,MED-004,2026-02-08,42
FAC-010,MED-005,2026-02-08,48
FAC-010,MED-006,2026-02-08,30
FAC-010,MED-007,2026-02-08,74
FAC-010,MED-008,2026-02-08,64
FAC-011,MED-001,2026-02-08,1814
FAC-011,MED-002,2026-02-08,1843
FAC-011,MED-003,2026-02-08,296
FAC-011,MED-004,2026-02-08,1368
FAC-011,MED-005,2026-02-08,538
FAC-011,MED-006,2026-02-08,533
FAC-011,MED-007,2026-02-08,1035
FAC-011,MED-008,2026-02-08,594
FAC-012,MED-001,2026-02-08,269
FAC-012,MED-002,2026-02-08,213
FAC-012,MED-003,2026-02-08,41
FAC-012,MED-004,2026-02-08,199
FAC-012,MED-005,2026-02-08,36
FAC-012,MED-006,2026-02-08,82
FAC-012,MED-007,2026-02-08,110
FAC-012,MED-008,2026-02-08,145
FAC-013,MED-001,2026-02-08,15
FAC-013,MED-002,2026-02-08,77
FAC-013,MED-003,2026-02-08,53
FAC-013,MED-004,2026-02-08,24
FAC-013,MED-005,2026-02-08,44
FAC-013,MED-006,2026-02-08,30
FAC-013,MED-007,2026-02-08,33
FAC-013,MED-008,2026-02-08,29
FAC-014,MED-001,2026-02-08,159
FAC-014,MED-002,2026-02-08,239
FAC-014,MED-003,2026-02-08,35
FAC-014,MED-004,2026-02-08,83
FAC-014,MED-005,2026-02-08,52
FAC-014,MED-006,2026-02-08,56
FAC-014,MED-007,2026-02-08,114
FAC-014,MED-008,2026-02-08,90
FAC-015,MED-001,2026-02-08,97
FAC-015,MED-002,2026-02-08,92
FAC-015,MED-003,2026-02-08,49
FAC-015,MED-004,2026-02-08,83
FAC-015,MED-005,2026-02-08,63
FAC-015,MED-006,2026-02-08,36
FAC-015,MED-007,2026-02-08,77
FAC-015,MED-008,2026-02-08,62
FAC-016,MED-001,2026-02-08,823
FAC-016,MED-002,2026-02-08,1568
FAC-016,MED-003,2026-02-08,525
FAC-016,MED-004,2026-02-08,1398
FAC-016,MED-005,2026-02-08,1184
FAC-016,MED-006,2026-02-08,595
FAC-016,MED-007,2026-02-08,332
FAC-016,MED-008,2026-02-08,1735
FAC-017,MED-001,2026-02-08,191
FAC-017,MED-002,2026-02-08,95
FAC-017,MED-003,2026-02-08,56
FAC-017,MED-004,2026-02-08,167
FAC-017,MED-005,2026-02-08,70
FAC-017,MED-006,2026-02-08,37
FAC-017,MED-007,2026-02-08,52
FAC-017,MED-008,2026-02-08,91
FAC-018,MED-001,2026-02-08,36
FAC-018,MED-002,2026-02-08,50
FAC-018,MED-003,2026-02-08,34
FAC-018,MED-004,2026-02-08,26
FAC-018,MED-005,2026-02-08,28
FAC-018,MED-006,2026-02-08,27
FAC-018,MED-007,2026-02-08,23
FAC-018,MED-008,2026-02-08,24
FAC-019,MED-001,2026-02-08,212
FAC-019,MED-002,2026-02-08,118
FAC-019,MED-003,2026-02-08,26
FAC-019,MED-004,2026-02-08,112
FAC-019,MED-005,2026-02-08,80
FAC-019,MED-006,2026-02-08,48
FAC-019,MED-007,2026-02-08,67
FAC-019,MED-008,2026-02-08,153
FAC-020,MED-001,2026-02-08,130
FAC-020,MED-002,2026-02-08,163
FAC-020,MED-003,2026-02-08,21
FAC-020,MED-004,2026-02-08,140
FAC-020,MED-005,2026-02-08,47
FAC-020,MED-006,2026-02-08,28
FAC-020,MED-007,2026-02-08,92
FAC-020,MED-008,2026-02-08,151
FAC-001,MED-001,2026-02-09,1293
FAC-001,MED-002,2026-02-09,3274
FAC-001,MED-003,2026-02-09,257
FAC-001,MED-004,2026-02-09,1103
FAC-001,MED-005,2026-02-09,1129
FAC-001,MED-006,2026-02-09,340
FAC-001,MED-007,2026-02-09,917
FAC-001,MED-008,2026-02-09,1408
FAC-002,MED-001,2026-02-09,202
FAC-002,MED-002,2026-02-09,301
FAC-002,MED-003,2026-02-09,37
FAC-002,MED-004,2026-02-09,179
FAC-002,MED-005,2026-02-09,124
FAC-002,MED-006,2026-02-09,69
FAC-002,MED-007,2026-02-09,54
FAC-002,MED-008,2026-02-09,212
FAC-003,MED-001,2026-02-09,41
FAC-003,MED-002,2026-02-09,94
FAC-003,MED-003,2026-02-09,20
FAC-003,MED-004,2026-02-09,75
FAC-003,MED-005,2026-02-09,22
FAC-003,MED-006,2026-02-09,28
FAC-003,MED-007,2026-02-09,30
FAC-003,MED-008,2026-02-09,57
FAC-004,MED-001,2026-02-09,180
FAC-004,MED-002,2026-02-09,170
FAC-004,MED-003,2026-02-09,59
FAC-004,MED-004,2026-02-09,113
FAC-004,MED-005,2026-02-09,42
FAC-004,MED-006,2026-02-09,28
FAC-004,MED-007,2026-02-09,87
FAC-004,MED-008,2026-02-09,82
FAC-005,MED-001,2026-02-09,1073
FAC-005,MED-002,2026-02-09,1301
FAC-005,MED-003,2026-02-09,377
FAC-005,MED-004,2026-02-09,1203
FAC-005,MED-005,2026-02-09,874
FAC-005,MED-006,2026-02-09,551
FAC-005,MED-007,2026-02-09,458
FAC-005,MED-008,2026-02-09,1524
FAC-006,MED-001,2026-02-09,939
FAC-006,MED-002,2026-02-09,2877
FAC-006,MED-003,2026-02-09,211
FAC-006,MED-004,2026-02-09,1587
FAC-006,MED-005,2026-02-09,420
FAC-006,MED-006,2026-02-09,644
FAC-006,MED-007,2026-02-09,1164
FAC-006,MED-008,2026-02-09,1368
FAC-007,MED-001,2026-02-09,152
FAC-007,MED-002,2026-02-09,166
FAC-007,MED-003,2026-02-09,26
FAC-007,MED-004,2026-02-09,84
FAC-007,MED-005,2026-02-09,73
FAC-007,MED-006,2026-02-09,42
FAC-007,MED-007,2026-02-09,88
FAC-007,MED-008,2026-02-09,139
FAC-008,MED-001,2026-02-09,70
FAC-008,MED-002,2026-02-09,137
FAC-008,MED-003,2026-02-09,33
FAC-008,MED-004,2026-02-09,42
FAC-008,MED-005,2026-02-09,35
FAC-008,MED-006,2026-02-09,28
FAC-008,MED-007,2026-02-09,66
FAC-008,MED-008,2026-02-09,38
FAC-009,MED-001,2026-02-09,89
FAC-009,MED-002,2026-02-09,142
FAC-009,MED-003,2026-02-09,22
FAC-009,MED-004,2026-02-09,102
FAC-009,MED-005,2026-02-09,50
FAC-009,MED-006,2026-02-09,24
FAC-009,MED-007,2026-02-09,63
FAC-009,MED-008,2026-02-09,79
FAC-010,MED-001,2026-02-09,105
FAC-010,MED-002,2026-02-09,126
FAC-010,MED-003,2026-02-09,38
FAC-010,MED-004,2026-02-09,36
FAC-010,MED-005,2026-02-09,45
FAC-010,MED-006,2026-02-09,30
FAC-010,MED-007,2026-02-09,69
FAC-010,MED-008,2026-02-09,52
FAC-011,MED-001,2026-02-09,1691
FAC-011,MED-002,2026-02-09,1710
FAC-011,MED-003,2026-02-09,264
FAC-011,MED-004,2026-02-09,1241
FAC-011,MED-005,2026-02-09,476
FAC-011,MED-006,2026-02-09,488
FAC-011,MED-007,2026-02-09,963
FAC-011,MED-008,2026-02-09,1936
FAC-012,MED-001,2026-02-09,246
FAC-012,MED-002,2026-02-09,192
FAC-012,MED-003,2026-02-09,38
FAC-012,MED-004,2026-02-09,191
FAC-012,MED-005,2026-02-09,118
FAC-012,MED-006,2026-02-09,79
FAC-012,MED-007,2026-02-09,101
FAC-012,MED-008,2026-02-09,123
FAC-013,MED-001,2026-02-09,57
FAC-013,MED-002,2026-02-09,74
FAC-013,MED-003,2026-02-09,50
FAC-013,MED-004,2026-02-09,24
FAC-013,MED-005,2026-02-09,43
FAC-013,MED-006,2026-02-09,28
FAC-013,MED-007,2026-02-09,29
FAC-013,MED-008,2026-02-09,26
FAC-014,MED-001,2026-02-09,145
FAC-014,MED-002,2026-02-09,219
FAC-014,MED-003,2026-02-09,34
FAC-014,MED-004,2026-02-09,71
FAC-014,MED-005,2026-02-09,47
FAC-014,MED-006,2026-02-09,51
FAC-014,MED-007,2026-02-09,112
FAC-014,MED-008,2026-02-09,74
FAC-015,MED-001,2026-02-09,89
FAC-015,MED-002,2026-02-09,82
FAC-015,MED-003,2026-02-09,49
FAC-015,MED-004,2026-02-09,73
FAC-015,MED-005,2026-02-09,62
FAC-015,MED-006,2026-02-09,32
FAC-015,MED-007,2026-02-09,72
FAC-015,MED-008,2026-02-09,55
FAC-016,MED-001,2026-02-09,2264
FAC-016,MED-002,2026-02-09,1407
FAC-016,MED-003,2026-02-09,493
FAC-016,MED-004,2026-02-09,1280
FAC-016,MED-005,2026-02-09,1122
FAC-016,MED-006,2026-02-09,549
FAC-016,MED-007,2026-02-09,1321
FAC-016,MED-008,2026-02-09,1640
FAC-017,MED-001,2026-02-09,175
FAC-017,MED-002,2026-02-09,305
FAC-017,MED-003,2026-02-09,53
FAC-017,MED-004,2026-02-09,156
FAC-017,MED-005,2026-02-09,62
FAC-017,MED-006,2026-02-09,30
FAC-017,MED-007,2026-02-09,139
FAC-017,MED-008,2026-02-09,86
FAC-018,MED-001,2026-02-09,88
FAC-018,MED-002,2026-02-09,46
FAC-018,MED-003,2026-02-09,31
FAC-018,MED-004,2026-02-09,78
FAC-018,MED-005,2026-02-09,22
FAC-018,MED-006,2026-02-09,24
FAC-018,MED-007,2026-02-09,56
FAC-018,MED-008,2026-02-09,20
FAC-019,MED-001,2026-02-09,202
FAC-019,MED-002,2026-02-09,99
FAC-019,MED-003,2026-02-09,24
FAC-019,MED-004,2026-02-09,96
FAC-019,MED-005,2026-02-09,70
FAC-019,MED-006,2026-02-09,46
FAC-019,MED-007,2026-02-09,56
FAC-019,MED-008,2026-02-09,137
FAC-020,MED-001,2026-02-09,122
FAC-020,MED-002,2026-02-09,149
FAC-020,MED-003,2026-02-09,17
FAC-020,MED-004,2026-02-09,132
FAC-020,MED-005,2026-02-09,45
FAC-020,MED-006,2026-02-09,25
FAC-020,MED-007,2026-02-09,86
FAC-020,MED-008,2026-02-09,139
FAC-001,MED-001,2026-02-10,1168
FAC-001,MED-002,2026-02-10,3101
FAC-001,MED-003,2026-02-10,221
FAC-001,MED-004,2026-02-10,985
FAC-001,MED-005,2026-02-10,1061
FAC-001,MED-006,2026-02-10,294
FAC-001,MED-007,2026-02-10,828
FAC-001,MED-008,2026-02-10,1294
FAC-002,MED-001,2026-02-10,188
FAC-002,MED-002,2026-02-10,286
FAC-002,MED-003,2026-02-10,33
FAC-002,MED-004,2026-02-10,165
FAC-002,MED-005,2026-02-10,116
FAC-002,MED-006,2026-02-10,66
FAC-002,MED-007,2026-02-10,148
FAC-002,MED-008,2026-02-10,191
FAC-003,MED-001,2026-02-10,33
FAC-003,MED-002,2026-02-10,90
FAC-003,MED-003,2026-02-10,16
FAC-003,MED-004,2026-02-10,70
FAC-003,MED-005,2026-02-10,20
FAC-003,MED-006,2026-02-10,26
FAC-003,MED-007,2026-02-10,26
FAC-003,MED-008,2026-02-10,57
FAC-004,MED-001,2026-02-10,174
FAC-004,MED-002,2026-02-10,148
FAC-004,MED-003,2026-02-10,55
FAC-004,MED-004,2026-02-10,93
FAC-004,MED-005,2026-02-10,37
FAC-004,MED-006,2026-02-10,20
FAC-004,MED-007,2026-02-10,81
FAC-004,MED-008,2026-02-10,245
FAC-005,MED-001,2026-02-10,973
FAC-005,MED-002,2026-02-10,1165
FAC-005,MED-003,2026-02-10,345
FAC-005,MED-004,2026-02-10,1118
FAC-005,MED-005,2026-02-10,825
FAC-005,MED-006,2026-02-10,505
FAC-005,MED-007,2026-02-10,395
FAC-005,MED-008,2026-02-10,1407
FAC-006,MED-001,2026-02-10,816
FAC-006,MED-002,2026-02-10,2704
FAC-006,MED-003,2026-02-10,178
FAC-006,MED-004,2026-02-10,1470
FAC-006,MED-005,2026-02-10,362
FAC-006,MED-006,2026-02-10,605
FAC-006,MED-007,2026-02-10,1093
FAC-006,MED-008,2026-02-10,1261
FAC-007,MED-001,2026-02-10,145
FAC-007,MED-002,2026-02-10,146
FAC-007,MED-003,2026-02-10,25
FAC-007,MED-004,2026-02-10,76
FAC-007,MED-005,2026-02-10,69
FAC-007,MED-006,2026-02-10,36
FAC-007,MED-007,2026-02-10,83
FAC-007,MED-008,2026-02-10,127
FAC-008,MED-001,2026-02-10,62
FAC-008,MED-002,2026-02-10,129
FAC-008,MED-003,2026-02-10,32
FAC-008,MED-004,2026-02-10,38
FAC-008,MED-005,2026-02-10,33
FAC-008,MED-006,2026-02-10,22
FAC-008,MED-007,2026-02-10,62
FAC-008,MED-008,2026-02-10,95
FAC-009,MED-001,2026-02-10,83
FAC-009,MED-002,2026-02-10,128
FAC-009,MED-003,2026-02-10,19
FAC-009,MED-004,2026-02-10,94
FAC-009,MED-005,2026-02-10,45
FAC-009,MED-006,2026-02-10,62
FAC-009,MED-007,2026-02-10,57
FAC-009,MED-008,2026-02-10,70
FAC-010,MED-001,2026-02-10,97
FAC-010,MED-002,2026-02-10,120
FAC-010,MED-003,2026-02-10,35
FAC-010,MED-004,2026-02-10,106
FAC-010,MED-005,2026-02-10,41
FAC-010,MED-006,2026-02-10,26
FAC-010,MED-007,2026-02-10,67
FAC-010,MED-008,2026-02-10,40
FAC-011,MED-001,2026-02-10,1563
FAC-011,MED-002,2026-02-10,1551
FAC-011,MED-003,2026-02-10,236
FAC-011,MED-004,2026-02-10,1130
FAC-011,MED-005,2026-02-10,418
FAC-011,MED-006,2026-02-10,442
FAC-011,MED-007,2026-02-10,886
FAC-011,MED-008,2026-02-10,1834
FAC-012,MED-001,2026-02-10,236
FAC-012,MED-002,2026-02-10,172
FAC-012,MED-003,2026-02-10,35
FAC-012,MED-004,2026-02-10,177
FAC-012,MED-005,2026-02-10,112
FAC-012,MED-006,2026-02-10,71
FAC-012,MED-007,2026-02-10,91
FAC-012,MED-008,2026-02-10,111
FAC-013,MED-001,2026-02-10,54
FAC-013,MED-002,2026-02-10,66
FAC-013,MED-003,2026-02-10,48
FAC-013,MED-004,2026-02-10,22
FAC-013,MED-005,2026-02-10,39
FAC-013,MED-006,2026-02-10,26
FAC-013,MED-007,2026-02-10,27
FAC-013,MED-008,2026-02-10,20
FAC-014,MED-001,2026-02-10,127
FAC-014,MED-002,2026-02-10,208
FAC-014,MED-003,2026-02-10,33
FAC-014,MED-004,2026-02-10,64
FAC-014,MED-005,2026-02-10,40
FAC-014,MED-006,2026-02-10,47
FAC-014,MED-007,2026-02-10,110
FAC-014,MED-008,2026-02-10,60
FAC-015,MED-001,2026-02-10,81
FAC-015,MED-002,2026-02-10,68
FAC-015,MED-003,2026-02-10,42
FAC-015,MED-004,2026-02-10,65
FAC-015,MED-005,2026-02-10,55
FAC-015,MED-006,2026-02-10,30
FAC-015,MED-007,2026-02-10,68
FAC-015,MED-008,2026-02-10,51
FAC-016,MED-001,2026-02-10,2125
FAC-016,MED-002,2026-02-10,1232
FAC-016,MED-003,2026-02-10,461
FAC-016,MED-004,2026-02-10,1176
FAC-016,MED-005,2026-02-10,1053
FAC-016,MED-006,2026-02-10,511
FAC-016,MED-007,2026-02-10,1233
FAC-016,MED-008,2026-02-10,1519
FAC-017,MED-001,2026-02-10,162
FAC-017,MED-002,2026-02-10,284
FAC-017,MED-003,2026-02-10,51
FAC-017,MED-004,2026-02-10,147
FAC-017,MED-005,2026-02-10,59
FAC-017,MED-006,2026-02-10,27
FAC-017,MED-007,2026-02-10,136
FAC-017,MED-008,2026-02-10,74
FAC-018,MED-001,2026-02-10,82
FAC-018,MED-002,2026-02-10,35
FAC-018,MED-003,2026-02-10,26
FAC-018,MED-004,2026-02-10,75
FAC-018,MED-005,2026-02-10,19
FAC-018,MED-006,2026-02-10,22
FAC-018,MED-007,2026-02-10,53
FAC-018,MED-008,2026-02-10,15
FAC-019,MED-001,2026-02-10,191
FAC-019,MED-002,2026-02-10,88
FAC-019,MED-003,2026-02-10,22
FAC-019,MED-004,2026-02-10,88
FAC-019,MED-005,2026-02-10,66
FAC-019,MED-006,2026-02-10,40
FAC-019,MED-007,2026-02-10,48
FAC-019,MED-008,2026-02-10,131
FAC-020,MED-001,2026-02-10,108
FAC-020,MED-002,2026-02-10,139
FAC-020,MED-003,2026-02-10,15
FAC-020,MED-004,2026-02-10,126
FAC-020,MED-005,2026-02-10,36
FAC-020,MED-006,2026-02-10,61
FAC-020,MED-007,2026-02-10,81
FAC-020,MED-008,2026-02-10,129
FAC-001,MED-001,2026-02-11,1016
FAC-001,MED-002,2026-02-11,2906
FAC-001,MED-003,2026-02-11,629
FAC-001,MED-004,2026-02-11,861
FAC-001,MED-005,2026-02-11,995
FAC-001,MED-006,2026-02-11,252
FAC-001,MED-007,2026-02-11,730
FAC-001,MED-008,2026-02-11,1146
FAC-002,MED-001,2026-02-11,174
FAC-002,MED-002,2026-02-11,266
FAC-002,MED-003,2026-02-11,31
FAC-002,MED-004,2026-02-11,153
FAC-002,MED-005,2026-02-11,113
FAC-002,MED-006,2026-02-11,61
FAC-002,MED-007,2026-02-11,140
FAC-002,MED-008,2026-02-11,177
FAC-003,MED-001,2026-02-11,25
FAC-003,MED-002,2026-02-11,80
FAC-003,MED-003,2026-02-11,14
FAC-003,MED-004,2026-02-11,61
FAC-003,MED-005,2026-02-11,20
FAC-003,MED-006,2026-02-11,24
FAC-003,MED-007,2026-02-11,23
FAC-003,MED-008,2026-02-11,57
FAC-004,MED-001,2026-02-11,155
FAC-004,MED-002,2026-02-11,134
FAC-004,MED-003,2026-02-11,51
FAC-004,MED-004,2026-02-11,79
FAC-004,MED-005,2026-02-11,29
FAC-004,MED-006,2026-02-11,82
FAC-004,MED-007,2026-02-11,73
FAC-004,MED-008,2026-02-11,230
FAC-005,MED-001,2026-02-11,864
FAC-005,MED-002,2026-02-11,1005
FAC-005,MED-003,2026-02-11,313
FAC-005,MED-004,2026-02-11,1018
FAC-005,MED-005,2026-02-11,774
FAC-005,MED-006,2026-02-11,472
FAC-005,MED-007,2026-02-11,1074
FAC-005,MED-008,2026-02-11,1291
FAC-006,MED-001,2026-02-11,686
FAC-006,MED-002,2026-02-11,2441
FAC-006,MED-003,2026-02-11,147
FAC-006,MED-004,2026-02-11,1353
FAC-006,MED-005,2026-02-11,1028
FAC-006,MED-006,2026-02-11,558
FAC-006,MED-007,2026-02-11,1019
FAC-006,MED-008,2026-02-11,1142
FAC-007,MED-001,2026-02-11,136
FAC-007,MED-002,2026-02-11,127
FAC-007,MED-003,2026-02-11,24
FAC-007,MED-004,2026-02-11,66
FAC-007,MED-005,2026-02-11,60
FAC-007,MED-006,2026-02-11,32
FAC-007,MED-007,2026-02-11,76
FAC-007,MED-008,2026-02-11,118
FAC-008,MED-001,2026-02-11,55
FAC-008,MED-002,2026-02-11,126
FAC-008,MED-003,2026-02-11,31
FAC-008,MED-004,2026-02-11,31
FAC-008,MED-005,2026-02-11,27
FAC-008,MED-006,2026-02-11,21
FAC-008,MED-007,2026-02-11,58
FAC-008,MED-008,2026-02-11,91
FAC-009,MED-001,2026-02-11,64
FAC-009,MED-002,2026-02-11,114
FAC-009,MED-003,2026-02-11,14
FAC-009,MED-004,2026-02-11,89
FAC-009,MED-005,2026-02-11,39
FAC-009,MED-006,2026-02-11,61
FAC-009,MED-007,2026-02-11,54
FAC-009,MED-008,2026-02-11,57
FAC-010,MED-001,2026-02-11,86
FAC-010,MED-002,2026-02-11,111
FAC-010,MED-003,2026-02-11,34
FAC-010,MED-004,2026-02-11,98
FAC-010,MED-005,2026-02-11,35
FAC-010,MED-006,2026-02-11,23
FAC-010,MED-007,2026-02-11,64
FAC-010,MED-008,2026-02-11,32
FAC-011,MED-001,2026-02-11,1429
FAC-011,MED-002,2026-02-11,1381
FAC-011,MED-003,2026-02-11,205
FAC-011,MED-004,2026-02-11,1015
FAC-011,MED-005,2026-02-11,1091
FAC-011,MED-006,2026-02-11,403
FAC-011,MED-007,2026-02-11,821
FAC-011,MED-008,2026-02-11,1703
FAC-012,MED-001,2026-02-11,212
FAC-012,MED-002,2026-02-11,153
FAC-012,MED-003,2026-02-11,31
FAC-012,MED-004,2026-02-11,163
FAC-012,MED-005,2026-02-11,97
FAC-012,MED-006,2026-02-11,61
FAC-012,MED-007,2026-02-11,84
FAC-012,MED-008,2026-02-11,99
FAC-013,MED-001,2026-02-11,51
FAC-013,MED-002,2026-02-11,62
FAC-013,MED-003,2026-02-11,42
FAC-013,MED-004,2026-02-11,64
FAC-013,MED-005,2026-02-11,34
FAC-013,MED-006,2026-02-11,25
FAC-013,MED-007,2026-02-11,26
FAC-013,MED-008,2026-02-11,59
FAC-014,MED-001,2026-02-11,119
FAC-014,MED-002,2026-02-11,192
FAC-014,MED-003,2026-02-11,26
FAC-014,MED-004,2026-02-11,174
FAC-014,MED-005,2026-02-11,34
FAC-014,MED-006,2026-02-11,45
FAC-014,MED-007,2026-02-11,100
FAC-014,MED-008,2026-02-11,50
FAC-015,MED-001,2026-02-11,72
FAC-015,MED-002,2026-02-11,55
FAC-015,MED-003,2026-02-11,41
FAC-015,MED-004,2026-02-11,56
FAC-015,MED-005,2026-02-11,49
FAC-015,MED-006,2026-02-11,29
FAC-015,MED-007,2026-02-11,66
FAC-015,MED-008,2026-02-11,45
FAC-016,MED-001,2026-02-11,1994
FAC-016,MED-002,2026-02-11,1042
FAC-016,MED-003,2026-02-11,426
FAC-016,MED-004,2026-02-11,1048
FAC-016,MED-005,2026-02-11,992
FAC-016,MED-006,2026-02-11,475
FAC-016,MED-007,2026-02-11,1135
FAC-016,MED-008,2026-02-11,1400
FAC-017,MED-001,2026-02-11,145
FAC-017,MED-002,2026-02-11,269
FAC-017,MED-003,2026-02-11,44
FAC-017,MED-004,2026-02-11,138
FAC-017,MED-005,2026-02-11,53
FAC-017,MED-006,2026-02-11,22
FAC-017,MED-007,2026-02-11,125
FAC-017,MED-008,2026-02-11,203
FAC-018,MED-001,2026-02-11,76
FAC-018,MED-002,2026-02-11,112
FAC-018,MED-003,2026-02-11,25
FAC-018,MED-004,2026-02-11,72
FAC-018,MED-005,2026-02-11,16
FAC-018,MED-006,2026-02-11,18
FAC-018,MED-007,2026-02-11,51
FAC-018,MED-008,2026-02-11,71
FAC-019,MED-001,2026-02-11,171
FAC-019,MED-002,2026-02-11,244
FAC-019,MED-003,2026-02-11,57
FAC-019,MED-004,2026-02-11,75
FAC-019,MED-005,2026-02-11,57
FAC-019,MED-006,2026-02-11,36
FAC-019,MED-007,2026-02-11,43
FAC-019,MED-008,2026-02-11,120
FAC-020,MED-001,2026-02-11,99
FAC-020,MED-002,2026-02-11,129
FAC-020,MED-003,2026-02-11,49
FAC-020,MED-004,2026-02-11,119
FAC-020,MED-005,2026-02-11,93
FAC-020,MED-006,2026-02-11,56
FAC-020,MED-007,2026-02-11,75
FAC-020,MED-008,2026-02-11,120
FAC-001,MED-001,2026-02-12,871
FAC-001,MED-002,2026-02-12,2733
FAC-001,MED-003,2026-02-12,594
FAC-001,MED-004,2026-02-12,722
FAC-001,MED-005,2026-02-12,918
FAC-001,MED-006,2026-02-12,201
FAC-001,MED-007,2026-02-12,639
FAC-001,MED-008,2026-02-12,1003
FAC-002,MED-001,2026-02-12,165
FAC-002,MED-002,2026-02-12,254
FAC-002,MED-003,2026-02-12,26
FAC-002,MED-004,2026-02-12,137
FAC-002,MED-005,2026-02-12,107
FAC-002,MED-006,2026-02-12,54
FAC-002,MED-007,2026-02-12,130
FAC-002,MED-008,2026-02-12,161
FAC-003,MED-001,2026-02-12,74
FAC-003,MED-002,2026-02-12,71
FAC-003,MED-003,2026-02-12,45
FAC-003,MED-004,2026-02-12,54
FAC-003,MED-005,2026-02-12,57
FAC-003,MED-006,2026-02-12,21
FAC-003,MED-007,2026-02-12,19
FAC-003,MED-008,2026-02-12,55
FAC-004,MED-001,2026-02-12,142
FAC-004,MED-002,2026-02-12,115
FAC-004,MED-003,2026-02-12,46
FAC-004,MED-004,2026-02-12,65
FAC-004,MED-005,2026-02-12,107
FAC-004,MED-006,2026-02-12,76
FAC-004,MED-007,2026-02-12,65
FAC-004,MED-008,2026-02-12,219
FAC-005,MED-001,2026-02-12,750
FAC-005,MED-002,2026-02-12,872
FAC-005,MED-003,2026-02-12,281
FAC-005,MED-004,2026-02-12,898
FAC-005,MED-005,2026-02-12,719
FAC-005,MED-006,2026-02-12,431
FAC-005,MED-007,2026-02-12,1003
FAC-005,MED-008,2026-02-12,1187
FAC-006,MED-001,2026-02-12,1986
FAC-006,MED-002,2026-02-12,2274
FAC-006,MED-003,2026-02-12,461
FAC-006,MED-004,2026-02-12,1238
FAC-006,MED-005,2026-02-12,962
FAC-006,MED-006,2026-02-12,518
FAC-006,MED-007,2026-02-12,957
FAC-006,MED-008,2026-02-12,1039
FAC-007,MED-001,2026-02-12,127
FAC-007,MED-002,2026-02-12,111
FAC-007,MED-003,2026-02-12,21
FAC-007,MED-004,2026-02-12,53
FAC-007,MED-005,2026-02-12,53
FAC-007,MED-006,2026-02-12,28
FAC-007,MED-007,2026-02-12,67
FAC-007,MED-008,2026-02-12,103
FAC-008,MED-001,2026-02-12,49
FAC-008,MED-002,2026-02-12,117
FAC-008,MED-003,2026-02-12,25
FAC-008,MED-004,2026-02-12,23
FAC-008,MED-005,2026-02-12,24
FAC-008,MED-006,2026-02-12,15
FAC-008,MED-007,2026-02-12,56
FAC-008,MED-008,2026-02-12,82
FAC-009,MED-001,2026-02-12,54
FAC-009,MED-002,2026-02-12,103
FAC-009,MED-003,2026-02-12,44
FAC-009,MED-004,2026-02-12,80
FAC-009,MED-005,2026-02-12,35
FAC-009,MED-006,2026-02-12,57
FAC-009,MED-007,2026-02-12,51
FAC-009,MED-008,2026-02-12,174
FAC-010,MED-001,2026-02-12,75
FAC-010,MED-002,2026-02-12,100
FAC-010,MED-003,2026-02-12,33
FAC-010,MED-004,2026-02-12,91
FAC-010,MED-005,2026-02-12,31
FAC-010,MED-006,2026-02-12,18
FAC-010,MED-007,2026-02-12,59
FAC-010,MED-008,2026-02-12,117
FAC-011,MED-001,2026-02-12,1303
FAC-011,MED-002,2026-02-12,1238
FAC-011,MED-003,2026-02-12,567
FAC-011,MED-004,2026-02-12,904
FAC-011,MED-005,2026-02-12,1038
FAC-011,MED-006,2026-02-12,366
FAC-011,MED-007,2026-02-12,746
FAC-011,MED-008,2026-02-12,1592
FAC-012,MED-001,2026-02-12,194
FAC-012,MED-002,2026-02-12,138
FAC-012,MED-003,2026-02-12,23
FAC-012,MED-004,2026-02-12,150
FAC-012,MED-005,2026-02-12,93
FAC-012,MED-006,2026-02-12,53
FAC-012,MED-007,2026-02-12,78
FAC-012,MED-008,2026-02-12,251
FAC-013,MED-001,2026-02-12,50
FAC-013,MED-002,2026-02-12,57
FAC-013,MED-003,2026-02-12,41
FAC-013,MED-004,2026-02-12,55
FAC-013,MED-005,2026-02-12,30
FAC-013,MED-006,2026-02-12,22
FAC-013,MED-007,2026-02-12,24
FAC-013,MED-008,2026-02-12,54
FAC-014,MED-001,2026-02-12,108
FAC-014,MED-002,2026-02-12,179
FAC-014,MED-003,2026-02-12,19
FAC-014,MED-004,2026-02-12,162
FAC-014,MED-005,2026-02-12,98
FAC-014,MED-006,2026-02-12,39
FAC-014,MED-007,2026-02-12,98
FAC-014,MED-008,2026-02-12,160
FAC-015,MED-001,2026-02-12,63
FAC-015,MED-002,2026-02-12,195
FAC-015,MED-003,2026-02-12,39
FAC-015,MED-004,2026-02-12,54
FAC-015,MED-005,2026-02-12,46
FAC-015,MED-006,2026-02-12,28
FAC-015,MED-007,2026-02-12,62
FAC-015,MED-008,2026-02-12,145
FAC-016,MED-001,2026-02-12,1849
FAC-016,MED-002,2026-02-12,887
FAC-016,MED-003,2026-02-12,395
FAC-016,MED-004,2026-02-12,938
FAC-016,MED-005,2026-02-12,921
FAC-016,MED-006,2026-02-12,429
FAC-016,MED-007,2026-02-12,1057
FAC-016,MED-008,2026-02-12,1266
FAC-017,MED-001,2026-02-12,125
FAC-017,MED-002,2026-02-12,244
FAC-017,MED-003,2026-02-12,40
FAC-017,MED-004,2026-02-12,126
FAC-017,MED-005,2026-02-12,43
FAC-017,MED-006,2026-02-12,17
FAC-017,MED-007,2026-02-12,115
FAC-017,MED-008,2026-02-12,192
FAC-018,MED-001,2026-02-12,69
FAC-018,MED-002,2026-02-12,107
FAC-018,MED-003,2026-02-12,21
FAC-018,MED-004,2026-02-12,67
FAC-018,MED-005,2026-02-12,15
FAC-018,MED-006,2026-02-12,16
FAC-018,MED-007,2026-02-12,49
FAC-018,MED-008,2026-02-12,62
FAC-019,MED-001,2026-02-12,161
FAC-019,MED-002,2026-02-12,227
FAC-019,MED-003,2026-02-12,48
FAC-019,MED-004,2026-02-12,65
FAC-019,MED-005,2026-02-12,47
FAC-019,MED-006,2026-02-12,34
FAC-019,MED-007,2026-02-12,36
FAC-019,MED-008,2026-02-12,110
FAC-020,MED-001,2026-02-12,91
FAC-020,MED-002,2026-02-12,112
FAC-020,MED-003,2026-02-12,42
FAC-020,MED-004,2026-02-12,109
FAC-020,MED-005,2026-02-12,82
FAC-020,MED-006,2026-02-12,54
FAC-020,MED-007,2026-02-12,69
FAC-020,MED-008,2026-02-12,114
FAC-001,MED-001,2026-02-13,718
FAC-001,MED-002,2026-02-13,2567
FAC-001,MED-003,2026-02-13,563
FAC-001,MED-004,2026-02-13,581
FAC-001,MED-005,2026-02-13,845
FAC-001,MED-006,2026-02-13,753
FAC-001,MED-007,2026-02-13,545
FAC-001,MED-008,2026-02-13,862
FAC-002,MED-001,2026-02-13,149
FAC-002,MED-002,2026-02-13,241
FAC-002,MED-003,2026-02-13,21
FAC-002,MED-004,2026-02-13,126
FAC-002,MED-005,2026-02-13,99
FAC-002,MED-006,2026-02-13,48
FAC-002,MED-007,2026-02-13,119
FAC-002,MED-008,2026-02-13,147
FAC-003,MED-001,2026-02-13,71
FAC-003,MED-002,2026-02-13,63
FAC-003,MED-003,2026-02-13,43
FAC-003,MED-004,2026-02-13,51
FAC-003,MED-005,2026-02-13,49
FAC-003,MED-006,2026-02-13,20
FAC-003,MED-007,2026-02-13,16
FAC-003,MED-008,2026-02-13,52
FAC-004,MED-001,2026-02-13,126
FAC-004,MED-002,2026-02-13,96
FAC-004,MED-003,2026-02-13,44
FAC-004,MED-004,2026-02-13,217
FAC-004,MED-005,2026-02-13,95
FAC-004,MED-006,2026-02-13,73
FAC-004,MED-007,2026-02-13,60
FAC-004,MED-008,2026-02-13,207
FAC-005,MED-001,2026-02-13,630
FAC-005,MED-002,2026-02-13,2382
FAC-005,MED-003,2026-02-13,255
FAC-005,MED-004,2026-02-13,809
FAC-005,MED-005,2026-02-13,652
FAC-005,MED-006,2026-02-13,394
FAC-005,MED-007,2026-02-13,938
FAC-005,MED-008,2026-02-13,1079
FAC-006,MED-001,2026-02-13,1852
FAC-006,MED-002,2026-02-13,2125
FAC-006,MED-003,2026-02-13,429
FAC-006,MED-004,2026-02-13,1139
FAC-006,MED-005,2026-02-13,890
FAC-006,MED-006,2026-02-13,484
FAC-006,MED-007,2026-02-13,902
FAC-006,MED-008,2026-02-13,927
FAC-007,MED-001,2026-02-13,123
FAC-007,MED-002,2026-02-13,89
FAC-007,MED-003,2026-02-13,54
FAC-007,MED-004,2026-02-13,172
FAC-007,MED-005,2026-02-13,46
FAC-007,MED-006,2026-02-13,23
FAC-007,MED-007,2026-02-13,56
FAC-007,MED-008,2026-02-13,99
FAC-008,MED-001,2026-02-13,43
FAC-008,MED-002,2026-02-13,108
FAC-008,MED-003,2026-02-13,24
FAC-008,MED-004,2026-02-13,77
FAC-008,MED-005,2026-02-13,20
FAC-008,MED-006,2026-02-13,13
FAC-008,MED-007,2026-02-13,53
FAC-008,MED-008,2026-02-13,75
FAC-009,MED-001,2026-02-13,157
FAC-009,MED-002,2026-02-13,89
FAC-009,MED-003,2026-02-13,41
FAC-009,MED-004,2026-02-13,67
FAC-009,MED-005,2026-02-13,29
FAC-009,MED-006,2026-02-13,55
FAC-009,MED-007,2026-02-13,45
FAC-009,MED-008,2026-02-13,160
FAC-010,MED-001,2026-02-13,60
FAC-010,MED-002,2026-02-13,90
FAC-010,MED-003,2026-02-13,33
FAC-010,MED-004,2026-02-13,83
FAC-010,MED-005,2026-02-13,24
FAC-010,MED-006,2026-02-13,12
FAC-010,MED-007,2026-02-13,54
FAC-010,MED-008,2026-02-13,111
FAC-011,MED-001,2026-02-13,1192
FAC-011,MED-002,2026-02-13,1081
FAC-011,MED-003,2026-02-13,545
FAC-011,MED-004,2026-02-13,818
FAC-011,MED-005,2026-02-13,980
FAC-011,MED-006,2026-02-13,329
FAC-011,MED-007,2026-02-13,679
FAC-011,MED-008,2026-02-13,1465
FAC-012,MED-001,2026-02-13,179
FAC-012,MED-002,2026-02-13,123
FAC-012,MED-003,2026-02-13,18
FAC-012,MED-004,2026-02-13,143
FAC-012,MED-005,2026-02-13,88
FAC-012,MED-006,2026-02-13,50
FAC-012,MED-007,2026-02-13,72
FAC-012,MED-008,2026-02-13,243
FAC-013,MED-001,2026-02-13,43
FAC-013,MED-002,2026-02-13,47
FAC-013,MED-003,2026-02-13,39
FAC-013,MED-004,2026-02-13,51
FAC-013,MED-005,2026-02-13,28
FAC-013,MED-006,2026-02-13,22
FAC-013,MED-007,2026-02-13,23
FAC-013,MED-008,2026-02-13,49
FAC-014,MED-001,2026-02-13,97
FAC-014,MED-002,2026-02-13,170
FAC-014,MED-003,2026-02-13,52
FAC-014,MED-004,2026-02-13,154
FAC-014,MED-005,2026-02-13,92
FAC-014,MED-006,2026-02-13,37
FAC-014,MED-007,2026-02-13,94
FAC-014,MED-008,2026-02-13,151
FAC-015,MED-001,2026-02-13,55
FAC-015,MED-002,2026-02-13,181
FAC-015,MED-003,2026-02-13,35
FAC-015,MED-004,2026-02-13,46
FAC-015,MED-005,2026-02-13,45
FAC-015,MED-006,2026-02-13,24
FAC-015,MED-007,2026-02-13,55
FAC-015,MED-008,2026-02-13,141
FAC-016,MED-001,2026-02-13,1721
FAC-016,MED-002,2026-02-13,2844
FAC-016,MED-003,2026-02-13,352
FAC-016,MED-004,2026-02-13,829
FAC-016,MED-005,2026-02-13,868
FAC-016,MED-006,2026-02-13,398
FAC-016,MED-007,2026-02-13,991
FAC-016,MED-008,2026-02-13,1137
FAC-017,MED-001,2026-02-13,109
FAC-017,MED-002,2026-02-13,232
FAC-017,MED-003,2026-02-13,37
FAC-017,MED-004,2026-02-13,114
FAC-017,MED-005,2026-02-13,39
FAC-017,MED-006,2026-02-13,62
FAC-017,MED-007,2026-02-13,104
FAC-017,MED-008,2026-02-13,182
FAC-018,MED-001,2026-02-13,63
FAC-018,MED-002,2026-02-13,97
FAC-018,MED-003,2026-02-13,51
FAC-018,MED-004,2026-02-13,60
FAC-018,MED-005,2026-02-13,47
FAC-018,MED-006,2026-02-13,14
FAC-018,MED-007,2026-02-13,42
FAC-018,MED-008,2026-02-13,57
FAC-019,MED-001,2026-02-13,152
FAC-019,MED-002,2026-02-13,216
FAC-019,MED-003,2026-02-13,45
FAC-019,MED-004,2026-02-13,59
FAC-019,MED-005,2026-02-13,42
FAC-019,MED-006,2026-02-13,32
FAC-019,MED-007,2026-02-13,119
FAC-019,MED-008,2026-02-13,101
FAC-020,MED-001,2026-02-13,76
FAC-020,MED-002,2026-02-13,97
FAC-020,MED-003,2026-02-13,40
FAC-020,MED-004,2026-02-13,99
FAC-020,MED-005,2026-02-13,76
FAC-020,MED-006,2026-02-13,50
FAC-020,MED-007,2026-02-13,65
FAC-020,MED-008,2026-02-13,107
FAC-001,MED-001,2026-02-14,562
FAC-001,MED-002,2026-02-14,2372
FAC-001,MED-003,2026-02-14,527
FAC-001,MED-004,2026-02-14,1835
FAC-001,MED-005,2026-02-14,767
FAC-001,MED-006,2026-02-14,708
FAC-001,MED-007,2026-02-14,480
FAC-001,MED-008,2026-02-14,735
FAC-002,MED-001,2026-02-14,144
FAC-002,MED-002,2026-02-14,231
FAC-002,MED-003,2026-02-14,20
FAC-002,MED-004,2026-02-14,116
FAC-002,MED-005,2026-02-14,95
FAC-002,MED-006,2026-02-14,46
FAC-002,MED-007,2026-02-14,112
FAC-002,MED-008,2026-02-14,132
FAC-003,MED-001,2026-02-14,68
FAC-003,MED-002,2026-02-14,58
FAC-003,MED-003,2026-02-14,40
FAC-003,MED-004,2026-02-14,43
FAC-003,MED-005,2026-02-14,47
FAC-003,MED-006,2026-02-14,51
FAC-003,MED-007,2026-02-14,13
FAC-003,MED-008,2026-02-14,46
FAC-004,MED-001,2026-02-14,116
FAC-004,MED-002,2026-02-14,319
FAC-004,MED-003,2026-02-14,41
FAC-004,MED-004,2026-02-14,211
FAC-004,MED-005,2026-02-14,86
FAC-004,MED-006,2026-02-14,70
FAC-004,MED-007,2026-02-14,55
FAC-004,MED-008,2026-02-14,190
FAC-005,MED-001,2026-02-14,1909
FAC-005,MED-002,2026-02-14,2266
FAC-005,MED-003,2026-02-14,227
FAC-005,MED-004,2026-02-14,728
FAC-005,MED-005,2026-02-14,598
FAC-005,MED-006,2026-02-14,367
FAC-005,MED-007,2026-02-14,876
FAC-005,MED-008,2026-02-14,997
FAC-006,MED-001,2026-02-14,1737
FAC-006,MED-002,2026-02-14,1969
FAC-006,MED-003,2026-02-14,394
FAC-006,MED-004,2026-02-14,1016
FAC-006,MED-005,2026-02-14,836
FAC-006,MED-006,2026-02-14,442
FAC-006,MED-007,2026-02-14,826
FAC-006,MED-008,2026-02-14,812
FAC-007,MED-001,2026-02-14,116
FAC-007,MED-002,2026-02-14,77
FAC-007,MED-003,2026-02-14,54
FAC-007,MED-004,2026-02-14,164
FAC-007,MED-005,2026-02-14,39
FAC-007,MED-006,2026-02-14,74
FAC-007,MED-007,2026-02-14,51
FAC-007,MED-008,2026-02-14,89
FAC-008,MED-001,2026-02-14,108
FAC-008,MED-002,2026-02-14,103
FAC-008,MED-003,2026-02-14,20
FAC-008,MED-004,2026-02-14,69
FAC-008,MED-005,2026-02-14,19
FAC-008,MED-006,2026-02-14,44
FAC-008,MED-007,2026-02-14,53
FAC-008,MED-008,2026-02-14,69
FAC-009,MED-001,2026-02-14,150
FAC-009,MED-002,2026-02-14,84
FAC-009,MED-003,2026-02-14,40
FAC-009,MED-004,2026-02-14,64
FAC-009,MED-005,2026-02-14,24
FAC-009,MED-006,2026-02-14,52
FAC-009,MED-007,2026-02-14,40
FAC-009,MED-008,2026-02-14,154
FAC-010,MED-001,2026-02-14,55
FAC-010,MED-002,2026-02-14,81
FAC-010,MED-003,2026-02-14,30
FAC-010,MED-004,2026-02-14,81
FAC-010,MED-005,2026-02-14,20
FAC-010,MED-006,2026-02-14,11
FAC-010,MED-007,2026-02-14,43
FAC-010,MED-008,2026-02-14,106
FAC-011,MED-001,2026-02-14,1084
FAC-011,MED-002,2026-02-14,927
FAC-011,MED-003,2026-02-14,521
FAC-011,MED-004,2026-02-14,724
FAC-011,MED-005,2026-02-14,932
FAC-011,MED-006,2026-02-14,294
FAC-011,MED-007,2026-02-14,616
FAC-011,MED-008,2026-02-14,1365
FAC-012,MED-001,2026-02-14,171
FAC-012,MED-002,2026-02-14,108
FAC-012,MED-003,2026-02-14,17
FAC-012,MED-004,2026-02-14,135
FAC-012,MED-005,2026-02-14,84
FAC-012,MED-006,2026-02-14,49
FAC-012,MED-007,2026-02-14,67
FAC-012,MED-008,2026-02-14,236
FAC-013,MED-001,2026-02-14,38
FAC-013,MED-002,2026-02-14,41
FAC-013,MED-003,2026-02-14,39
FAC-013,MED-004,2026-02-14,47
FAC-013,MED-005,2026-02-14,26
FAC-013,MED-006,2026-02-14,54
FAC-013,MED-007,2026-02-14,18
FAC-013,MED-008,2026-02-14,46
FAC-014,MED-001,2026-02-14,90
FAC-014,MED-002,2026-02-14,161
FAC-014,MED-003,2026-02-14,52
FAC-014,MED-004,2026-02-14,147
FAC-014,MED-005,2026-02-14,90
FAC-014,MED-006,2026-02-14,35
FAC-014,MED-007,2026-02-14,91
FAC-014,MED-008,2026-02-14,140
FAC-015,MED-001,2026-02-14,166
FAC-015,MED-002,2026-02-14,172
FAC-015,MED-003,2026-02-14,32
FAC-015,MED-004,2026-02-14,44
FAC-015,MED-005,2026-02-14,39
FAC-015,MED-006,2026-02-14,20
FAC-015,MED-007,2026-02-14,53
FAC-015,MED-008,2026-02-14,134
FAC-016,MED-001,2026-02-14,1577
FAC-016,MED-002,2026-02-14,2688
FAC-016,MED-003,2026-02-14,318
FAC-016,MED-004,2026-02-14,636
FAC-016,MED-005,2026-02-14,794
FAC-016,MED-006,2026-02-14,346
FAC-016,MED-007,2026-02-14,901
FAC-016,MED-008,2026-02-14,1007
FAC-017,MED-001,2026-02-14,102
FAC-017,MED-002,2026-02-14,224
FAC-017,MED-003,2026-02-14,31
FAC-017,MED-004,2026-02-14,109
FAC-017,MED-005,2026-02-14,35
FAC-017,MED-006,2026-02-14,60
FAC-017,MED-007,2026-02-14,98
FAC-017,MED-008,2026-02-14,179
FAC-018,MED-001,2026-02-14,58
FAC-018,MED-002,2026-02-14,93
FAC-018,MED-003,2026-02-14,46
FAC-018,MED-004,2026-02-14,58
FAC-018,MED-005,2026-02-14,46
FAC-018,MED-006,2026-02-14,48
FAC-018,MED-007,2026-02-14,41
FAC-018,MED-008,2026-02-14,53
FAC-019,MED-001,2026-02-14,145
FAC-019,MED-002,2026-02-14,210
FAC-019,MED-003,2026-02-14,43
FAC-019,MED-004,2026-02-14,57
FAC-019,MED-005,2026-02-14,35
FAC-019,MED-006,2026-02-14,31
FAC-019,MED-007,2026-02-14,116
FAC-019,MED-008,2026-02-14,97
FAC-020,MED-001,2026-02-14,69
FAC-020,MED-002,2026-02-14,89
FAC-020,MED-003,2026-02-14,37
FAC-020,MED-004,2026-02-14,91
FAC-020,MED-005,2026-02-14,73
FAC-020,MED-006,2026-02-14,48
FAC-020,MED-007,2026-02-14,57
FAC-020,MED-008,2026-02-14,98
FAC-001,MED-001,2026-02-15,2307
FAC-001,MED-002,2026-02-15,2188
FAC-001,MED-003,2026-02-15,489
FAC-001,MED-004,2026-02-15,1730
FAC-001,MED-005,2026-02-15,695
FAC-001,MED-006,2026-02-15,667
FAC-001,MED-007,2026-02-15,402
FAC-001,MED-008,2026-02-15,2135
FAC-002,MED-001,2026-02-15,127
FAC-002,MED-002,2026-02-15,216
FAC-002,MED-003,2026-02-15,62
FAC-002,MED-004,2026-02-15,108
FAC-002,MED-005,2026-02-15,89
FAC-002,MED-006,2026-02-15,43
FAC-002,MED-007,2026-02-15,107
FAC-002,MED-008,2026-02-15,125
FAC-003,MED-001,2026-02-15,64
FAC-003,MED-002,2026-02-15,51
FAC-003,MED-003,2026-02-15,39
FAC-003,MED-004,2026-02-15,41
FAC-003,MED-005,2026-02-15,46
FAC-003,MED-006,2026-02-15,48
FAC-003,MED-007,2026-02-15,43
FAC-003,MED-008,2026-02-15,41
FAC-004,MED-001,2026-02-15,112
FAC-004,MED-002,2026-02-15,311
FAC-004,MED-003,2026-02-15,40
FAC-004,MED-004,2026-02-15,203
FAC-004,MED-005,2026-02-15,82
FAC-004,MED-006,2026-02-15,64
FAC-004,MED-007,2026-02-15,160
FAC-004,MED-008,2026-02-15,179
FAC-005,MED-001,2026-02-15,1794
FAC-005,MED-002,2026-02-15,2144
FAC-005,MED-003,2026-02-15,199
FAC-005,MED-004,2026-02-15,650
FAC-005,MED-005,2026-02-15,540
FAC-005,MED-006,2026-02-15,337
FAC-005,MED-007,2026-02-15,797
FAC-005,MED-008,2026-02-15,897
FAC-006,MED-001,2026-02-15,1621
FAC-006,MED-002,2026-02-15,1811
FAC-006,MED-003,2026-02-15,363
FAC-006,MED-004,2026-02-15,911
FAC-006,MED-005,2026-02-15,783
FAC-006,MED-006,2026-02-15,397
FAC-006,MED-007,2026-02-15,760
FAC-006,MED-008,2026-02-15,2041
FAC-007,MED-001,2026-02-15,108
FAC-007,MED-002,2026-02-15,68
FAC-007,MED-003,2026-02-15,53
FAC-007,MED-004,2026-02-15,154
FAC-007,MED-005,2026-02-15,33
FAC-007,MED-006,2026-02-15,72
FAC-007,MED-007,2026-02-15,46
FAC-007,MED-008,2026-02-15,85
FAC-008,MED-001,2026-02-15,99
FAC-008,MED-002,2026-02-15,96
FAC-008,MED-003,2026-02-15,19
FAC-008,MED-004,2026-02-15,64
FAC-008,MED-005,2026-02-15,17
FAC-008,MED-006,2026-02-15,42
FAC-008,MED-007,2026-02-15,50
FAC-008,MED-008,2026-02-15,64
FAC-009,MED-001,2026-02-15,146
FAC-009,MED-002,2026-02-15,210
FAC-009,MED-003,2026-02-15,38
FAC-009,MED-004,2026-02-15,57
FAC-009,MED-005,2026-02-15,21
FAC-009,MED-006,2026-02-15,51
FAC-009,MED-007,2026-02-15,35
FAC-009,MED-008,2026-02-15,146
FAC-010,MED-001,2026-02-15,50
FAC-010,MED-002,2026-02-15,74
FAC-010,MED-003,2026-02-15,29
FAC-010,MED-004,2026-02-15,78
FAC-010,MED-005,2026-02-15,17
FAC-010,MED-006,2026-02-15,45
FAC-010,MED-007,2026-02-15,41
FAC-010,MED-008,2026-02-15,104
FAC-011,MED-001,2026-02-15,967
FAC-011,MED-002,2026-02-15,815
FAC-011,MED-003,2026-02-15,499
FAC-011,MED-004,2026-02-15,624
FAC-011,MED-005,2026-02-15,888
FAC-011,MED-006,2026-02-15,255
FAC-011,MED-007,2026-02-15,542
FAC-011,MED-008,2026-02-15,1255
FAC-012,MED-001,2026-02-15,153
FAC-012,MED-002,2026-02-15,308
FAC-012,MED-003,2026-02-15,55
FAC-012,MED-004,2026-02-15,128
FAC-012,MED-005,2026-02-15,78
FAC-012,MED-006,2026-02-15,44
FAC-012,MED-007,2026-02-15,61
FAC-012,MED-008,2026-02-15,225
FAC-013,MED-001,2026-02-15,34
FAC-013,MED-002,2026-02-15,37
FAC-013,MED-003,2026-02-15,36
FAC-013,MED-004,2026-02-15,44
FAC-013,MED-005,2026-02-15,22
FAC-013,MED-006,2026-02-15,51
FAC-013,MED-007,2026-02-15,17
FAC-013,MED-008,2026-02-15,42
FAC-014,MED-001,2026-02-15,84
FAC-014,MED-002,2026-02-15,148
FAC-014,MED-003,2026-02-15,51
FAC-014,MED-004,2026-02-15,139
FAC-014,MED-005,2026-02-15,84
FAC-014,MED-006,2026-02-15,35
FAC-014,MED-007,2026-02-15,85
FAC-014,MED-008,2026-02-15,134
FAC-015,MED-001,2026-02-15,162
FAC-015,MED-002,2026-02-15,161
FAC-015,MED-003,2026-02-15,29
FAC-015,MED-004,2026-02-15,38
FAC-015,MED-005,2026-02-15,36
FAC-015,MED-006,2026-02-15,20
FAC-015,MED-007,2026-02-15,48
FAC-015,MED-008,2026-02-15,130
FAC-016,MED-001,2026-02-15,1440
FAC-016,MED-002,2026-02-15,2532
FAC-016,MED-003,2026-02-15,284
FAC-016,MED-004,2026-02-15,548
FAC-016,MED-005,2026-02-15,723
FAC-016,MED-006,2026-02-15,304
FAC-016,MED-007,2026-02-15,827
FAC-016,MED-008,2026-02-15,898
FAC-017,MED-001,2026-02-15,95
FAC-017,MED-002,2026-02-15,211
FAC-017,MED-003,2026-02-15,29
FAC-017,MED-004,2026-02-15,101
FAC-017,MED-005,2026-02-15,105
FAC-017,MED-006,2026-02-15,57
FAC-017,MED-007,2026-02-15,95
FAC-017,MED-008,2026-02-15,170
FAC-018,MED-001,2026-02-15,55
FAC-018,MED-002,2026-02-15,88
FAC-018,MED-003,2026-02-15,45
FAC-018,MED-004,2026-02-15,53
FAC-018,MED-005,2026-02-15,44
FAC-018,MED-006,2026-02-15,45
FAC-018,MED-007,2026-02-15,41
FAC-018,MED-008,2026-02-15,48
FAC-019,MED-001,2026-02-15,145
FAC-019,MED-002,2026-02-15,197
FAC-019,MED-003,2026-02-15,38
FAC-019,MED-004,2026-02-15,177
FAC-019,MED-005,2026-02-15,33
FAC-019,MED-006,2026-02-15,71
FAC-019,MED-007,2026-02-15,114
FAC-019,MED-008,2026-02-15,88
FAC-020,MED-001,2026-02-15,62
FAC-020,MED-002,2026-02-15,82
FAC-020,MED-003,2026-02-15,34
FAC-020,MED-004,2026-02-15,88
FAC-020,MED-005,2026-02-15,70
FAC-020,MED-006,2026-02-15,47
FAC-020,MED-007,2026-02-15,54
FAC-020,MED-008,2026-02-15,84
FAC-001,MED-001,2026-02-16,2163
FAC-001,MED-002,2026-02-16,1988
FAC-001,MED-003,2026-02-16,451
FAC-001,MED-004,2026-02-16,1612
FAC-001,MED-005,2026-02-16,617
FAC-001,MED-006,2026-02-16,620
FAC-001,MED-007,2026-02-16,315
FAC-001,MED-008,2026-02-16,1988
FAC-002,MED-001,2026-02-16,115
FAC-002,MED-002,2026-02-16,203
FAC-002,MED-003,2026-02-16,56
FAC-002,MED-004,2026-02-16,96
FAC-002,MED-005,2026-02-16,82
FAC-002,MED-006,2026-02-16,34
FAC-002,MED-007,2026-02-16,99
FAC-002,MED-008,2026-02-16,115
FAC-003,MED-001,2026-02-16,61
FAC-003,MED-002,2026-02-16,40
FAC-003,MED-003,2026-02-16,37
FAC-003,MED-004,2026-02-16,35
FAC-003,MED-005,2026-02-16,43
FAC-003,MED-006,2026-02-16,45
FAC-003,MED-007,2026-02-16,39
FAC-003,MED-008,2026-02-16,36
FAC-004,MED-001,2026-02-16,294
FAC-004,MED-002,2026-02-16,285
FAC-004,MED-003,2026-02-16,38
FAC-004,MED-004,2026-02-16,189
FAC-004,MED-005,2026-02-16,72
FAC-004,MED-006,2026-02-16,55
FAC-004,MED-007,2026-02-16,150
FAC-004,MED-008,2026-02-16,170
FAC-005,MED-001,2026-02-16,1679
FAC-005,MED-002,2026-02-16,2007
FAC-005,MED-003,2026-02-16,169
FAC-005,MED-004,2026-02-16,576
FAC-005,MED-005,2026-02-16,485
FAC-005,MED-006,2026-02-16,292
FAC-005,MED-007,2026-02-16,730
FAC-005,MED-008,2026-02-16,790
FAC-006,MED-001,2026-02-16,1519
FAC-006,MED-002,2026-02-16,1626
FAC-006,MED-003,2026-02-16,335
FAC-006,MED-004,2026-02-16,810
FAC-006,MED-005,2026-02-16,728
FAC-006,MED-006,2026-02-16,356
FAC-006,MED-007,2026-02-16,695
FAC-006,MED-008,2026-02-16,1929
FAC-007,MED-001,2026-02-16,98
FAC-007,MED-002,2026-02-16,237
FAC-007,MED-003,2026-02-16,48
FAC-007,MED-004,2026-02-16,145
FAC-007,MED-005,2026-02-16,23
FAC-007,MED-006,2026-02-16,67
FAC-007,MED-007,2026-02-16,38
FAC-007,MED-008,2026-02-16,79
FAC-008,MED-001,2026-02-16,97
FAC-008,MED-002,2026-02-16,86
FAC-008,MED-003,2026-02-16,17
FAC-008,MED-004,2026-02-16,58
FAC-008,MED-005,2026-02-16,14
FAC-008,MED-006,2026-02-16,38
FAC-008,MED-007,2026-02-16,47
FAC-008,MED-008,2026-02-16,56
FAC-009,MED-001,2026-02-16,134
FAC-009,MED-002,2026-02-16,203
FAC-009,MED-003,2026-02-16,34
FAC-009,MED-004,2026-02-16,45
FAC-009,MED-005,2026-02-16,77
FAC-009,MED-006,2026-02-16,48
FAC-009,MED-007,2026-02-16,30
FAC-009,MED-008,2026-02-16,135
FAC-010,MED-001,2026-02-16,44
FAC-010,MED-002,2026-02-16,61
FAC-010,MED-003,2026-02-16,26
FAC-010,MED-004,2026-02-16,71
FAC-010,MED-005,2026-02-16,60
FAC-010,MED-006,2026-02-16,41
FAC-010,MED-007,2026-02-16,39
FAC-010,MED-008,2026-02-16,96
FAC-011,MED-001,2026-02-16,854
FAC-011,MED-002,2026-02-16,2309
FAC-011,MED-003,2026-02-16,471
FAC-011,MED-004,2026-02-16,512
FAC-011,MED-005,2026-02-16,824
FAC-011,MED-006,2026-02-16,212
FAC-011,MED-007,2026-02-16,459
FAC-011,MED-008,2026-02-16,1155
FAC-012,MED-001,2026-02-16,131
FAC-012,MED-002,2026-02-16,286
FAC-012,MED-003,2026-02-16,46
FAC-012,MED-004,2026-02-16,108
FAC-012,MED-005,2026-02-16,69
FAC-012,MED-006,2026-02-16,40
FAC-012,MED-007,2026-02-16,53
FAC-012,MED-008,2026-02-16,211
FAC-013,MED-001,2026-02-16,32
FAC-013,MED-002,2026-02-16,94
FAC-013,MED-003,2026-02-16,35
FAC-013,MED-004,2026-02-16,43
FAC-013,MED-005,2026-02-16,19
FAC-013,MED-006,2026-02-16,44
FAC-013,MED-007,2026-02-16,49
FAC-013,MED-008,2026-02-16,39
FAC-014,MED-001,2026-02-16,211
FAC-014,MED-002,2026-02-16,138
FAC-014,MED-003,2026-02-16,50
FAC-014,MED-004,2026-02-16,133
FAC-014,MED-005,2026-02-16,77
FAC-014,MED-006,2026-02-16,31
FAC-014,MED-007,2026-02-16,78
FAC-014,MED-008,2026-02-16,123
FAC-015,MED-001,2026-02-16,154
FAC-015,MED-002,2026-02-16,149
FAC-015,MED-003,2026-02-16,26
FAC-015,MED-004,2026-02-16,119
FAC-015,MED-005,2026-02-16,90
FAC-015,MED-006,2026-02-16,19
FAC-015,MED-007,2026-02-16,38
FAC-015,MED-008,2026-02-16,119
FAC-016,MED-001,2026-02-16,1308
FAC-016,MED-002,2026-02-16,2357
FAC-016,MED-003,2026-02-16,257
FAC-016,MED-004,2026-02-16,438
FAC-016,MED-005,2026-02-16,664
FAC-016,MED-006,2026-02-16,257
FAC-016,MED-007,2026-02-16,756
FAC-016,MED-008,2026-02-16,2413
FAC-017,MED-001,2026-02-16,84
FAC-017,MED-002,2026-02-16,194
FAC-017,MED-003,2026-02-16,26
FAC-017,MED-004,2026-02-16,98
FAC-017,MED-005,2026-02-16,84
FAC-017,MED-006,2026-02-16,55
FAC-017,MED-007,2026-02-16,86
FAC-017,MED-008,2026-02-16,163
FAC-018,MED-001,2026-02-16,51
FAC-018,MED-002,2026-02-16,80
FAC-018,MED-003,2026-02-16,41
FAC-018,MED-004,2026-02-16,51
FAC-018,MED-005,2026-02-16,44
FAC-018,MED-006,2026-02-16,43
FAC-018,MED-007,2026-02-16,36
FAC-018,MED-008,2026-02-16,44
FAC-019,MED-001,2026-02-16,127
FAC-019,MED-002,2026-02-16,178
FAC-019,MED-003,2026-02-16,35
FAC-019,MED-004,2026-02-16,173
FAC-019,MED-005,2026-02-16,100
FAC-019,MED-006,2026-02-16,70
FAC-019,MED-007,2026-02-16,104
FAC-019,MED-008,2026-02-16,78
FAC-020,MED-001,2026-02-16,50
FAC-020,MED-002,2026-02-16,235
FAC-020,MED-003,2026-02-16,30
FAC-020,MED-004,2026-02-16,80
FAC-020,MED-005,2026-02-16,62
FAC-020,MED-006,2026-02-16,45
FAC-020,MED-007,2026-02-16,44
FAC-020,MED-008,2026-02-16,78
FAC-001,MED-001,2026-02-17,2030
FAC-001,MED-002,2026-02-17,1794
FAC-001,MED-003,2026-02-17,412
FAC-001,MED-004,2026-02-17,1483
FAC-001,MED-005,2026-02-17,532
FAC-001,MED-006,2026-02-17,570
FAC-001,MED-007,2026-02-17,1213
FAC-001,MED-008,2026-02-17,1857
FAC-002,MED-001,2026-02-17,105
FAC-002,MED-002,2026-02-17,185
FAC-002,MED-003,2026-02-17,53
FAC-002,MED-004,2026-02-17,89
FAC-002,MED-005,2026-02-17,76
FAC-002,MED-006,2026-02-17,33
FAC-002,MED-007,2026-02-17,89
FAC-002,MED-008,2026-02-17,108
FAC-003,MED-001,2026-02-17,58
FAC-003,MED-002,2026-02-17,32
FAC-003,MED-003,2026-02-17,34
FAC-003,MED-004,2026-02-17,32
FAC-003,MED-005,2026-02-17,38
FAC-003,MED-006,2026-02-17,43
FAC-003,MED-007,2026-02-17,32
FAC-003,MED-008,2026-02-17,34
FAC-004,MED-001,2026-02-17,277
FAC-004,MED-002,2026-02-17,266
FAC-004,MED-003,2026-02-17,35
FAC-004,MED-004,2026-02-17,174
FAC-004,MED-005,2026-02-17,64
FAC-004,MED-006,2026-02-17,47
FAC-004,MED-007,2026-02-17,144
FAC-004,MED-008,2026-02-17,155
FAC-005,MED-001,2026-02-17,1560
FAC-005,MED-002,2026-02-17,1873
FAC-005,MED-003,2026-02-17,459
FAC-005,MED-004,2026-02-17,1518
FAC-005,MED-005,2026-02-17,431
FAC-005,MED-006,2026-02-17,254
FAC-005,MED-007,2026-02-17,658
FAC-005,MED-008,2026-02-17,686
FAC-006,MED-001,2026-02-17,1381
FAC-006,MED-002,2026-02-17,1481
FAC-006,MED-003,2026-02-17,307
FAC-006,MED-004,2026-02-17,702
FAC-006,MED-005,2026-02-17,663
FAC-006,MED-006,2026-02-17,318
FAC-006,MED-007,2026-02-17,625
FAC-006,MED-008,2026-02-17,1805
FAC-007,MED-001,2026-02-17,83
FAC-007,MED-002,2026-02-17,221
FAC-007,MED-003,2026-02-17,44
FAC-007,MED-004,2026-02-17,135
FAC-007,MED-005,2026-02-17,92
FAC-007,MED-006,2026-02-17,65
FAC-007,MED-007,2026-02-17,120
FAC-007,MED-008,2026-02-17,217
FAC-008,MED-001,2026-02-17,92
FAC-008,MED-002,2026-02-17,80
FAC-008,MED-003,2026-02-17,45
FAC-008,MED-004,2026-02-17,54
FAC-008,MED-005,2026-02-17,44
FAC-008,MED-006,2026-02-17,33
FAC-008,MED-007,2026-02-17,42
FAC-008,MED-008,2026-02-17,54
FAC-009,MED-001,2026-02-17,123
FAC-009,MED-002,2026-02-17,187
FAC-009,MED-003,2026-02-17,32
FAC-009,MED-004,2026-02-17,150
FAC-009,MED-005,2026-02-17,69
FAC-009,MED-006,2026-02-17,43
FAC-009,MED-007,2026-02-17,101
FAC-009,MED-008,2026-02-17,125
FAC-010,MED-001,2026-02-17,135
FAC-010,MED-002,2026-02-17,165
FAC-010,MED-003,2026-02-17,25
FAC-010,MED-004,2026-02-17,62
FAC-010,MED-005,2026-02-17,59
FAC-010,MED-006,2026-02-17,39
FAC-010,MED-007,2026-02-17,29
FAC-010,MED-008,2026-02-17,88
FAC-011,MED-001,2026-02-17,693
FAC-011,MED-002,2026-02-17,2177
FAC-011,MED-003,2026-02-17,446
FAC-011,MED-004,2026-02-17,426
FAC-011,MED-005,2026-02-17,761
FAC-011,MED-006,2026-02-17,705
FAC-011,MED-007,2026-02-17,393
FAC-011,MED-008,2026-02-17,1032
FAC-012,MED-001,2026-02-17,120
FAC-012,MED-002,2026-02-17,267
FAC-012,MED-003,2026-02-17,43
FAC-012,MED-004,2026-02-17,95
FAC-012,MED-005,2026-02-17,63
FAC-012,MED-006,2026-02-17,36
FAC-012,MED-007,2026-02-17,141
FAC-012,MED-008,2026-02-17,198
FAC-013,MED-001,2026-02-17,26
FAC-013,MED-002,2026-02-17,91
FAC-013,MED-003,2026-02-17,33
FAC-013,MED-004,2026-02-17,39
FAC-013,MED-005,2026-02-17,48
FAC-013,MED-006,2026-02-17,42
FAC-013,MED-007,2026-02-17,46
FAC-013,MED-008,2026-02-17,36
FAC-014,MED-001,2026-02-17,194
FAC-014,MED-002,2026-02-17,123
FAC-014,MED-003,2026-02-17,45
FAC-014,MED-004,2026-02-17,125
FAC-014,MED-005,2026-02-17,76
FAC-014,MED-006,2026-02-17,27
FAC-014,MED-007,2026-02-17,71
FAC-014,MED-008,2026-02-17,110
FAC-015,MED-001,2026-02-17,147
FAC-015,MED-002,2026-02-17,141
FAC-015,MED-003,2026-02-17,23
FAC-015,MED-004,2026-02-17,106
FAC-015,MED-005,2026-02-17,87
FAC-015,MED-006,2026-02-17,55
FAC-015,MED-007,2026-02-17,36
FAC-015,MED-008,2026-02-17,112
FAC-016,MED-001,2026-02-17,1169
FAC-016,MED-002,2026-02-17,2189
FAC-016,MED-003,2026-02-17,227
FAC-016,MED-004,2026-02-17,294
FAC-016,MED-005,2026-02-17,596
FAC-016,MED-006,2026-02-17,744
FAC-016,MED-007,2026-02-17,674
FAC-016,MED-008,2026-02-17,2252
FAC-017,MED-001,2026-02-17,230
FAC-017,MED-002,2026-02-17,178
FAC-017,MED-003,2026-02-17,24
FAC-017,MED-004,2026-02-17,82
FAC-017,MED-005,2026-02-17,81
FAC-017,MED-006,2026-02-17,51
FAC-017,MED-007,2026-02-17,79
FAC-017,MED-008,2026-02-17,153
FAC-018,MED-001,2026-02-17,47
FAC-018,MED-002,2026-02-17,75
FAC-018,MED-003,2026-02-17,38
FAC-018,MED-004,2026-02-17,47
FAC-018,MED-005,2026-02-17,41
FAC-018,MED-006,2026-02-17,42
FAC-018,MED-007,2026-02-17,31
FAC-018,MED-008,2026-02-17,41
FAC-019,MED-001,2026-02-17,118
FAC-019,MED-002,2026-02-17,164
FAC-019,MED-003,2026-02-17,34
FAC-019,MED-004,2026-02-17,161
FAC-019,MED-005,2026-02-17,92
FAC-019,MED-006,2026-02-17,62
FAC-019,MED-007,2026-02-17,98
FAC-019,MED-008,2026-02-17,66
FAC-020,MED-001,2026-02-17,40
FAC-020,MED-002,2026-02-17,221
FAC-020,MED-003,2026-02-17,29
FAC-020,MED-004,2026-02-17,67
FAC-020,MED-005,2026-02-17,56
FAC-020,MED-006,2026-02-17,43
FAC-020,MED-007,2026-02-17,40
FAC-020,MED-008,2026-02-17,71
FAC-001,MED-001,2026-02-18,1881
FAC-001,MED-002,2026-02-18,1633
FAC-001,MED-003,2026-02-18,377
FAC-001,MED-004,2026-02-18,1367
FAC-001,MED-005,2026-02-18,1318
FAC-001,MED-006,2026-02-18,523
FAC-001,MED-007,2026-02-18,1137
FAC-001,MED-008,2026-02-18,1738
FAC-002,MED-001,2026-02-18,92
FAC-002,MED-002,2026-02-18,172
FAC-002,MED-003,2026-02-18,52
FAC-002,MED-004,2026-02-18,201
FAC-002,MED-005,2026-02-18,65
FAC-002,MED-006,2026-02-18,25
FAC-002,MED-007,2026-02-18,77
FAC-002,MED-008,2026-02-18,93
FAC-003,MED-001,2026-02-18,52
FAC-003,MED-002,2026-02-18,25
FAC-003,MED-003,2026-02-18,27
FAC-003,MED-004,2026-02-18,27
FAC-003,MED-005,2026-02-18,37
FAC-003,MED-006,2026-02-18,39
FAC-003,MED-007,2026-02-18,29
FAC-003,MED-008,2026-02-18,27
FAC-004,MED-001,2026-02-18,266
FAC-004,MED-002,2026-02-18,252
FAC-004,MED-003,2026-02-18,32
FAC-004,MED-004,2026-02-18,161
FAC-004,MED-005,2026-02-18,59
FAC-004,MED-006,2026-02-18,47
FAC-004,MED-007,2026-02-18,135
FAC-004,MED-008,2026-02-18,139
FAC-005,MED-001,2026-02-18,1435
FAC-005,MED-002,2026-02-18,1736
FAC-005,MED-003,2026-02-18,435
FAC-005,MED-004,2026-02-18,1439
FAC-005,MED-005,2026-02-18,369
FAC-005,MED-006,2026-02-18,214
FAC-005,MED-007,2026-02-18,593
FAC-005,MED-008,2026-02-18,589
FAC-006,MED-001,2026-02-18,1230
FAC-006,MED-002,2026-02-18,1326
FAC-006,MED-003,2026-02-18,273
FAC-006,MED-004,2026-02-18,596
FAC-006,MED-005,2026-02-18,571
FAC-006,MED-006,2026-02-18,282
FAC-006,MED-007,2026-02-18,556
FAC-006,MED-008,2026-02-18,1687
FAC-007,MED-001,2026-02-18,72
FAC-007,MED-002,2026-02-18,209
FAC-007,MED-003,2026-02-18,44
FAC-007,MED-004,2026-02-18,123
FAC-007,MED-005,2026-02-18,84
FAC-007,MED-006,2026-02-18,62
FAC-007,MED-007,2026-02-18,114
FAC-007,MED-008,2026-02-18,199
FAC-008,MED-001,2026-02-18,86
FAC-008,MED-002,2026-02-18,73
FAC-008,MED-003,2026-02-18,43
FAC-008,MED-004,2026-02-18,47
FAC-008,MED-005,2026-02-18,43
FAC-008,MED-006,2026-02-18,32
FAC-008,MED-007,2026-02-18,38
FAC-008,MED-008,2026-02-18,49
FAC-009,MED-001,2026-02-18,117
FAC-009,MED-002,2026-02-18,181
FAC-009,MED-003,2026-02-18,28
FAC-009,MED-004,2026-02-18,137
FAC-009,MED-005,2026-02-18,64
FAC-009,MED-006,2026-02-18,39
FAC-009,MED-007,2026-02-18,96
FAC-009,MED-008,2026-02-18,116
FAC-010,MED-001,2026-02-18,127
FAC-010,MED-002,2026-02-18,149
FAC-010,MED-003,2026-02-18,22
FAC-010,MED-004,2026-02-18,57
FAC-010,MED-005,2026-02-18,57
FAC-010,MED-006,2026-02-18,38
FAC-010,MED-007,2026-02-18,24
FAC-010,MED-008,2026-02-18,79
FAC-011,MED-001,2026-02-18,569
FAC-011,MED-002,2026-02-18,2026
FAC-011,MED-003,2026-02-18,416
FAC-011,MED-004,2026-02-18,1478
FAC-011,MED-005,2026-02-18,703
FAC-011,MED-006,2026-02-18,663
FAC-011,MED-007,2026-02-18,1132
FAC-011,MED-008,2026-02-18,926
FAC-012,MED-001,2026-02-18,105
FAC-012,MED-002,2026-02-18,253
FAC-012,MED-003,2026-02-18,40
FAC-012,MED-004,2026-02-18,84
FAC-012,MED-005,2026-02-18,54
FAC-012,MED-006,2026-02-18,32
FAC-012,MED-007,2026-02-18,131
FAC-012,MED-008,2026-02-18,186
FAC-013,MED-001,2026-02-18,77
FAC-013,MED-002,2026-02-18,85
FAC-013,MED-003,2026-02-18,29
FAC-013,MED-004,2026-02-18,36
FAC-013,MED-005,2026-02-18,45
FAC-013,MED-006,2026-02-18,41
FAC-013,MED-007,2026-02-18,43
FAC-013,MED-008,2026-02-18,34
FAC-014,MED-001,2026-02-18,185
FAC-014,MED-002,2026-02-18,111
FAC-014,MED-003,2026-02-18,43
FAC-014,MED-004,2026-02-18,116
FAC-014,MED-005,2026-02-18,69
FAC-014,MED-006,2026-02-18,26
FAC-014,MED-007,2026-02-18,63
FAC-014,MED-008,2026-02-18,100
FAC-015,MED-001,2026-02-18,130
FAC-015,MED-002,2026-02-18,133
FAC-015,MED-003,2026-02-18,21
FAC-015,MED-004,2026-02-18,99
FAC-015,MED-005,2026-02-18,80
FAC-015,MED-006,2026-02-18,50
FAC-015,MED-007,2026-02-18,31
FAC-015,MED-008,2026-02-18,94
FAC-016,MED-001,2026-02-18,1064
FAC-016,MED-002,2026-02-18,1999
FAC-016,MED-003,2026-02-18,611
FAC-016,MED-004,2026-02-18,1472
FAC-016,MED-005,2026-02-18,527
FAC-016,MED-006,2026-02-18,699
FAC-016,MED-007,2026-02-18,603
FAC-016,MED-008,2026-02-18,2116
FAC-017,MED-001,2026-02-18,215
FAC-017,MED-002,2026-02-18,156
FAC-017,MED-003,2026-02-18,62
FAC-017,MED-004,2026-02-18,68
FAC-017,MED-005,2026-02-18,75
FAC-017,MED-006,2026-02-18,46
FAC-017,MED-007,2026-02-18,72
FAC-017,MED-008,2026-02-18,142
FAC-018,MED-001,2026-02-18,44
FAC-018,MED-002,2026-02-18,67
FAC-018,MED-003,2026-02-18,37
FAC-018,MED-004,2026-02-18,39
FAC-018,MED-005,2026-02-18,38
FAC-018,MED-006,2026-02-18,40
FAC-018,MED-007,2026-02-18,28
FAC-018,MED-008,2026-02-18,34
FAC-019,MED-001,2026-02-18,106
FAC-019,MED-002,2026-02-18,151
FAC-019,MED-003,2026-02-18,28
FAC-019,MED-004,2026-02-18,154
FAC-019,MED-005,2026-02-18,82
FAC-019,MED-006,2026-02-18,59
FAC-019,MED-007,2026-02-18,91
FAC-019,MED-008,2026-02-18,178
FAC-020,MED-001,2026-02-18,150
FAC-020,MED-002,2026-02-18,208
FAC-020,MED-003,2026-02-18,29
FAC-020,MED-004,2026-02-18,57
FAC-020,MED-005,2026-02-18,51
FAC-020,MED-006,2026-02-18,39
FAC-020,MED-007,2026-02-18,34
FAC-020,MED-008,2026-02-18,184
FAC-001,MED-001,2026-02-19,1721
FAC-001,MED-002,2026-02-19,1459
FAC-001,MED-003,2026-02-19,334
FAC-001,MED-004,2026-02-19,1234
FAC-001,MED-005,2026-02-19,1244
FAC-001,MED-006,2026-02-19,465
FAC-001,MED-007,2026-02-19,977
FAC-001,MED-008,2026-02-19,1624
FAC-002,MED-001,2026-02-19,77
FAC-002,MED-002,2026-02-19,160
FAC-002,MED-003,2026-02-19,47
FAC-002,MED-004,2026-02-19,194
FAC-002,MED-005,2026-02-19,54
FAC-002,MED-006,2026-02-19,21
FAC-002,MED-007,2026-02-19,70
FAC-002,MED-008,2026-02-19,84
FAC-003,MED-001,2026-02-19,49
FAC-003,MED-002,2026-02-19,87
FAC-003,MED-003,2026-02-19,27
FAC-003,MED-004,2026-02-19,24
FAC-003,MED-005,2026-02-19,32
FAC-003,MED-006,2026-02-19,33
FAC-003,MED-007,2026-02-19,29
FAC-003,MED-008,2026-02-19,21
FAC-004,MED-001,2026-02-19,249
FAC-004,MED-002,2026-02-19,225
FAC-004,MED-003,2026-02-19,27
FAC-004,MED-004,2026-02-19,147
FAC-004,MED-005,2026-02-19,49
FAC-004,MED-006,2026-02-19,106
FAC-004,MED-007,2026-02-19,125
FAC-004,MED-008,2026-02-19,123
FAC-005,MED-001,2026-02-19,1317
FAC-005,MED-002,2026-02-19,1587
FAC-005,MED-003,2026-02-19,402
FAC-005,MED-004,2026-02-19,1339
FAC-005,MED-005,2026-02-19,989
FAC-005,MED-006,2026-02-19,170
FAC-005,MED-007,2026-02-19,528
FAC-005,MED-008,2026-02-19,476
FAC-006,MED-001,2026-02-19,1106
FAC-006,MED-002,2026-02-19,1161
FAC-006,MED-003,2026-02-19,239
FAC-006,MED-004,2026-02-19,502
FAC-006,MED-005,2026-02-19,495
FAC-006,MED-006,2026-02-19,774
FAC-006,MED-007,2026-02-19,1443
FAC-006,MED-008,2026-02-19,1569
FAC-007,MED-001,2026-02-19,209
FAC-007,MED-002,2026-02-19,199
FAC-007,MED-003,2026-02-19,39
FAC-007,MED-004,2026-02-19,114
FAC-007,MED-005,2026-02-19,80
FAC-007,MED-006,2026-02-19,59
FAC-007,MED-007,2026-02-19,107
FAC-007,MED-008,2026-02-19,187
FAC-008,MED-001,2026-02-19,81
FAC-008,MED-002,2026-02-19,68
FAC-008,MED-003,2026-02-19,39
FAC-008,MED-004,2026-02-19,41
FAC-008,MED-005,2026-02-19,40
FAC-008,MED-006,2026-02-19,27
FAC-008,MED-007,2026-02-19,33
FAC-008,MED-008,2026-02-19,45
FAC-009,MED-001,2026-02-19,111
FAC-009,MED-002,2026-02-19,168
FAC-009,MED-003,2026-02-19,23
FAC-009,MED-004,2026-02-19,132
FAC-009,MED-005,2026-02-19,58
FAC-009,MED-006,2026-02-19,37
FAC-009,MED-007,2026-02-19,91
FAC-009,MED-008,2026-02-19,100
FAC-010,MED-001,2026-02-19,120
FAC-010,MED-002,2026-02-19,142
FAC-010,MED-003,2026-02-19,54
FAC-010,MED-004,2026-02-19,49
FAC-010,MED-005,2026-02-19,53
FAC-010,MED-006,2026-02-19,36
FAC-010,MED-007,2026-02-19,77
FAC-010,MED-008,2026-02-19,72
FAC-011,MED-001,2026-02-19,438
FAC-011,MED-002,2026-02-19,1872
FAC-011,MED-003,2026-02-19,393
FAC-011,MED-004,2026-02-19,1372
FAC-011,MED-005,2026-02-19,644
FAC-011,MED-006,2026-02-19,627
FAC-011,MED-007,2026-02-19,1053
FAC-011,MED-008,2026-02-19,832
FAC-012,MED-001,2026-02-19,91
FAC-012,MED-002,2026-02-19,229
FAC-012,MED-003,2026-02-19,37
FAC-012,MED-004,2026-02-19,79
FAC-012,MED-005,2026-02-19,51
FAC-012,MED-006,2026-02-19,85
FAC-012,MED-007,2026-02-19,122
FAC-012,MED-008,2026-02-19,171
FAC-013,MED-001,2026-02-19,71
FAC-013,MED-002,2026-02-19,82
FAC-013,MED-003,2026-02-19,27
FAC-013,MED-004,2026-02-19,30
FAC-013,MED-005,2026-02-19,41
FAC-013,MED-006,2026-02-19,39
FAC-013,MED-007,2026-02-19,34
FAC-013,MED-008,2026-02-19,28
FAC-014,MED-001,2026-02-19,176
FAC-014,MED-002,2026-02-19,93
FAC-014,MED-003,2026-02-19,41
FAC-014,MED-004,2026-02-19,111
FAC-014,MED-005,2026-02-19,67
FAC-014,MED-006,2026-02-19,67
FAC-014,MED-007,2026-02-19,59
FAC-014,MED-008,2026-02-19,86
FAC-015,MED-001,2026-02-19,124
FAC-015,MED-002,2026-02-19,123
FAC-015,MED-003,2026-02-19,18
FAC-015,MED-004,2026-02-19,93
FAC-015,MED-005,2026-02-19,77
FAC-015,MED-006,2026-02-19,49
FAC-015,MED-007,2026-02-19,25
FAC-015,MED-008,2026-02-19,79
FAC-016,MED-001,2026-02-19,931
FAC-016,MED-002,2026-02-19,1853
FAC-016,MED-003,2026-02-19,581
FAC-016,MED-004,2026-02-19,1352
FAC-016,MED-005,2026-02-19,1257
FAC-016,MED-006,2026-02-19,651
FAC-016,MED-007,2026-02-19,531
FAC-016,MED-008,2026-02-19,1974
FAC-017,MED-001,2026-02-19,199
FAC-017,MED-002,2026-02-19,141
FAC-017,MED-003,2026-02-19,61
FAC-017,MED-004,2026-02-19,60
FAC-017,MED-005,2026-02-19,68
FAC-017,MED-006,2026-02-19,35
FAC-017,MED-007,2026-02-19,61
FAC-017,MED-008,2026-02-19,132
FAC-018,MED-001,2026-02-19,38
FAC-018,MED-002,2026-02-19,59
FAC-018,MED-003,2026-02-19,36
FAC-018,MED-004,2026-02-19,36
FAC-018,MED-005,2026-02-19,36
FAC-018,MED-006,2026-02-19,36
FAC-018,MED-007,2026-02-19,23
FAC-018,MED-008,2026-02-19,32
FAC-019,MED-001,2026-02-19,105
FAC-019,MED-002,2026-02-19,139
FAC-019,MED-003,2026-02-19,24
FAC-019,MED-004,2026-02-19,142
FAC-019,MED-005,2026-02-19,80
FAC-019,MED-006,2026-02-19,52
FAC-019,MED-007,2026-02-19,83
FAC-019,MED-008,2026-02-19,163
FAC-020,MED-001,2026-02-19,141
FAC-020,MED-002,2026-02-19,191
FAC-020,MED-003,2026-02-19,29
FAC-020,MED-004,2026-02-19,163
FAC-020,MED-005,2026-02-19,48
FAC-020,MED-006,2026-02-19,36
FAC-020,MED-007,2026-02-19,22
FAC-020,MED-008,2026-02-19,176
FAC-001,MED-001,2026-02-20,1602
FAC-001,MED-002,2026-02-20,1155
FAC-001,MED-003,2026-02-20,291
FAC-001,MED-004,2026-02-20,1119
FAC-001,MED-005,2026-02-20,1187
FAC-001,MED-006,2026-02-20,413
FAC-001,MED-007,2026-02-20,900
FAC-001,MED-008,2026-02-20,1472
FAC-002,MED-001,2026-02-20,63
FAC-002,MED-002,2026-02-20,144
FAC-002,MED-003,2026-02-20,43
FAC-002,MED-004,2026-02-20,185
FAC-002,MED-005,2026-02-20,46
FAC-002,MED-006,2026-02-20,16
FAC-002,MED-007,2026-02-20,63
FAC-002,MED-008,2026-02-20,68
FAC-003,MED-001,2026-02-20,46
FAC-003,MED-002,2026-02-20,83
FAC-003,MED-003,2026-02-20,27
FAC-003,MED-004,2026-02-20,22
FAC-003,MED-005,2026-02-20,30
FAC-003,MED-006,2026-02-20,31
FAC-003,MED-007,2026-02-20,27
FAC-003,MED-008,2026-02-20,62
FAC-004,MED-001,2026-02-20,230
FAC-004,MED-002,2026-02-20,201
FAC-004,MED-003,2026-02-20,20
FAC-004,MED-004,2026-02-20,135
FAC-004,MED-005,2026-02-20,134
FAC-004,MED-006,2026-02-20,100
FAC-004,MED-007,2026-02-20,116
FAC-004,MED-008,2026-02-20,106
FAC-005,MED-001,2026-02-20,1205
FAC-005,MED-002,2026-02-20,1334
FAC-005,MED-003,2026-02-20,358
FAC-005,MED-004,2026-02-20,1259
FAC-005,MED-005,2026-02-20,927
FAC-005,MED-006,2026-02-20,598
FAC-005,MED-007,2026-02-20,481
FAC-005,MED-008,2026-02-20,377
FAC-006,MED-001,2026-02-20,883
FAC-006,MED-002,2026-02-20,1008
FAC-006,MED-003,2026-02-20,558
FAC-006,MED-004,2026-02-20,409
FAC-006,MED-005,2026-02-20,433
FAC-006,MED-006,2026-02-20,741
FAC-006,MED-007,2026-02-20,1354
FAC-006,MED-008,2026-02-20,1456
FAC-007,MED-001,2026-02-20,202
FAC-007,MED-002,2026-02-20,177
FAC-007,MED-003,2026-02-20,37
FAC-007,MED-004,2026-02-20,107
FAC-007,MED-005,2026-02-20,73
FAC-007,MED-006,2026-02-20,56
FAC-007,MED-007,2026-02-20,97
FAC-007,MED-008,2026-02-20,175
FAC-008,MED-001,2026-02-20,76
FAC-008,MED-002,2026-02-20,64
FAC-008,MED-003,2026-02-20,36
FAC-008,MED-004,2026-02-20,36
FAC-008,MED-005,2026-02-20,37
FAC-008,MED-006,2026-02-20,24
FAC-008,MED-007,2026-02-20,28
FAC-008,MED-008,2026-02-20,42
FAC-009,MED-001,2026-02-20,93
FAC-009,MED-002,2026-02-20,153
FAC-009,MED-003,2026-02-20,15
FAC-009,MED-004,2026-02-20,123
FAC-009,MED-005,2026-02-20,52
FAC-009,MED-006,2026-02-20,37
FAC-009,MED-007,2026-02-20,81
FAC-009,MED-008,2026-02-20,87
FAC-010,MED-001,2026-02-20,115
FAC-010,MED-002,2026-02-20,134
FAC-010,MED-003,2026-02-20,54
FAC-010,MED-004,2026-02-20,46
FAC-010,MED-005,2026-02-20,46
FAC-010,MED-006,2026-02-20,32
FAC-010,MED-007,2026-02-20,76
FAC-010,MED-008,2026-02-20,62
FAC-011,MED-001,2026-02-20,1898
FAC-011,MED-002,2026-02-20,1732
FAC-011,MED-003,2026-02-20,360
FAC-011,MED-004,2026-02-20,1262
FAC-011,MED-005,2026-02-20,581
FAC-011,MED-006,2026-02-20,587
FAC-011,MED-007,2026-02-20,988
FAC-011,MED-008,2026-02-20,736
FAC-012,MED-001,2026-02-20,75
FAC-012,MED-002,2026-02-20,210
FAC-012,MED-003,2026-02-20,35
FAC-012,MED-004,2026-02-20,62
FAC-012,MED-005,2026-02-20,139
FAC-012,MED-006,2026-02-20,81
FAC-012,MED-007,2026-02-20,115
FAC-012,MED-008,2026-02-20,160
FAC-013,MED-001,2026-02-20,65
FAC-013,MED-002,2026-02-20,76
FAC-013,MED-003,2026-02-20,24
FAC-013,MED-004,2026-02-20,24
FAC-013,MED-005,2026-02-20,36
FAC-013,MED-006,2026-02-20,37
FAC-013,MED-007,2026-02-20,28
FAC-013,MED-008,2026-02-20,23
FAC-014,MED-001,2026-02-20,168
FAC-014,MED-002,2026-02-20,228
FAC-014,MED-003,2026-02-20,37
FAC-014,MED-004,2026-02-20,104
FAC-014,MED-005,2026-02-20,60
FAC-014,MED-006,2026-02-20,66
FAC-014,MED-007,2026-02-20,53
FAC-014,MED-008,2026-02-20,80
FAC-015,MED-001,2026-02-20,114
FAC-015,MED-002,2026-02-20,111
FAC-015,MED-003,2026-02-20,15
FAC-015,MED-004,2026-02-20,89
FAC-015,MED-005,2026-02-20,74
FAC-015,MED-006,2026-02-20,44
FAC-015,MED-007,2026-02-20,20
FAC-015,MED-008,2026-02-20,70
FAC-016,MED-001,2026-02-20,783
FAC-016,MED-002,2026-02-20,1687
FAC-016,MED-003,2026-02-20,543
FAC-016,MED-004,2026-02-20,1241
FAC-016,MED-005,2026-02-20,1199
FAC-016,MED-006,2026-02-20,606
FAC-016,MED-007,2026-02-20,466
FAC-016,MED-008,2026-02-20,1860
FAC-017,MED-001,2026-02-20,184
FAC-017,MED-002,2026-02-20,120
FAC-017,MED-003,2026-02-20,56
FAC-017,MED-004,2026-02-20,45
FAC-017,MED-005,2026-02-20,65
FAC-017,MED-006,2026-02-20,31
FAC-017,MED-007,2026-02-20,51
FAC-017,MED-008,2026-02-20,122
FAC-018,MED-001,2026-02-20,33
FAC-018,MED-002,2026-02-20,55
FAC-018,MED-003,2026-02-20,33
FAC-018,MED-004,2026-02-20,30
FAC-018,MED-005,2026-02-20,33
FAC-018,MED-006,2026-02-20,34
FAC-018,MED-007,2026-02-20,18
FAC-018,MED-008,2026-02-20,81
FAC-019,MED-001,2026-02-20,97
FAC-019,MED-002,2026-02-20,122
FAC-019,MED-003,2026-02-20,19
FAC-019,MED-004,2026-02-20,127
FAC-019,MED-005,2026-02-20,76
FAC-019,MED-006,2026-02-20,48
FAC-019,MED-007,2026-02-20,79
FAC-019,MED-008,2026-02-20,152
FAC-020,MED-001,2026-02-20,126
FAC-020,MED-002,2026-02-20,180
FAC-020,MED-003,2026-02-20,24
FAC-020,MED-004,2026-02-20,152
FAC-020,MED-005,2026-02-20,44
FAC-020,MED-006,2026-02-20,33
FAC-020,MED-007,2026-02-20,98
FAC-020,MED-008,2026-02-20,167
FAC-001,MED-001,2026-02-21,1467
FAC-001,MED-002,2026-02-21,986
FAC-001,MED-003,2026-02-21,250
FAC-001,MED-004,2026-02-21,1000
FAC-001,MED-005,2026-02-21,1109
FAC-001,MED-006,2026-02-21,350
FAC-001,MED-007,2026-02-21,823
FAC-001,MED-008,2026-02-21,1372
FAC-002,MED-001,2026-02-21,207
FAC-002,MED-002,2026-02-21,127
FAC-002,MED-003,2026-02-21,42
FAC-002,MED-004,2026-02-21,174
FAC-002,MED-005,2026-02-21,40
FAC-002,MED-006,2026-02-21,14
FAC-002,MED-007,2026-02-21,166
FAC-002,MED-008,2026-02-21,221
FAC-003,MED-001,2026-02-21,43
FAC-003,MED-002,2026-02-21,78
FAC-003,MED-003,2026-02-21,25
FAC-003,MED-004,2026-02-21,15
FAC-003,MED-005,2026-02-21,30
FAC-003,MED-006,2026-02-21,27
FAC-003,MED-007,2026-02-21,22
FAC-003,MED-008,2026-02-21,58
FAC-004,MED-001,2026-02-21,220
FAC-004,MED-002,2026-02-21,186
FAC-004,MED-003,2026-02-21,61
FAC-004,MED-004,2026-02-21,126
FAC-004,MED-005,2026-02-21,126
FAC-004,MED-006,2026-02-21,97
FAC-004,MED-007,2026-02-21,106
FAC-004,MED-008,2026-02-21,95
FAC-005,MED-001,2026-02-21,1097
FAC-005,MED-002,2026-02-21,1204
FAC-005,MED-003,2026-02-21,337
FAC-005,MED-004,2026-02-21,1164
FAC-005,MED-005,2026-02-21,876
FAC-005,MED-006,2026-02-21,572
FAC-005,MED-007,2026-02-21,1191
FAC-005,MED-008,2026-02-21,1466
FAC-006,MED-001,2026-02-21,2386
FAC-006,MED-002,2026-02-21,872
FAC-006,MED-003,2026-02-21,526
FAC-006,MED-004,2026-02-21,1493
FAC-006,MED-005,2026-02-21,367
FAC-006,MED-006,2026-02-21,702
FAC-006,MED-007,2026-02-21,1289
FAC-006,MED-008,2026-02-21,1338
FAC-007,MED-001,2026-02-21,196
FAC-007,MED-002,2026-02-21,161
FAC-007,MED-003,2026-02-21,34
FAC-007,MED-004,2026-02-21,100
FAC-007,MED-005,2026-02-21,70
FAC-007,MED-006,2026-02-21,55
FAC-007,MED-007,2026-02-21,87
FAC-007,MED-008,2026-02-21,170
FAC-008,MED-001,2026-02-21,73
FAC-008,MED-002,2026-02-21,53
FAC-008,MED-003,2026-02-21,35
FAC-008,MED-004,2026-02-21,32
FAC-008,MED-005,2026-02-21,34
FAC-008,MED-006,2026-02-21,21
FAC-008,MED-007,2026-02-21,27
FAC-008,MED-008,2026-02-21,35
FAC-009,MED-001,2026-02-21,82
FAC-009,MED-002,2026-02-21,149
FAC-009,MED-003,2026-02-21,11
FAC-009,MED-004,2026-02-21,117
FAC-009,MED-005,2026-02-21,49
FAC-009,MED-006,2026-02-21,35
FAC-009,MED-007,2026-02-21,77
FAC-009,MED-008,2026-02-21,81
FAC-010,MED-001,2026-02-21,108
FAC-010,MED-002,2026-02-21,126
FAC-010,MED-003,2026-02-21,50
FAC-010,MED-004,2026-02-21,118
FAC-010,MED-005,2026-02-21,43
FAC-010,MED-006,2026-02-21,29
FAC-010,MED-007,2026-02-21,73
FAC-010,MED-008,2026-02-21,59
FAC-011,MED-001,2026-02-21,1773
FAC-011,MED-002,2026-02-21,1590
FAC-011,MED-003,2026-02-21,331
FAC-011,MED-004,2026-02-21,1172
FAC-011,MED-005,2026-02-21,515
FAC-011,MED-006,2026-02-21,562
FAC-011,MED-007,2026-02-21,915
FAC-011,MED-008,2026-02-21,627
FAC-012,MED-001,2026-02-21,64
FAC-012,MED-002,2026-02-21,202
FAC-012,MED-003,2026-02-21,33
FAC-012,MED-004,2026-02-21,192
FAC-012,MED-005,2026-02-21,130
FAC-012,MED-006,2026-02-21,78
FAC-012,MED-007,2026-02-21,109
FAC-012,MED-008,2026-02-21,150
FAC-013,MED-001,2026-02-21,60
FAC-013,MED-002,2026-02-21,71
FAC-013,MED-003,2026-02-21,22
FAC-013,MED-004,2026-02-21,62
FAC-013,MED-005,2026-02-21,35
FAC-013,MED-006,2026-02-21,34
FAC-013,MED-007,2026-02-21,27
FAC-013,MED-008,2026-02-21,18
FAC-014,MED-001,2026-02-21,155
FAC-014,MED-002,2026-02-21,222
FAC-014,MED-003,2026-02-21,35
FAC-014,MED-004,2026-02-21,99
FAC-014,MED-005,2026-02-21,51
FAC-014,MED-006,2026-02-21,63
FAC-014,MED-007,2026-02-21,51
FAC-014,MED-008,2026-02-21,74
FAC-015,MED-001,2026-02-21,106
FAC-015,MED-002,2026-02-21,107
FAC-015,MED-003,2026-02-21,12
FAC-015,MED-004,2026-02-21,85
FAC-015,MED-005,2026-02-21,72
FAC-015,MED-006,2026-02-21,41
FAC-015,MED-007,2026-02-21,14
FAC-015,MED-008,2026-02-21,63
FAC-016,MED-001,2026-02-21,2336
FAC-016,MED-002,2026-02-21,1527
FAC-016,MED-003,2026-02-21,516
FAC-016,MED-004,2026-02-21,1107
FAC-016,MED-005,2026-02-21,1135
FAC-016,MED-006,2026-02-21,564
FAC-016,MED-007,2026-02-21,1271
FAC-016,MED-008,2026-02-21,1724
FAC-017,MED-001,2026-02-21,176
FAC-017,MED-002,2026-02-21,113
FAC-017,MED-003,2026-02-21,55
FAC-017,MED-004,2026-02-21,173
FAC-017,MED-005,2026-02-21,64
FAC-017,MED-006,2026-02-21,30
FAC-017,MED-007,2026-02-21,48
FAC-017,MED-008,2026-02-21,113
FAC-018,MED-001,2026-02-21,25
FAC-018,MED-002,2026-02-21,49
FAC-018,MED-003,2026-02-21,29
FAC-018,MED-004,2026-02-21,78
FAC-018,MED-005,2026-02-21,31
FAC-018,MED-006,2026-02-21,31
FAC-018,MED-007,2026-02-21,14
FAC-018,MED-008,2026-02-21,76
FAC-019,MED-001,2026-02-21,87
FAC-019,MED-002,2026-02-21,116
FAC-019,MED-003,2026-02-21,17
FAC-019,MED-004,2026-02-21,126
FAC-019,MED-005,2026-02-21,68
FAC-019,MED-006,2026-02-21,45
FAC-019,MED-007,2026-02-21,74
FAC-019,MED-008,2026-02-21,149
FAC-020,MED-001,2026-02-21,117
FAC-020,MED-002,2026-02-21,171
FAC-020,MED-003,2026-02-21,23
FAC-020,MED-004,2026-02-21,148
FAC-020,MED-005,2026-02-21,39
FAC-020,MED-006,2026-02-21,31
FAC-020,MED-007,2026-02-21,93
FAC-020,MED-008,2026-02-21,163
FAC-001,MED-001,2026-02-22,1345
FAC-001,MED-002,2026-02-22,820
FAC-001,MED-003,2026-02-22,218
FAC-001,MED-004,2026-02-22,884
FAC-001,MED-005,2026-02-22,1052
FAC-001,MED-006,2026-02-22,298
FAC-001,MED-007,2026-02-22,738
FAC-001,MED-008,2026-02-22,1249
FAC-002,MED-001,2026-02-22,195
FAC-002,MED-002,2026-02-22,332
FAC-002,MED-003,2026-02-22,35
FAC-002,MED-004,2026-02-22,169
FAC-002,MED-005,2026-02-22,34
FAC-002,MED-006,2026-02-22,63
FAC-002,MED-007,2026-02-22,157
FAC-002,MED-008,2026-02-22,208
FAC-003,MED-001,2026-02-22,34
FAC-003,MED-002,2026-02-22,76
FAC-003,MED-003,2026-02-22,23
FAC-003,MED-004,2026-02-22,65
FAC-003,MED-005,2026-02-22,25
FAC-003,MED-006,2026-02-22,21
FAC-003,MED-007,2026-02-22,21
FAC-003,MED-008,2026-02-22,52
FAC-004,MED-001,2026-02-22,215
FAC-004,MED-002,2026-02-22,172
FAC-004,MED-003,2026-02-22,55
FAC-004,MED-004,2026-02-22,119
FAC-004,MED-005,2026-02-22,122
FAC-004,MED-006,2026-02-22,96
FAC-004,MED-007,2026-02-22,101
FAC-004,MED-008,2026-02-22,82
FAC-005,MED-001,2026-02-22,984
FAC-005,MED-002,2026-02-22,1061
FAC-005,MED-003,2026-02-22,311
FAC-005,MED-004,2026-02-22,1070
FAC-005,MED-005,2026-02-22,818
FAC-005,MED-006,2026-02-22,535
FAC-005,MED-007,2026-02-22,1129
FAC-005,MED-008,2026-02-22,1385
FAC-006,MED-001,2026-02-22,2258
FAC-006,MED-002,2026-02-22,2719
FAC-006,MED-003,2026-02-22,487
FAC-006,MED-004,2026-02-22,1381
FAC-006,MED-005,2026-02-22,310
FAC-006,MED-006,2026-02-22,668
FAC-006,MED-007,2026-02-22,1221
FAC-006,MED-008,2026-02-22,1233
FAC-007,MED-001,2026-02-22,181
FAC-007,MED-002,2026-02-22,150
FAC-007,MED-003,2026-02-22,34
FAC-007,MED-004,2026-02-22,91
FAC-007,MED-005,2026-02-22,65
FAC-007,MED-006,2026-02-22,52
FAC-007,MED-007,2026-02-22,84
FAC-007,MED-008,2026-02-22,161
FAC-008,MED-001,2026-02-22,69
FAC-008,MED-002,2026-02-22,47
FAC-008,MED-003,2026-02-22,31
FAC-008,MED-004,2026-02-22,86
FAC-008,MED-005,2026-02-22,33
FAC-008,MED-006,2026-02-22,17
FAC-008,MED-007,2026-02-22,24
FAC-008,MED-008,2026-02-22,31
FAC-009,MED-001,2026-02-22,74
FAC-009,MED-002,2026-02-22,141
FAC-009,MED-003,2026-02-22,9
FAC-009,MED-004,2026-02-22,112
FAC-009,MED-005,2026-02-22,46
FAC-009,MED-006,2026-02-22,33
FAC-009,MED-007,2026-02-22,69
FAC-009,MED-008,2026-02-22,75
FAC-010,MED-001,2026-02-22,103
FAC-010,MED-002,2026-02-22,122
FAC-010,MED-003,2026-02-22,48
FAC-010,MED-004,2026-02-22,118
FAC-010,MED-005,2026-02-22,43
FAC-010,MED-006,2026-02-22,27
FAC-010,MED-007,2026-02-22,73
FAC-010,MED-008,2026-02-22,56
FAC-011,MED-001,2026-02-22,1659
FAC-011,MED-002,2026-02-22,1475
FAC-011,MED-003,2026-02-22,304
FAC-011,MED-004,2026-02-22,1087
FAC-011,MED-005,2026-02-22,478
FAC-011,MED-006,2026-02-22,525
FAC-011,MED-007,2026-02-22,863
FAC-011,MED-008,2026-02-22,1933
FAC-012,MED-001,2026-02-22,252
FAC-012,MED-002,2026-02-22,186
FAC-012,MED-003,2026-02-22,30
FAC-012,MED-004,2026-02-22,186
FAC-012,MED-005,2026-02-22,123
FAC-012,MED-006,2026-02-22,74
FAC-012,MED-007,2026-02-22,105
FAC-012,MED-008,2026-02-22,143
FAC-013,MED-001,2026-02-22,57
FAC-013,MED-002,2026-02-22,69
FAC-013,MED-003,2026-02-22,20
FAC-013,MED-004,2026-02-22,58
FAC-013,MED-005,2026-02-22,32
FAC-013,MED-006,2026-02-22,34
FAC-013,MED-007,2026-02-22,22
FAC-013,MED-008,2026-02-22,61
FAC-014,MED-001,2026-02-22,146
FAC-014,MED-002,2026-02-22,214
FAC-014,MED-003,2026-02-22,33
FAC-014,MED-004,2026-02-22,92
FAC-014,MED-005,2026-02-22,49
FAC-014,MED-006,2026-02-22,59
FAC-014,MED-007,2026-02-22,48
FAC-014,MED-008,2026-02-22,68
FAC-015,MED-001,2026-02-22,101
FAC-015,MED-002,2026-02-22,98
FAC-015,MED-003,2026-02-22,46
FAC-015,MED-004,2026-02-22,84
FAC-015,MED-005,2026-02-22,69
FAC-015,MED-006,2026-02-22,40
FAC-015,MED-007,2026-02-22,75
FAC-015,MED-008,2026-02-22,59
FAC-016,MED-001,2026-02-22,2193
FAC-016,MED-002,2026-02-22,1339
FAC-016,MED-003,2026-02-22,487
FAC-016,MED-004,2026-02-22,999
FAC-016,MED-005,2026-02-22,1040
FAC-016,MED-006,2026-02-22,528
FAC-016,MED-007,2026-02-22,1188
FAC-016,MED-008,2026-02-22,1605
FAC-017,MED-001,2026-02-22,168
FAC-017,MED-002,2026-02-22,104
FAC-017,MED-003,2026-02-22,54
FAC-017,MED-004,2026-02-22,168
FAC-017,MED-005,2026-02-22,52
FAC-017,MED-006,2026-02-22,28
FAC-017,MED-007,2026-02-22,42
FAC-017,MED-008,2026-02-22,107
FAC-018,MED-001,2026-02-22,87
FAC-018,MED-002,2026-02-22,40
FAC-018,MED-003,2026-02-22,27
FAC-018,MED-004,2026-02-22,77
FAC-018,MED-005,2026-02-22,26
FAC-018,MED-006,2026-02-22,29
FAC-018,MED-007,2026-02-22,14
FAC-018,MED-008,2026-02-22,74
FAC-019,MED-001,2026-02-22,219
FAC-019,MED-002,2026-02-22,111
FAC-019,MED-003,2026-02-22,17
FAC-019,MED-004,2026-02-22,118
FAC-019,MED-005,2026-02-22,64
FAC-019,MED-006,2026-02-22,42
FAC-019,MED-007,2026-02-22,72
FAC-019,MED-008,2026-02-22,145
FAC-020,MED-001,2026-02-22,113
FAC-020,MED-002,2026-02-22,165
FAC-020,MED-003,2026-02-22,21
FAC-020,MED-004,2026-02-22,142
FAC-020,MED-005,2026-02-22,99
FAC-020,MED-006,2026-02-22,30
FAC-020,MED-007,2026-02-22,87
FAC-020,MED-008,2026-02-22,155
FAC-001,MED-001,2026-02-23,1199
FAC-001,MED-002,2026-02-23,2842
FAC-001,MED-003,2026-02-23,660
FAC-001,MED-004,2026-02-23,754
FAC-001,MED-005,2026-02-23,976
FAC-001,MED-006,2026-02-23,247
FAC-001,MED-007,2026-02-23,647
FAC-001,MED-008,2026-02-23,1117
FAC-002,MED-001,2026-02-23,175
FAC-002,MED-002,2026-02-23,314
FAC-002,MED-003,2026-02-23,32
FAC-002,MED-004,2026-02-23,161
FAC-002,MED-005,2026-02-23,24
FAC-002,MED-006,2026-02-23,57
FAC-002,MED-007,2026-02-23,144
FAC-002,MED-008,2026-02-23,197
FAC-003,MED-001,2026-02-23,28
FAC-003,MED-002,2026-02-23,71
FAC-003,MED-003,2026-02-23,17
FAC-003,MED-004,2026-02-23,61
FAC-003,MED-005,2026-02-23,19
FAC-003,MED-006,2026-02-23,20
FAC-003,MED-007,2026-02-23,20
FAC-003,MED-008,2026-02-23,44
FAC-004,MED-001,2026-02-23,201
FAC-004,MED-002,2026-02-23,152
FAC-004,MED-003,2026-02-23,50
FAC-004,MED-004,2026-02-23,105
FAC-004,MED-005,2026-02-23,119
FAC-004,MED-006,2026-02-23,95
FAC-004,MED-007,2026-02-23,88
FAC-004,MED-008,2026-02-23,69
FAC-005,MED-001,2026-02-23,875
FAC-005,MED-002,2026-02-23,923
FAC-005,MED-003,2026-02-23,282
FAC-005,MED-004,2026-02-23,989
FAC-005,MED-005,2026-02-23,768
FAC-005,MED-006,2026-02-23,493
FAC-005,MED-007,2026-02-23,1068
FAC-005,MED-008,2026-02-23,1287
FAC-006,MED-001,2026-02-23,2130
FAC-006,MED-002,2026-02-23,2551
FAC-006,MED-003,2026-02-23,455
FAC-006,MED-004,2026-02-23,1278
FAC-006,MED-005,2026-02-23,248
FAC-006,MED-006,2026-02-23,637
FAC-006,MED-007,2026-02-23,1142
FAC-006,MED-008,2026-02-23,1113
FAC-007,MED-001,2026-02-23,169
FAC-007,MED-002,2026-02-23,131
FAC-007,MED-003,2026-02-23,31
FAC-007,MED-004,2026-02-23,79
FAC-007,MED-005,2026-02-23,63
FAC-007,MED-006,2026-02-23,49
FAC-007,MED-007,2026-02-23,79
FAC-007,MED-008,2026-02-23,152
FAC-008,MED-001,2026-02-23,65
FAC-008,MED-002,2026-02-23,40
FAC-008,MED-003,2026-02-23,31
FAC-008,MED-004,2026-02-23,82
FAC-008,MED-005,2026-02-23,28
FAC-008,MED-006,2026-02-23,46
FAC-008,MED-007,2026-02-23,21
FAC-008,MED-008,2026-02-23,31
FAC-009,MED-001,2026-02-23,63
FAC-009,MED-002,2026-02-23,131
FAC-009,MED-003,2026-02-23,5
FAC-009,MED-004,2026-02-23,104
FAC-009,MED-005,2026-02-23,39
FAC-009,MED-006,2026-02-23,28
FAC-009,MED-007,2026-02-23,64
FAC-009,MED-008,2026-02-23,69
FAC-010,MED-001,2026-02-23,97
FAC-010,MED-002,2026-02-23,116
FAC-010,MED-003,2026-02-23,43
FAC-010,MED-004,2026-02-23,108
FAC-010,MED-005,2026-02-23,35
FAC-010,MED-006,2026-02-23,25
FAC-010,MED-007,2026-02-23,70
FAC-010,MED-008,2026-02-23,133
FAC-011,MED-001,2026-02-23,1531
FAC-011,MED-002,2026-02-23,1325
FAC-011,MED-003,2026-02-23,251
FAC-011,MED-004,2026-02-23,979
FAC-011,MED-005,2026-02-23,425
FAC-011,MED-006,2026-02-23,477
FAC-011,MED-007,2026-02-23,790
FAC-011,MED-008,2026-02-23,1808
FAC-012,MED-001,2026-02-23,238
FAC-012,MED-002,2026-02-23,166
FAC-012,MED-003,2026-02-23,26
FAC-012,MED-004,2026-02-23,175
FAC-012,MED-005,2026-02-23,114
FAC-012,MED-006,2026-02-23,72
FAC-012,MED-007,2026-02-23,100
FAC-012,MED-008,2026-02-23,123
FAC-013,MED-001,2026-02-23,52
FAC-013,MED-002,2026-02-23,66
FAC-013,MED-003,2026-02-23,19
FAC-013,MED-004,2026-02-23,57
FAC-013,MED-005,2026-02-23,31
FAC-013,MED-006,2026-02-23,31
FAC-013,MED-007,2026-02-23,21
FAC-013,MED-008,2026-02-23,56
FAC-014,MED-001,2026-02-23,132
FAC-014,MED-002,2026-02-23,197
FAC-014,MED-003,2026-02-23,27
FAC-014,MED-004,2026-02-23,83
FAC-014,MED-005,2026-02-23,46
FAC-014,MED-006,2026-02-23,53
FAC-014,MED-007,2026-02-23,42
FAC-014,MED-008,2026-02-23,174
FAC-015,MED-001,2026-02-23,95
FAC-015,MED-002,2026-02-23,89
FAC-015,MED-003,2026-02-23,43
FAC-015,MED-004,2026-02-23,73
FAC-015,MED-005,2026-02-23,64
FAC-015,MED-006,2026-02-23,34
FAC-015,MED-007,2026-02-23,71
FAC-015,MED-008,2026-02-23,153
FAC-016,MED-001,2026-02-23,2065
FAC-016,MED-002,2026-02-23,1170
FAC-016,MED-003,2026-02-23,448
FAC-016,MED-004,2026-02-23,898
FAC-016,MED-005,2026-02-23,959
FAC-016,MED-006,2026-02-23,489
FAC-016,MED-007,2026-02-23,1110
FAC-016,MED-008,2026-02-23,1489
FAC-017,MED-001,2026-02-23,151
FAC-017,MED-002,2026-02-23,287
FAC-017,MED-003,2026-02-23,52
FAC-017,MED-004,2026-02-23,161
FAC-017,MED-005,2026-02-23,45
FAC-017,MED-006,2026-02-23,80
FAC-017,MED-007,2026-02-23,131
FAC-017,MED-008,2026-02-23,97
FAC-018,MED-001,2026-02-23,86
FAC-018,MED-002,2026-02-23,31
FAC-018,MED-003,2026-02-23,26
FAC-018,MED-004,2026-02-23,70
FAC-018,MED-005,2026-02-23,22
FAC-018,MED-006,2026-02-23,26
FAC-018,MED-007,2026-02-23,48
FAC-018,MED-008,2026-02-23,71
FAC-019,MED-001,2026-02-23,206
FAC-019,MED-002,2026-02-23,100
FAC-019,MED-003,2026-02-23,11
FAC-019,MED-004,2026-02-23,107
FAC-019,MED-005,2026-02-23,54
FAC-019,MED-006,2026-02-23,37
FAC-019,MED-007,2026-02-23,61
FAC-019,MED-008,2026-02-23,131
FAC-020,MED-001,2026-02-23,100
FAC-020,MED-002,2026-02-23,143
FAC-020,MED-003,2026-02-23,56
FAC-020,MED-004,2026-02-23,134
FAC-020,MED-005,2026-02-23,93
FAC-020,MED-006,2026-02-23,25
FAC-020,MED-007,2026-02-23,74
FAC-020,MED-008,2026-02-23,145
FAC-001,MED-001,2026-02-24,1068
FAC-001,MED-002,2026-02-24,2648
FAC-001,MED-003,2026-02-24,618
FAC-001,MED-004,2026-02-24,1960
FAC-001,MED-005,2026-02-24,911
FAC-001,MED-006,2026-02-24,811
FAC-001,MED-007,2026-02-24,558
FAC-001,MED-008,2026-02-24,996
FAC-002,MED-001,2026-02-24,157
FAC-002,MED-002,2026-02-24,295
FAC-002,MED-003,2026-02-24,31
FAC-002,MED-004,2026-02-24,146
FAC-002,MED-005,2026-02-24,19
FAC-002,MED-006,2026-02-24,51
FAC-002,MED-007,2026-02-24,135
FAC-002,MED-008,2026-02-24,184
FAC-003,MED-001,2026-02-24,25
FAC-003,MED-002,2026-02-24,64
FAC-003,MED-003,2026-02-24,53
FAC-003,MED-004,2026-02-24,58
FAC-003,MED-005,2026-02-24,18
FAC-003,MED-006,2026-02-24,17
FAC-003,MED-007,2026-02-24,15
FAC-003,MED-008,2026-02-24,39
FAC-004,MED-001,2026-02-24,185
FAC-004,MED-002,2026-02-24,134
FAC-004,MED-003,2026-02-24,44
FAC-004,MED-004,2026-02-24,94
FAC-004,MED-005,2026-02-24,109
FAC-004,MED-006,2026-02-24,87
FAC-004,MED-007,2026-02-24,80
FAC-004,MED-008,2026-02-24,247
FAC-005,MED-001,2026-02-24,751
FAC-005,MED-002,2026-02-24,2409
FAC-005,MED-003,2026-02-24,251
FAC-005,MED-004,2026-02-24,877
FAC-005,MED-005,2026-02-24,719
FAC-005,MED-006,2026-02-24,459
FAC-005,MED-007,2026-02-24,1008
FAC-005,MED-008,2026-02-24,1187
FAC-006,MED-001,2026-02-24,1945
FAC-006,MED-002,2026-02-24,2378
FAC-006,MED-003,2026-02-24,434
FAC-006,MED-004,2026-02-24,1174
FAC-006,MED-005,2026-02-24,893
FAC-006,MED-006,2026-02-24,596
FAC-006,MED-007,2026-02-24,1067
FAC-006,MED-008,2026-02-24,1001
FAC-007,MED-001,2026-02-24,156
FAC-007,MED-002,2026-02-24,117
FAC-007,MED-003,2026-02-24,28
FAC-007,MED-004,2026-02-24,71
FAC-007,MED-005,2026-02-24,52
FAC-007,MED-006,2026-02-24,42
FAC-007,MED-007,2026-02-24,72
FAC-007,MED-008,2026-02-24,139
FAC-008,MED-001,2026-02-24,56
FAC-008,MED-002,2026-02-24,113
FAC-008,MED-003,2026-02-24,29
FAC-008,MED-004,2026-02-24,80
FAC-008,MED-005,2026-02-24,26
FAC-008,MED-006,2026-02-24,43
FAC-008,MED-007,2026-02-24,16
FAC-008,MED-008,2026-02-24,96
FAC-009,MED-001,2026-02-24,53
FAC-009,MED-002,2026-02-24,120
FAC-009,MED-003,2026-02-24,0
FAC-009,MED-004,2026-02-24,97
FAC-009,MED-005,2026-02-24,30
FAC-009,MED-006,2026-02-24,25
FAC-009,MED-007,2026-02-24,64
FAC-009,MED-008,2026-02-24,62
FAC-010,MED-001,2026-02-24,90
FAC-010,MED-002,2026-02-24,106
FAC-010,MED-003,2026-02-24,42
FAC-010,MED-004,2026-02-24,102
FAC-010,MED-005,2026-02-24,33
FAC-010,MED-006,2026-02-24,22
FAC-010,MED-007,2026-02-24,68
FAC-010,MED-008,2026-02-24,126
FAC-011,MED-001,2026-02-24,1410
FAC-011,MED-002,2026-02-24,1190
FAC-011,MED-003,2026-02-24,217
FAC-011,MED-004,2026-02-24,869
FAC-011,MED-005,2026-02-24,1049
FAC-011,MED-006,2026-02-24,441
FAC-011,MED-007,2026-02-24,719
FAC-011,MED-008,2026-02-24,1700
FAC-012,MED-001,2026-02-24,222
FAC-012,MED-002,2026-02-24,146
FAC-012,MED-003,2026-02-24,22
FAC-012,MED-004,2026-02-24,162
FAC-012,MED-005,2026-02-24,103
FAC-012,MED-006,2026-02-24,66
FAC-012,MED-007,2026-02-24,89
FAC-012,MED-008,2026-02-24,111
FAC-013,MED-001,2026-02-24,50
FAC-013,MED-002,2026-02-24,62
FAC-013,MED-003,2026-02-24,16
FAC-013,MED-004,2026-02-24,51
FAC-013,MED-005,2026-02-24,29
FAC-013,MED-006,2026-02-24,29
FAC-013,MED-007,2026-02-24,15
FAC-013,MED-008,2026-02-24,55
FAC-014,MED-001,2026-02-24,126
FAC-014,MED-002,2026-02-24,184
FAC-014,MED-003,2026-02-24,21
FAC-014,MED-004,2026-02-24,75
FAC-014,MED-005,2026-02-24,41
FAC-014,MED-006,2026-02-24,49
FAC-014,MED-007,2026-02-24,116
FAC-014,MED-008,2026-02-24,157
FAC-015,MED-001,2026-02-24,90
FAC-015,MED-002,2026-02-24,75
FAC-015,MED-003,2026-02-24,40
FAC-015,MED-004,2026-02-24,71
FAC-015,MED-005,2026-02-24,62
FAC-015,MED-006,2026-02-24,31
FAC-015,MED-007,2026-02-24,64
FAC-015,MED-008,2026-02-24,146
FAC-016,MED-001,2026-02-24,1925
FAC-016,MED-002,2026-02-24,979
FAC-016,MED-003,2026-02-24,410
FAC-016,MED-004,2026-02-24,788
FAC-016,MED-005,2026-02-24,876
FAC-016,MED-006,2026-02-24,437
FAC-016,MED-007,2026-02-24,1034
FAC-016,MED-008,2026-02-24,1381
FAC-017,MED-001,2026-02-24,142
FAC-017,MED-002,2026-02-24,268
FAC-017,MED-003,2026-02-24,51
FAC-017,MED-004,2026-02-24,146
FAC-017,MED-005,2026-02-24,36
FAC-017,MED-006,2026-02-24,77
FAC-017,MED-007,2026-02-24,124
FAC-017,MED-008,2026-02-24,83
FAC-018,MED-001,2026-02-24,78
FAC-018,MED-002,2026-02-24,109
FAC-018,MED-003,2026-02-24,23
FAC-018,MED-004,2026-02-24,64
FAC-018,MED-005,2026-02-24,18
FAC-018,MED-006,2026-02-24,21
FAC-018,MED-007,2026-02-24,42
FAC-018,MED-008,2026-02-24,65
FAC-019,MED-001,2026-02-24,199
FAC-019,MED-002,2026-02-24,82
FAC-019,MED-003,2026-02-24,47
FAC-019,MED-004,2026-02-24,98
FAC-019,MED-005,2026-02-24,51
FAC-019,MED-006,2026-02-24,35
FAC-019,MED-007,2026-02-24,53
FAC-019,MED-008,2026-02-24,118
FAC-020,MED-001,2026-02-24,83
FAC-020,MED-002,2026-02-24,129
FAC-020,MED-003,2026-02-24,55
FAC-020,MED-004,2026-02-24,121
FAC-020,MED-005,2026-02-24,92
FAC-020,MED-006,2026-02-24,24
FAC-020,MED-007,2026-02-24,71
FAC-020,MED-008,2026-02-24,140
FAC-001,MED-001,2026-02-25,917
FAC-001,MED-002,2026-02-25,2443
FAC-001,MED-003,2026-02-25,586
FAC-001,MED-004,2026-02-25,1830
FAC-001,MED-005,2026-02-25,832
FAC-001,MED-006,2026-02-25,760
FAC-001,MED-007,2026-02-25,469
FAC-001,MED-008,2026-02-25,868
FAC-002,MED-001,2026-02-25,144
FAC-002,MED-002,2026-02-25,280
FAC-002,MED-003,2026-02-25,27
FAC-002,MED-004,2026-02-25,135
FAC-002,MED-005,2026-02-25,100
FAC-002,MED-006,2026-02-25,45
FAC-002,MED-007,2026-02-25,128
FAC-002,MED-008,2026-02-25,176
FAC-003,MED-001,2026-02-25,84
FAC-003,MED-002,2026-02-25,52
FAC-003,MED-003,2026-02-25,51
FAC-003,MED-004,2026-02-25,55
FAC-003,MED-005,2026-02-25,16
FAC-003,MED-006,2026-02-25,14
FAC-003,MED-007,2026-02-25,6
FAC-003,MED-008,2026-02-25,34
FAC-004,MED-001,2026-02-25,163
FAC-004,MED-002,2026-02-25,108
FAC-004,MED-003,2026-02-25,34
FAC-004,MED-004,2026-02-25,234
FAC-004,MED-005,2026-02-25,96
FAC-004,MED-006,2026-02-25,82
FAC-004,MED-007,2026-02-25,71
FAC-004,MED-008,2026-02-25,226
FAC-005,MED-001,2026-02-25,655
FAC-005,MED-002,2026-02-25,2251
FAC-005,MED-003,2026-02-25,221
FAC-005,MED-004,2026-02-25,775
FAC-005,MED-005,2026-02-25,658
FAC-005,MED-006,2026-02-25,421
FAC-005,MED-007,2026-02-25,937
FAC-005,MED-008,2026-02-25,1090
FAC-006,MED-001,2026-02-25,1806
FAC-006,MED-002,2026-02-25,2202
FAC-006,MED-003,2026-02-25,396
FAC-006,MED-004,2026-02-25,1053
FAC-006,MED-005,2026-02-25,823
FAC-006,MED-006,2026-02-25,549
FAC-006,MED-007,2026-02-25,973
FAC-006,MED-008,2026-02-25,898
FAC-007,MED-001,2026-02-25,148
FAC-007,MED-002,2026-02-25,102
FAC-007,MED-003,2026-02-25,21
FAC-007,MED-004,2026-02-25,63
FAC-007,MED-005,2026-02-25,45
FAC-007,MED-006,2026-02-25,40
FAC-007,MED-007,2026-02-25,60
FAC-007,MED-008,2026-02-25,128
FAC-008,MED-001,2026-02-25,53
FAC-008,MED-002,2026-02-25,103
FAC-008,MED-003,2026-02-25,27
FAC-008,MED-004,2026-02-25,76
FAC-008,MED-005,2026-02-25,19
FAC-008,MED-006,2026-02-25,42
FAC-008,MED-007,2026-02-25,47
FAC-008,MED-008,2026-02-25,87
FAC-009,MED-001,2026-02-25,47
FAC-009,MED-002,2026-02-25,109
FAC-009,MED-003,2026-02-25,32
FAC-009,MED-004,2026-02-25,86
FAC-009,MED-005,2026-02-25,23
FAC-009,MED-006,2026-02-25,24
FAC-009,MED-007,2026-02-25,59
FAC-009,MED-008,2026-02-25,51
FAC-010,MED-001,2026-02-25,80
FAC-010,MED-002,2026-02-25,95
FAC-010,MED-003,2026-02-25,40
FAC-010,MED-004,2026-02-25,95
FAC-010,MED-005,2026-02-25,28
FAC-010,MED-006,2026-02-25,57
FAC-010,MED-007,2026-02-25,62
FAC-010,MED-008,2026-02-25,120
FAC-011,MED-001,2026-02-25,1291
FAC-011,MED-002,2026-02-25,1021
FAC-011,MED-003,2026-02-25,181
FAC-011,MED-004,2026-02-25,763
FAC-011,MED-005,2026-02-25,994
FAC-011,MED-006,2026-02-25,402
FAC-011,MED-007,2026-02-25,644
FAC-011,MED-008,2026-02-25,1598
FAC-012,MED-001,2026-02-25,199
FAC-012,MED-002,2026-02-25,125
FAC-012,MED-003,2026-02-25,16
FAC-012,MED-004,2026-02-25,152
FAC-012,MED-005,2026-02-25,96
FAC-012,MED-006,2026-02-25,59
FAC-012,MED-007,2026-02-25,81
FAC-012,MED-008,2026-02-25,99
FAC-013,MED-001,2026-02-25,47
FAC-013,MED-002,2026-02-25,55
FAC-013,MED-003,2026-02-25,48
FAC-013,MED-004,2026-02-25,45
FAC-013,MED-005,2026-02-25,25
FAC-013,MED-006,2026-02-25,27
FAC-013,MED-007,2026-02-25,11
FAC-013,MED-008,2026-02-25,47
FAC-014,MED-001,2026-02-25,119
FAC-014,MED-002,2026-02-25,174
FAC-014,MED-003,2026-02-25,17
FAC-014,MED-004,2026-02-25,67
FAC-014,MED-005,2026-02-25,36
FAC-014,MED-006,2026-02-25,48
FAC-014,MED-007,2026-02-25,108
FAC-014,MED-008,2026-02-25,145
FAC-015,MED-001,2026-02-25,79
FAC-015,MED-002,2026-02-25,63
FAC-015,MED-003,2026-02-25,35
FAC-015,MED-004,2026-02-25,66
FAC-015,MED-005,2026-02-25,57
FAC-015,MED-006,2026-02-25,26
FAC-015,MED-007,2026-02-25,60
FAC-015,MED-008,2026-02-25,141
FAC-016,MED-001,2026-02-25,1806
FAC-016,MED-002,2026-02-25,791
FAC-016,MED-003,2026-02-25,370
FAC-016,MED-004,2026-02-25,667
FAC-016,MED-005,2026-02-25,809
FAC-016,MED-006,2026-02-25,404
FAC-016,MED-007,2026-02-25,960
FAC-016,MED-008,2026-02-25,1253
FAC-017,MED-001,2026-02-25,127
FAC-017,MED-002,2026-02-25,248
FAC-017,MED-003,2026-02-25,47
FAC-017,MED-004,2026-02-25,136
FAC-017,MED-005,2026-02-25,26
FAC-017,MED-006,2026-02-25,71
FAC-017,MED-007,2026-02-25,115
FAC-017,MED-008,2026-02-25,71
FAC-018,MED-001,2026-02-25,76
FAC-018,MED-002,2026-02-25,102
FAC-018,MED-003,2026-02-25,19
FAC-018,MED-004,2026-02-25,60
FAC-018,MED-005,2026-02-25,14
FAC-018,MED-006,2026-02-25,19
FAC-018,MED-007,2026-02-25,37
FAC-018,MED-008,2026-02-25,64
FAC-019,MED-001,2026-02-25,192
FAC-019,MED-002,2026-02-25,245
FAC-019,MED-003,2026-02-25,42
FAC-019,MED-004,2026-02-25,86
FAC-019,MED-005,2026-02-25,46
FAC-019,MED-006,2026-02-25,33
FAC-019,MED-007,2026-02-25,36
FAC-019,MED-008,2026-02-25,109
FAC-020,MED-001,2026-02-25,75
FAC-020,MED-002,2026-02-25,113
FAC-020,MED-003,2026-02-25,52
FAC-020,MED-004,2026-02-25,116
FAC-020,MED-005,2026-02-25,88
FAC-020,MED-006,2026-02-25,61
FAC-020,MED-007,2026-02-25,65
FAC-020,MED-008,2026-02-25,134
FAC-001,MED-001,2026-02-26,767
FAC-001,MED-002,2026-02-26,2269
FAC-001,MED-003,2026-02-26,550
FAC-001,MED-004,2026-02-26,1693
FAC-001,MED-005,2026-02-26,740
FAC-001,MED-006,2026-02-26,717
FAC-001,MED-007,2026-02-26,1461
FAC-001,MED-008,2026-02-26,756
FAC-002,MED-001,2026-02-26,128
FAC-002,MED-002,2026-02-26,251
FAC-002,MED-003,2026-02-26,24
FAC-002,MED-004,2026-02-26,125
FAC-002,MED-005,2026-02-26,90
FAC-002,MED-006,2026-02-26,36
FAC-002,MED-007,2026-02-26,118
FAC-002,MED-008,2026-02-26,162
FAC-003,MED-001,2026-02-26,77
FAC-003,MED-002,2026-02-26,49
FAC-003,MED-003,2026-02-26,51
FAC-003,MED-004,2026-02-26,51
FAC-003,MED-005,2026-02-26,11
FAC-003,MED-006,2026-02-26,11
FAC-003,MED-007,2026-02-26,40
FAC-003,MED-008,2026-02-26,28
FAC-004,MED-001,2026-02-26,132
FAC-004,MED-002,2026-02-26,325
FAC-004,MED-003,2026-02-26,27
FAC-004,MED-004,2026-02-26,218
FAC-004,MED-005,2026-02-26,88
FAC-004,MED-006,2026-02-26,77
FAC-004,MED-007,2026-02-26,59
FAC-004,MED-008,2026-02-26,196
FAC-005,MED-001,2026-02-26,1953
FAC-005,MED-002,2026-02-26,2110
FAC-005,MED-003,2026-02-26,192
FAC-005,MED-004,2026-02-26,685
FAC-005,MED-005,2026-02-26,585
FAC-005,MED-006,2026-02-26,390
FAC-005,MED-007,2026-02-26,879
FAC-005,MED-008,2026-02-26,964
FAC-006,MED-001,2026-02-26,1664
FAC-006,MED-002,2026-02-26,2028
FAC-006,MED-003,2026-02-26,358
FAC-006,MED-004,2026-02-26,951
FAC-006,MED-005,2026-02-26,755
FAC-006,MED-006,2026-02-26,497
FAC-006,MED-007,2026-02-26,904
FAC-006,MED-008,2026-02-26,779
FAC-007,MED-001,2026-02-26,128
FAC-007,MED-002,2026-02-26,256
FAC-007,MED-003,2026-02-26,18
FAC-007,MED-004,2026-02-26,163
FAC-007,MED-005,2026-02-26,38
FAC-007,MED-006,2026-02-26,39
FAC-007,MED-007,2026-02-26,53
FAC-007,MED-008,2026-02-26,117
FAC-008,MED-001,2026-02-26,46
FAC-008,MED-002,2026-02-26,99
FAC-008,MED-003,2026-02-26,25
FAC-008,MED-004,2026-02-26,66
FAC-008,MED-005,2026-02-26,18
FAC-008,MED-006,2026-02-26,40
FAC-008,MED-007,2026-02-26,45
FAC-008,MED-008,2026-02-26,81
FAC-009,MED-001,2026-02-26,152
FAC-009,MED-002,2026-02-26,101
FAC-009,MED-003,2026-02-26,21
FAC-009,MED-004,2026-02-26,75
FAC-009,MED-005,2026-02-26,16
FAC-009,MED-006,2026-02-26,21
FAC-009,MED-007,2026-02-26,54
FAC-009,MED-008,2026-02-26,151
FAC-010,MED-001,2026-02-26,72
FAC-010,MED-002,2026-02-26,85
FAC-010,MED-003,2026-02-26,33
FAC-010,MED-004,2026-02-26,88
FAC-010,MED-005,2026-02-26,26
FAC-010,MED-006,2026-02-26,55
FAC-010,MED-007,2026-02-26,61
FAC-010,MED-008,2026-02-26,112
FAC-011,MED-001,2026-02-26,1181
FAC-011,MED-002,2026-02-26,885
FAC-011,MED-003,2026-02-26,504
FAC-011,MED-004,2026-02-26,683
FAC-011,MED-005,2026-02-26,932
FAC-011,MED-006,2026-02-26,363
FAC-011,MED-007,2026-02-26,579
FAC-011,MED-008,2026-02-26,1494
FAC-012,MED-001,2026-02-26,185
FAC-012,MED-002,2026-02-26,110
FAC-012,MED-003,2026-02-26,10
FAC-012,MED-004,2026-02-26,133
FAC-012,MED-005,2026-02-26,87
FAC-012,MED-006,2026-02-26,58
FAC-012,MED-007,2026-02-26,74
FAC-012,MED-008,2026-02-26,87
FAC-013,MED-001,2026-02-26,43
FAC-013,MED-002,2026-02-26,49
FAC-013,MED-003,2026-02-26,46
FAC-013,MED-004,2026-02-26,41
FAC-013,MED-005,2026-02-26,22
FAC-013,MED-006,2026-02-26,23
FAC-013,MED-007,2026-02-26,9
FAC-013,MED-008,2026-02-26,41
FAC-014,MED-001,2026-02-26,104
FAC-014,MED-002,2026-02-26,154
FAC-014,MED-003,2026-02-26,52
FAC-014,MED-004,2026-02-26,53
FAC-014,MED-005,2026-02-26,92
FAC-014,MED-006,2026-02-26,48
FAC-014,MED-007,2026-02-26,102
FAC-014,MED-008,2026-02-26,136
FAC-015,MED-001,2026-02-26,69
FAC-015,MED-002,2026-02-26,200
FAC-015,MED-003,2026-02-26,30
FAC-015,MED-004,2026-02-26,57
FAC-015,MED-005,2026-02-26,52
FAC-015,MED-006,2026-02-26,25
FAC-015,MED-007,2026-02-26,54
FAC-015,MED-008,2026-02-26,128
FAC-016,MED-001,2026-02-26,1670
FAC-016,MED-002,2026-02-26,2595
FAC-016,MED-003,2026-02-26,342
FAC-016,MED-004,2026-02-26,561
FAC-016,MED-005,2026-02-26,737
FAC-016,MED-006,2026-02-26,361
FAC-016,MED-007,2026-02-26,868
FAC-016,MED-008,2026-02-26,1118
FAC-017,MED-001,2026-02-26,108
FAC-017,MED-002,2026-02-26,226
FAC-017,MED-003,2026-02-26,43
FAC-017,MED-004,2026-02-26,129
FAC-017,MED-005,2026-02-26,110
FAC-017,MED-006,2026-02-26,63
FAC-017,MED-007,2026-02-26,109
FAC-017,MED-008,2026-02-26,60
FAC-018,MED-001,2026-02-26,68
FAC-018,MED-002,2026-02-26,93
FAC-018,MED-003,2026-02-26,16
FAC-018,MED-004,2026-02-26,54
FAC-018,MED-005,2026-02-26,41
FAC-018,MED-006,2026-02-26,15
FAC-018,MED-007,2026-02-26,34
FAC-018,MED-008,2026-02-26,61
FAC-019,MED-001,2026-02-26,186
FAC-019,MED-002,2026-02-26,235
FAC-019,MED-003,2026-02-26,41
FAC-019,MED-004,2026-02-26,77
FAC-019,MED-005,2026-02-26,39
FAC-019,MED-006,2026-02-26,26
FAC-019,MED-007,2026-02-26,28
FAC-019,MED-008,2026-02-26,90
FAC-020,MED-001,2026-02-26,64
FAC-020,MED-002,2026-02-26,93
FAC-020,MED-003,2026-02-26,50
FAC-020,MED-004,2026-02-26,115
FAC-020,MED-005,2026-02-26,81
FAC-020,MED-006,2026-02-26,59
FAC-020,MED-007,2026-02-26,57
FAC-020,MED-008,2026-02-26,122
FAC-001,MED-001,2026-02-27,2497
FAC-001,MED-002,2026-02-27,2081
FAC-001,MED-003,2026-02-27,516
FAC-001,MED-004,2026-02-27,1562
FAC-001,MED-005,2026-02-27,670
FAC-001,MED-006,2026-02-27,663
FAC-001,MED-007,2026-02-27,1359
FAC-001,MED-008,2026-02-27,2127
FAC-002,MED-001,2026-02-27,120
FAC-002,MED-002,2026-02-27,241
FAC-002,MED-003,2026-02-27,15
FAC-002,MED-004,2026-02-27,106
FAC-002,MED-005,2026-02-27,88
FAC-002,MED-006,2026-02-27,32
FAC-002,MED-007,2026-02-27,110
FAC-002,MED-008,2026-02-27,148
FAC-003,MED-001,2026-02-27,69
FAC-003,MED-002,2026-02-27,42
FAC-003,MED-003,2026-02-27,49
FAC-003,MED-004,2026-02-27,46
FAC-003,MED-005,2026-02-27,40
FAC-003,MED-006,2026-02-27,4
FAC-003,MED-007,2026-02-27,38
FAC-003,MED-008,2026-02-27,22
FAC-004,MED-001,2026-02-27,121
FAC-004,MED-002,2026-02-27,306
FAC-004,MED-003,2026-02-27,23
FAC-004,MED-004,2026-02-27,206
FAC-004,MED-005,2026-02-27,78
FAC-004,MED-006,2026-02-27,69
FAC-004,MED-007,2026-02-27,47
FAC-004,MED-008,2026-02-27,179
FAC-005,MED-001,2026-02-27,1834
FAC-005,MED-002,2026-02-27,1980
FAC-005,MED-003,2026-02-27,168
FAC-005,MED-004,2026-02-27,603
FAC-005,MED-005,2026-02-27,526
FAC-005,MED-006,2026-02-27,342
FAC-005,MED-007,2026-02-27,818
FAC-005,MED-008,2026-02-27,867
FAC-006,MED-001,2026-02-27,1531
FAC-006,MED-002,2026-02-27,1864
FAC-006,MED-003,2026-02-27,322
FAC-006,MED-004,2026-02-27,832
FAC-006,MED-005,2026-02-27,679
FAC-006,MED-006,2026-02-27,451
FAC-006,MED-007,2026-02-27,849
FAC-006,MED-008,2026-02-27,653
FAC-007,MED-001,2026-02-27,116
FAC-007,MED-002,2026-02-27,238
FAC-007,MED-003,2026-02-27,13
FAC-007,MED-004,2026-02-27,150
FAC-007,MED-005,2026-02-27,32
FAC-007,MED-006,2026-02-27,37
FAC-007,MED-007,2026-02-27,43
FAC-007,MED-008,2026-02-27,97
FAC-008,MED-001,2026-02-27,42
FAC-008,MED-002,2026-02-27,93
FAC-008,MED-003,2026-02-27,24
FAC-008,MED-004,2026-02-27,62
FAC-008,MED-005,2026-02-27,51
FAC-008,MED-006,2026-02-27,36
FAC-008,MED-007,2026-02-27,42
FAC-008,MED-008,2026-02-27,77
FAC-009,MED-001,2026-02-27,141
FAC-009,MED-002,2026-02-27,92
FAC-009,MED-003,2026-02-27,19
FAC-009,MED-004,2026-02-27,63
FAC-009,MED-005,2026-02-27,11
FAC-009,MED-006,2026-02-27,56
FAC-009,MED-007,2026-02-27,47
FAC-009,MED-008,2026-02-27,140
FAC-010,MED-001,2026-02-27,61
FAC-010,MED-002,2026-02-27,74
FAC-010,MED-003,2026-02-27,31
FAC-010,MED-004,2026-02-27,82
FAC-010,MED-005,2026-02-27,21
FAC-010,MED-006,2026-02-27,53
FAC-010,MED-007,2026-02-27,55
FAC-010,MED-008,2026-02-27,106
FAC-011,MED-001,2026-02-27,1065
FAC-011,MED-002,2026-02-27,2514
FAC-011,MED-003,2026-02-27,478
FAC-011,MED-004,2026-02-27,580
FAC-011,MED-005,2026-02-27,863
FAC-011,MED-006,2026-02-27,321
FAC-011,MED-007,2026-02-27,511
FAC-011,MED-008,2026-02-27,1386
FAC-012,MED-001,2026-02-27,171
FAC-012,MED-002,2026-02-27,314
FAC-012,MED-003,2026-02-27,51
FAC-012,MED-004,2026-02-27,119
FAC-012,MED-005,2026-02-27,83
FAC-012,MED-006,2026-02-27,52
FAC-012,MED-007,2026-02-27,67
FAC-012,MED-008,2026-02-27,78
FAC-013,MED-001,2026-02-27,37
FAC-013,MED-002,2026-02-27,39
FAC-013,MED-003,2026-02-27,43
FAC-013,MED-004,2026-02-27,36
FAC-013,MED-005,2026-02-27,19
FAC-013,MED-006,2026-02-27,22
FAC-013,MED-007,2026-02-27,39
FAC-013,MED-008,2026-02-27,37
FAC-014,MED-001,2026-02-27,92
FAC-014,MED-002,2026-02-27,143
FAC-014,MED-003,2026-02-27,49
FAC-014,MED-004,2026-02-27,47
FAC-014,MED-005,2026-02-27,89
FAC-014,MED-006,2026-02-27,44
FAC-014,MED-007,2026-02-27,92
FAC-014,MED-008,2026-02-27,125
FAC-015,MED-001,2026-02-27,61
FAC-015,MED-002,2026-02-27,191
FAC-015,MED-003,2026-02-27,27
FAC-015,MED-004,2026-02-27,48
FAC-015,MED-005,2026-02-27,47
FAC-015,MED-006,2026-02-27,19
FAC-015,MED-007,2026-02-27,47
FAC-015,MED-008,2026-02-27,114
FAC-016,MED-001,2026-02-27,1544
FAC-016,MED-002,2026-02-27,2432
FAC-016,MED-003,2026-02-27,309
FAC-016,MED-004,2026-02-27,1948
FAC-016,MED-005,2026-02-27,676
FAC-016,MED-006,2026-02-27,318
FAC-016,MED-007,2026-02-27,795
FAC-016,MED-008,2026-02-27,993
FAC-017,MED-001,2026-02-27,92
FAC-017,MED-002,2026-02-27,207
FAC-017,MED-003,2026-02-27,43
FAC-017,MED-004,2026-02-27,112
FAC-017,MED-005,2026-02-27,106
FAC-017,MED-006,2026-02-27,56
FAC-017,MED-007,2026-02-27,97
FAC-017,MED-008,2026-02-27,211
FAC-018,MED-001,2026-02-27,64
FAC-018,MED-002,2026-02-27,86
FAC-018,MED-003,2026-02-27,48
FAC-018,MED-004,2026-02-27,50
FAC-018,MED-005,2026-02-27,39
FAC-018,MED-006,2026-02-27,46
FAC-018,MED-007,2026-02-27,31
FAC-018,MED-008,2026-02-27,57
FAC-019,MED-001,2026-02-27,177
FAC-019,MED-002,2026-02-27,218
FAC-019,MED-003,2026-02-27,34
FAC-019,MED-004,2026-02-27,68
FAC-019,MED-005,2026-02-27,102
FAC-019,MED-006,2026-02-27,23
FAC-019,MED-007,2026-02-27,107
FAC-019,MED-008,2026-02-27,80
FAC-020,MED-001,2026-02-27,60
FAC-020,MED-002,2026-02-27,74
FAC-020,MED-003,2026-02-27,48
FAC-020,MED-004,2026-02-27,106
FAC-020,MED-005,2026-02-27,72
FAC-020,MED-006,2026-02-27,55
FAC-020,MED-007,2026-02-27,53
FAC-020,MED-008,2026-02-27,114
FAC-001,MED-001,2026-02-28,2362
FAC-001,MED-002,2026-02-28,1906
FAC-001,MED-003,2026-02-28,483
FAC-001,MED-004,2026-02-28,1445
FAC-001,MED-005,2026-02-28,606
FAC-001,MED-006,2026-02-28,620
FAC-001,MED-007,2026-02-28,1277
FAC-001,MED-008,2026-02-28,2002
FAC-002,MED-001,2026-02-28,111
FAC-002,MED-002,2026-02-28,232
FAC-002,MED-003,2026-02-28,57
FAC-002,MED-004,2026-02-28,90
FAC-002,MED-005,2026-02-28,85
FAC-002,MED-006,2026-02-28,29
FAC-002,MED-007,2026-02-28,109
FAC-002,MED-008,2026-02-28,142
FAC-003,MED-001,2026-02-28,65
FAC-003,MED-002,2026-02-28,35
FAC-003,MED-003,2026-02-28,49
FAC-003,MED-004,2026-02-28,43
FAC-003,MED-005,2026-02-28,38
FAC-003,MED-006,2026-02-28,43
FAC-003,MED-007,2026-02-28,34
FAC-003,MED-008,2026-02-28,73
FAC-004,MED-001,2026-02-28,304
FAC-004,MED-002,2026-02-28,299
FAC-004,MED-003,2026-02-28,20
FAC-004,MED-004,2026-02-28,196
FAC-004,MED-005,2026-02-28,75
FAC-004,MED-006,2026-02-28,69
FAC-004,MED-007,2026-02-28,41
FAC-004,MED-008,2026-02-28,172
FAC-005,MED-001,2026-02-28,1738
FAC-005,MED-002,2026-02-28,1849
FAC-005,MED-003,2026-02-28,144
FAC-005,MED-004,2026-02-28,506
FAC-005,MED-005,2026-02-28,480
FAC-005,MED-006,2026-02-28,316
FAC-005,MED-007,2026-02-28,757
FAC-005,MED-008,2026-02-28,741
FAC-006,MED-001,2026-02-28,1417
FAC-006,MED-002,2026-02-28,1716
FAC-006,MED-003,2026-02-28,295
FAC-006,MED-004,2026-02-28,660
FAC-006,MED-005,2026-02-28,610
FAC-006,MED-006,2026-02-28,416
FAC-006,MED-007,2026-02-28,776
FAC-006,MED-008,2026-02-28,541
FAC-007,MED-001,2026-02-28,107
FAC-007,MED-002,2026-02-28,222
FAC-007,MED-003,2026-02-28,11
FAC-007,MED-004,2026-02-28,134
FAC-007,MED-005,2026-02-28,97
FAC-007,MED-006,2026-02-28,36
FAC-007,MED-007,2026-02-28,38
FAC-007,MED-008,2026-02-28,83
FAC-008,MED-001,2026-02-28,38
FAC-008,MED-002,2026-02-28,89
FAC-008,MED-003,2026-02-28,19
FAC-008,MED-004,2026-02-28,58
FAC-008,MED-005,2026-02-28,46
FAC-008,MED-006,2026-02-28,32
FAC-008,MED-007,2026-02-28,38
FAC-008,MED-008,2026-02-28,72
FAC-009,MED-001,2026-02-28,136
FAC-009,MED-002,2026-02-28,82
FAC-009,MED-003,2026-02-28,19
FAC-009,MED-004,2026-02-28,55
FAC-009,MED-005,2026-02-28,7
FAC-009,MED-006,2026-02-28,53
FAC-009,MED-007,2026-02-28,42
FAC-009,MED-008,2026-02-28,139
FAC-010,MED-001,2026-02-28,50
FAC-010,MED-002,2026-02-28,66
FAC-010,MED-003,2026-02-28,31
FAC-010,MED-004,2026-02-28,80
FAC-010,MED-005,2026-02-28,66
FAC-010,MED-006,2026-02-28,52
FAC-010,MED-007,2026-02-28,51
FAC-010,MED-008,2026-02-28,104
FAC-011,MED-001,2026-02-28,968
FAC-011,MED-002,2026-02-28,2359
FAC-011,MED-003,2026-02-28,457
FAC-011,MED-004,2026-02-28,501
FAC-011,MED-005,2026-02-28,807
FAC-011,MED-006,2026-02-28,280
FAC-011,MED-007,2026-02-28,441
FAC-011,MED-008,2026-02-28,1300
FAC-012,MED-001,2026-02-28,164
FAC-012,MED-002,2026-02-28,302
FAC-012,MED-003,2026-02-28,46
FAC-012,MED-004,2026-02-28,116
FAC-012,MED-005,2026-02-28,82
FAC-012,MED-006,2026-02-28,48
FAC-012,MED-007,2026-02-28,64
FAC-012,MED-008,2026-02-28,68
FAC-013,MED-001,2026-02-28,35
FAC-013,MED-002,2026-02-28,34
FAC-013,MED-003,2026-02-28,39
FAC-013,MED-004,2026-02-28,32
FAC-013,MED-005,2026-02-28,55
FAC-013,MED-006,2026-02-28,21
FAC-013,MED-007,2026-02-28,38
FAC-013,MED-008,2026-02-28,34
FAC-014,MED-001,2026-02-28,88
FAC-014,MED-002,2026-02-28,130
FAC-014,MED-003,2026-02-28,46
FAC-014,MED-004,2026-02-28,150
FAC-014,MED-005,2026-02-28,87
FAC-014,MED-006,2026-02-28,40
FAC-014,MED-007,2026-02-28,87
FAC-014,MED-008,2026-02-28,121
FAC-015,MED-001,2026-02-28,55
FAC-015,MED-002,2026-02-28,184
FAC-015,MED-003,2026-02-28,27
FAC-015,MED-004,2026-02-28,45
FAC-015,MED-005,2026-02-28,44
FAC-015,MED-006,2026-02-28,17
FAC-015,MED-007,2026-02-28,45
FAC-015,MED-008,2026-02-28,101
FAC-016,MED-001,2026-02-28,1414
FAC-016,MED-002,2026-02-28,2244
FAC-016,MED-003,2026-02-28,273
FAC-016,MED-004,2026-02-28,1849
FAC-016,MED-005,2026-02-28,600
FAC-016,MED-006,2026-02-28,817
FAC-016,MED-007,2026-02-28,705
FAC-016,MED-008,2026-02-28,875
FAC-017,MED-001,2026-02-28,85
FAC-017,MED-002,2026-02-28,196
FAC-017,MED-003,2026-02-28,43
FAC-017,MED-004,2026-02-28,108
FAC-017,MED-005,2026-02-28,103
FAC-017,MED-006,2026-02-28,50
FAC-017,MED-007,2026-02-28,93
FAC-017,MED-008,2026-02-28,208
FAC-018,MED-001,2026-02-28,62
FAC-018,MED-002,2026-02-28,79
FAC-018,MED-003,2026-02-28,45
FAC-018,MED-004,2026-02-28,47
FAC-018,MED-005,2026-02-28,39
FAC-018,MED-006,2026-02-28,44
FAC-018,MED-007,2026-02-28,29
FAC-018,MED-008,2026-02-28,53
FAC-019,MED-001,2026-02-28,166
FAC-019,MED-002,2026-02-28,210
FAC-019,MED-003,2026-02-28,34
FAC-019,MED-004,2026-02-28,61
FAC-019,MED-005,2026-02-28,99
FAC-019,MED-006,2026-02-28,68
FAC-019,MED-007,2026-02-28,102
FAC-019,MED-008,2026-02-28,71
FAC-020,MED-001,2026-02-28,50
FAC-020,MED-002,2026-02-28,240
FAC-020,MED-003,2026-02-28,46
FAC-020,MED-004,2026-02-28,104
FAC-020,MED-005,2026-02-28,67
FAC-020,MED-006,2026-02-28,53
FAC-020,MED-007,2026-02-28,50
FAC-020,MED-008,2026-02-28,113
FAC-001,MED-001,2026-03-01,2223
FAC-001,MED-002,2026-03-01,1745
FAC-001,MED-003,2026-03-01,452
FAC-001,MED-004,2026-03-01,1304
FAC-001,MED-005,2026-03-01,477
FAC-001,MED-006,2026-03-01,578
FAC-001,MED-007,2026-03-01,1184
FAC-001,MED-008,2026-03-01,1887
FAC-002,MED-001,2026-03-01,98
FAC-002,MED-002,2026-03-01,218
FAC-002,MED-003,2026-03-01,53
FAC-002,MED-004,2026-03-01,79
FAC-002,MED-005,2026-03-01,78
FAC-002,MED-006,2026-03-01,25
FAC-002,MED-007,2026-03-01,102
FAC-002,MED-008,2026-03-01,132
FAC-003,MED-001,2026-03-01,58
FAC-003,MED-002,2026-03-01,94
FAC-003,MED-003,2026-03-01,47
FAC-003,MED-004,2026-03-01,39
FAC-003,MED-005,2026-03-01,38
FAC-003,MED-006,2026-03-01,39
FAC-003,MED-007,2026-03-01,32
FAC-003,MED-008,2026-03-01,71
FAC-004,MED-001,2026-03-01,293
FAC-004,MED-002,2026-03-01,286
FAC-004,MED-003,2026-03-01,18
FAC-004,MED-004,2026-03-01,187
FAC-004,MED-005,2026-03-01,65
FAC-004,MED-006,2026-03-01,64
FAC-004,MED-007,2026-03-01,159
FAC-004,MED-008,2026-03-01,160
FAC-005,MED-001,2026-03-01,1641
FAC-005,MED-002,2026-03-01,1721
FAC-005,MED-003,2026-03-01,481
FAC-005,MED-004,2026-03-01,433
FAC-005,MED-005,2026-03-01,440
FAC-005,MED-006,2026-03-01,284
FAC-005,MED-007,2026-03-01,696
FAC-005,MED-008,2026-03-01,644
FAC-006,MED-001,2026-03-01,1302
FAC-006,MED-002,2026-03-01,1573
FAC-006,MED-003,2026-03-01,268
FAC-006,MED-004,2026-03-01,566
FAC-006,MED-005,2026-03-01,528
FAC-006,MED-006,2026-03-01,370
FAC-006,MED-007,2026-03-01,694
FAC-006,MED-008,2026-03-01,1762
FAC-007,MED-001,2026-03-01,103
FAC-007,MED-002,2026-03-01,205
FAC-007,MED-003,2026-03-01,10
FAC-007,MED-004,2026-03-01,128
FAC-007,MED-005,2026-03-01,88
FAC-007,MED-006,2026-03-01,34
FAC-007,MED-007,2026-03-01,32
FAC-007,MED-008,2026-03-01,73
FAC-008,MED-001,2026-03-01,110
FAC-008,MED-002,2026-03-01,77
FAC-008,MED-003,2026-03-01,15
FAC-008,MED-004,2026-03-01,54
FAC-008,MED-005,2026-03-01,43
FAC-008,MED-006,2026-03-01,26
FAC-008,MED-007,2026-03-01,35
FAC-008,MED-008,2026-03-01,67
FAC-009,MED-001,2026-03-01,127
FAC-009,MED-002,2026-03-01,238
FAC-009,MED-003,2026-03-01,17
FAC-009,MED-004,2026-03-01,49
FAC-009,MED-005,2026-03-01,64
FAC-009,MED-006,2026-03-01,51
FAC-009,MED-007,2026-03-01,38
FAC-009,MED-008,2026-03-01,133
FAC-010,MED-001,2026-03-01,44
FAC-010,MED-002,2026-03-01,63
FAC-010,MED-003,2026-03-01,26
FAC-010,MED-004,2026-03-01,75
FAC-010,MED-005,2026-03-01,64
FAC-010,MED-006,2026-03-01,49
FAC-010,MED-007,2026-03-01,51
FAC-010,MED-008,2026-03-01,100
FAC-011,MED-001,2026-03-01,868
FAC-011,MED-002,2026-03-01,2232
FAC-011,MED-003,2026-03-01,429
FAC-011,MED-004,2026-03-01,1618
FAC-011,MED-005,2026-03-01,737
FAC-011,MED-006,2026-03-01,676
FAC-011,MED-007,2026-03-01,378
FAC-011,MED-008,2026-03-01,1192
FAC-012,MED-001,2026-03-01,149
FAC-012,MED-002,2026-03-01,292
FAC-012,MED-003,2026-03-01,44
FAC-012,MED-004,2026-03-01,106
FAC-012,MED-005,2026-03-01,75
FAC-012,MED-006,2026-03-01,45
FAC-012,MED-007,2026-03-01,158
FAC-012,MED-008,2026-03-01,226
FAC-013,MED-001,2026-03-01,31
FAC-013,MED-002,2026-03-01,28
FAC-013,MED-003,2026-03-01,36
FAC-013,MED-004,2026-03-01,30
FAC-013,MED-005,2026-03-01,53
FAC-013,MED-006,2026-03-01,53
FAC-013,MED-007,2026-03-01,37
FAC-013,MED-008,2026-03-01,30
FAC-014,MED-001,2026-03-01,82
FAC-014,MED-002,2026-03-01,120
FAC-014,MED-003,2026-03-01,44
FAC-014,MED-004,2026-03-01,148
FAC-014,MED-005,2026-03-01,83
FAC-014,MED-006,2026-03-01,37
FAC-014,MED-007,2026-03-01,82
FAC-014,MED-008,2026-03-01,113
FAC-015,MED-001,2026-03-01,47
FAC-015,MED-002,2026-03-01,179
FAC-015,MED-003,2026-03-01,24
FAC-015,MED-004,2026-03-01,119
FAC-015,MED-005,2026-03-01,37
FAC-015,MED-006,2026-03-01,51
FAC-015,MED-007,2026-03-01,43
FAC-015,MED-008,2026-03-01,94
FAC-016,MED-001,2026-03-01,1297
FAC-016,MED-002,2026-03-01,2086
FAC-016,MED-003,2026-03-01,238
FAC-016,MED-004,2026-03-01,1728
FAC-016,MED-005,2026-03-01,531
FAC-016,MED-006,2026-03-01,770
FAC-016,MED-007,2026-03-01,573
FAC-016,MED-008,2026-03-01,752
FAC-017,MED-001,2026-03-01,77
FAC-017,MED-002,2026-03-01,187
FAC-017,MED-003,2026-03-01,41
FAC-017,MED-004,2026-03-01,99
FAC-017,MED-005,2026-03-01,98
FAC-017,MED-006,2026-03-01,46
FAC-017,MED-007,2026-03-01,91
FAC-017,MED-008,2026-03-01,202
FAC-018,MED-001,2026-03-01,58
FAC-018,MED-002,2026-03-01,74
FAC-018,MED-003,2026-03-01,42
FAC-018,MED-004,2026-03-01,44
FAC-018,MED-005,2026-03-01,33
FAC-018,MED-006,2026-03-01,41
FAC-018,MED-007,2026-03-01,27
FAC-018,MED-008,2026-03-01,45
FAC-019,MED-001,2026-03-01,157
FAC-019,MED-002,2026-03-01,202
FAC-019,MED-003,2026-03-01,33
FAC-019,MED-004,2026-03-01,54
FAC-019,MED-005,2026-03-01,89
FAC-019,MED-006,2026-03-01,65
FAC-019,MED-007,2026-03-01,91
FAC-019,MED-008,2026-03-01,195
FAC-020,MED-001,2026-03-01,163
FAC-020,MED-002,2026-03-01,231
FAC-020,MED-003,2026-03-01,43
FAC-020,MED-004,2026-03-01,99
FAC-020,MED-005,2026-03-01,66
FAC-020,MED-006,2026-03-01,51
FAC-020,MED-007,2026-03-01,114
FAC-020,MED-008,2026-03-01,108
FAC-001,MED-001,2026-03-02,2073
FAC-001,MED-002,2026-03-02,1547
FAC-001,MED-003,2026-03-02,416
FAC-001,MED-004,2026-03-02,1199
FAC-001,MED-005,2026-03-02,408
FAC-001,MED-006,2026-03-02,534
FAC-001,MED-007,2026-03-02,1095
FAC-001,MED-008,2026-03-02,1764
FAC-002,MED-001,2026-03-02,256
FAC-002,MED-002,2026-03-02,198
FAC-002,MED-003,2026-03-02,48
FAC-002,MED-004,2026-03-02,211
FAC-002,MED-005,2026-03-02,70
FAC-002,MED-006,2026-03-02,22
FAC-002,MED-007,2026-03-02,99
FAC-002,MED-008,2026-03-02,118
FAC-003,MED-001,2026-03-02,49
FAC-003,MED-002,2026-03-02,90
FAC-003,MED-003,2026-03-02,46
FAC-003,MED-004,2026-03-02,36
FAC-003,MED-005,2026-03-02,32
FAC-003,MED-006,2026-03-02,33
FAC-003,MED-007,2026-03-02,28
FAC-003,MED-008,2026-03-02,69
FAC-004,MED-001,2026-03-02,278
FAC-004,MED-002,2026-03-02,261
FAC-004,MED-003,2026-03-02,66
FAC-004,MED-004,2026-03-02,171
FAC-004,MED-005,2026-03-02,55
FAC-004,MED-006,2026-03-02,57
FAC-004,MED-007,2026-03-02,152
FAC-004,MED-008,2026-03-02,148
FAC-005,MED-001,2026-03-02,1547
FAC-005,MED-002,2026-03-02,1568
FAC-005,MED-003,2026-03-02,451
FAC-005,MED-004,2026-03-02,330
FAC-005,MED-005,2026-03-02,393
FAC-005,MED-006,2026-03-02,237
FAC-005,MED-007,2026-03-02,627
FAC-005,MED-008,2026-03-02,550
FAC-006,MED-001,2026-03-02,1177
FAC-006,MED-002,2026-03-02,1409
FAC-006,MED-003,2026-03-02,236
FAC-006,MED-004,2026-03-02,470
FAC-006,MED-005,2026-03-02,464
FAC-006,MED-006,2026-03-02,339
FAC-006,MED-007,2026-03-02,622
FAC-006,MED-008,2026-03-02,1628
FAC-007,MED-001,2026-03-02,91
FAC-007,MED-002,2026-03-02,178
FAC-007,MED-003,2026-03-02,46
FAC-007,MED-004,2026-03-02,114
FAC-007,MED-005,2026-03-02,78
FAC-007,MED-006,2026-03-02,85
FAC-007,MED-007,2026-03-02,24
FAC-007,MED-008,2026-03-02,59
FAC-008,MED-001,2026-03-02,103
FAC-008,MED-002,2026-03-02,68
FAC-008,MED-003,2026-03-02,12
FAC-008,MED-004,2026-03-02,52
FAC-008,MED-005,2026-03-02,39
FAC-008,MED-006,2026-03-02,25
FAC-008,MED-007,2026-03-02,29
FAC-008,MED-008,2026-03-02,65
FAC-009,MED-001,2026-03-02,113
FAC-009,MED-002,2026-03-02,226
FAC-009,MED-003,2026-03-02,14
FAC-009,MED-004,2026-03-02,152
FAC-009,MED-005,2026-03-02,61
FAC-009,MED-006,2026-03-02,45
FAC-009,MED-007,2026-03-02,33
FAC-009,MED-008,2026-03-02,129
FAC-010,MED-001,2026-03-02,134
FAC-010,MED-002,2026-03-02,172
FAC-010,MED-003,2026-03-02,23
FAC-010,MED-004,2026-03-02,68
FAC-010,MED-005,2026-03-02,63
FAC-010,MED-006,2026-03-02,48
FAC-010,MED-007,2026-03-02,48
FAC-010,MED-008,2026-03-02,96
FAC-011,MED-001,2026-03-02,751
FAC-011,MED-002,2026-03-02,2073
FAC-011,MED-003,2026-03-02,399
FAC-011,MED-004,2026-03-02,1517
FAC-011,MED-005,2026-03-02,681
FAC-011,MED-006,2026-03-02,641
FAC-011,MED-007,2026-03-02,314
FAC-011,MED-008,2026-03-02,1067
FAC-012,MED-001,2026-03-02,134
FAC-012,MED-002,2026-03-02,278
FAC-012,MED-003,2026-03-02,40
FAC-012,MED-004,2026-03-02,95
FAC-012,MED-005,2026-03-02,67
FAC-012,MED-006,2026-03-02,41
FAC-012,MED-007,2026-03-02,149
FAC-012,MED-008,2026-03-02,214
FAC-013,MED-001,2026-03-02,26
FAC-013,MED-002,2026-03-02,84
FAC-013,MED-003,2026-03-02,34
FAC-013,MED-004,2026-03-02,25
FAC-013,MED-005,2026-03-02,50
FAC-013,MED-006,2026-03-02,45
FAC-013,MED-007,2026-03-02,32
FAC-013,MED-008,2026-03-02,26
FAC-014,MED-001,2026-03-02,63
FAC-014,MED-002,2026-03-02,108
FAC-014,MED-003,2026-03-02,42
FAC-014,MED-004,2026-03-02,132
FAC-014,MED-005,2026-03-02,78
FAC-014,MED-006,2026-03-02,29
FAC-014,MED-007,2026-03-02,71
FAC-014,MED-008,2026-03-02,107
FAC-015,MED-001,2026-03-02,39
FAC-015,MED-002,2026-03-02,172
FAC-015,MED-003,2026-03-02,21
FAC-015,MED-004,2026-03-02,110
FAC-015,MED-005,2026-03-02,33
FAC-015,MED-006,2026-03-02,49
FAC-015,MED-007,2026-03-02,42
FAC-015,MED-008,2026-03-02,87
FAC-016,MED-001,2026-03-02,1143
FAC-016,MED-002,2026-03-02,1925
FAC-016,MED-003,2026-03-02,201
FAC-016,MED-004,2026-03-02,1621
FAC-016,MED-005,2026-03-02,461
FAC-016,MED-006,2026-03-02,727
FAC-016,MED-007,2026-03-02,479
FAC-016,MED-008,2026-03-02,2176
FAC-017,MED-001,2026-03-02,241
FAC-017,MED-002,2026-03-02,165
FAC-017,MED-003,2026-03-02,37
FAC-017,MED-004,2026-03-02,91
FAC-017,MED-005,2026-03-02,91
FAC-017,MED-006,2026-03-02,41
FAC-017,MED-007,2026-03-02,86
FAC-017,MED-008,2026-03-02,188
FAC-018,MED-001,2026-03-02,49
FAC-018,MED-002,2026-03-02,63
FAC-018,MED-003,2026-03-02,40
FAC-018,MED-004,2026-03-02,41
FAC-018,MED-005,2026-03-02,28
FAC-018,MED-006,2026-03-02,41
FAC-018,MED-007,2026-03-02,24
FAC-018,MED-008,2026-03-02,42
FAC-019,MED-001,2026-03-02,143
FAC-019,MED-002,2026-03-02,191
FAC-019,MED-003,2026-03-02,32
FAC-019,MED-004,2026-03-02,169
FAC-019,MED-005,2026-03-02,75
FAC-019,MED-006,2026-03-02,60
FAC-019,MED-007,2026-03-02,83
FAC-019,MED-008,2026-03-02,186
FAC-020,MED-001,2026-03-02,143
FAC-020,MED-002,2026-03-02,211
FAC-020,MED-003,2026-03-02,41
FAC-020,MED-004,2026-03-02,89
FAC-020,MED-005,2026-03-02,59
FAC-020,MED-006,2026-03-02,47
FAC-020,MED-007,2026-03-02,107
FAC-020,MED-008,2026-03-02,97
FAC-001,MED-001,2026-03-03,1929
FAC-001,MED-002,2026-03-03,1379
FAC-001,MED-003,2026-03-03,382
FAC-001,MED-004,2026-03-03,1077
FAC-001,MED-005,2026-03-03,1193
FAC-001,MED-006,2026-03-03,483
FAC-001,MED-007,2026-03-03,1003
FAC-001,MED-008,2026-03-03,1611
FAC-002,MED-001,2026-03-03,248
FAC-002,MED-002,2026-03-03,178
FAC-002,MED-003,2026-03-03,42
FAC-002,MED-004,2026-03-03,201
FAC-002,MED-005,2026-03-03,57
FAC-002,MED-006,2026-03-03,75
FAC-002,MED-007,2026-03-03,94
FAC-002,MED-008,2026-03-03,108
FAC-003,MED-001,2026-03-03,45
FAC-003,MED-002,2026-03-03,88
FAC-003,MED-003,2026-03-03,44
FAC-003,MED-004,2026-03-03,33
FAC-003,MED-005,2026-03-03,30
FAC-003,MED-006,2026-03-03,27
FAC-003,MED-007,2026-03-03,26
FAC-003,MED-008,2026-03-03,67
FAC-004,MED-001,2026-03-03,259
FAC-004,MED-002,2026-03-03,243
FAC-004,MED-003,2026-03-03,60
FAC-004,MED-004,2026-03-03,153
FAC-004,MED-005,2026-03-03,47
FAC-004,MED-006,2026-03-03,51
FAC-004,MED-007,2026-03-03,144
FAC-004,MED-008,2026-03-03,133
FAC-005,MED-001,2026-03-03,1454
FAC-005,MED-002,2026-03-03,1442
FAC-005,MED-003,2026-03-03,418
FAC-005,MED-004,2026-03-03,1264
FAC-005,MED-005,2026-03-03,1060
FAC-005,MED-006,2026-03-03,203
FAC-005,MED-007,2026-03-03,549
FAC-005,MED-008,2026-03-03,1628
FAC-006,MED-001,2026-03-03,1033
FAC-006,MED-002,2026-03-03,1251
FAC-006,MED-003,2026-03-03,214
FAC-006,MED-004,2026-03-03,352
FAC-006,MED-005,2026-03-03,402
FAC-006,MED-006,2026-03-03,301
FAC-006,MED-007,2026-03-03,547
FAC-006,MED-008,2026-03-03,1524
FAC-007,MED-001,2026-03-03,227
FAC-007,MED-002,2026-03-03,165
FAC-007,MED-003,2026-03-03,45
FAC-007,MED-004,2026-03-03,107
FAC-007,MED-005,2026-03-03,67
FAC-007,MED-006,2026-03-03,78
FAC-007,MED-007,2026-03-03,111
FAC-007,MED-008,2026-03-03,190
FAC-008,MED-001,2026-03-03,99
FAC-008,MED-002,2026-03-03,66
FAC-008,MED-003,2026-03-03,43
FAC-008,MED-004,2026-03-03,47
FAC-008,MED-005,2026-03-03,38
FAC-008,MED-006,2026-03-03,21
FAC-008,MED-007,2026-03-03,25
FAC-008,MED-008,2026-03-03,61
FAC-009,MED-001,2026-03-03,108
FAC-009,MED-002,2026-03-03,216
FAC-009,MED-003,2026-03-03,49
FAC-009,MED-004,2026-03-03,148
FAC-009,MED-005,2026-03-03,56
FAC-009,MED-006,2026-03-03,42
FAC-009,MED-007,2026-03-03,103
FAC-009,MED-008,2026-03-03,122
FAC-010,MED-001,2026-03-03,127
FAC-010,MED-002,2026-03-03,164
FAC-010,MED-003,2026-03-03,17
FAC-010,MED-004,2026-03-03,56
FAC-010,MED-005,2026-03-03,59
FAC-010,MED-006,2026-03-03,43
FAC-010,MED-007,2026-03-03,40
FAC-010,MED-008,2026-03-03,94
FAC-011,MED-001,2026-03-03,611
FAC-011,MED-002,2026-03-03,1907
FAC-011,MED-003,2026-03-03,376
FAC-011,MED-004,2026-03-03,1412
FAC-011,MED-005,2026-03-03,614
FAC-011,MED-006,2026-03-03,609
FAC-011,MED-007,2026-03-03,1139
FAC-011,MED-008,2026-03-03,959
FAC-012,MED-001,2026-03-03,116
FAC-012,MED-002,2026-03-03,260
FAC-012,MED-003,2026-03-03,39
FAC-012,MED-004,2026-03-03,83
FAC-012,MED-005,2026-03-03,60
FAC-012,MED-006,2026-03-03,31
FAC-012,MED-007,2026-03-03,140
FAC-012,MED-008,2026-03-03,201
FAC-013,MED-001,2026-03-03,72
FAC-013,MED-002,2026-03-03,79
FAC-013,MED-003,2026-03-03,31
FAC-013,MED-004,2026-03-03,24
FAC-013,MED-005,2026-03-03,46
FAC-013,MED-006,2026-03-03,41
FAC-013,MED-007,2026-03-03,31
FAC-013,MED-008,2026-03-03,19
FAC-014,MED-001,2026-03-03,184
FAC-014,MED-002,2026-03-03,96
FAC-014,MED-003,2026-03-03,37
FAC-014,MED-004,2026-03-03,124
FAC-014,MED-005,2026-03-03,69
FAC-014,MED-006,2026-03-03,26
FAC-014,MED-007,2026-03-03,62
FAC-014,MED-008,2026-03-03,104
FAC-015,MED-001,2026-03-03,145
FAC-015,MED-002,2026-03-03,158
FAC-015,MED-003,2026-03-03,14
FAC-015,MED-004,2026-03-03,105
FAC-015,MED-005,2026-03-03,27
FAC-015,MED-006,2026-03-03,46
FAC-015,MED-007,2026-03-03,33
FAC-015,MED-008,2026-03-03,77
FAC-016,MED-001,2026-03-03,1010
FAC-016,MED-002,2026-03-03,1692
FAC-016,MED-003,2026-03-03,168
FAC-016,MED-004,2026-03-03,1500
FAC-016,MED-005,2026-03-03,1147
FAC-016,MED-006,2026-03-03,682
FAC-016,MED-007,2026-03-03,1342
FAC-016,MED-008,2026-03-03,2049
FAC-017,MED-001,2026-03-03,220
FAC-017,MED-002,2026-03-03,152
FAC-017,MED-003,2026-03-03,32
FAC-017,MED-004,2026-03-03,79
FAC-017,MED-005,2026-03-03,86
FAC-017,MED-006,2026-03-03,37
FAC-017,MED-007,2026-03-03,69
FAC-017,MED-008,2026-03-03,175
FAC-018,MED-001,2026-03-03,46
FAC-018,MED-002,2026-03-03,57
FAC-018,MED-003,2026-03-03,36
FAC-018,MED-004,2026-03-03,31
FAC-018,MED-005,2026-03-03,25
FAC-018,MED-006,2026-03-03,41
FAC-018,MED-007,2026-03-03,21
FAC-018,MED-008,2026-03-03,40
FAC-019,MED-001,2026-03-03,133
FAC-019,MED-002,2026-03-03,173
FAC-019,MED-003,2026-03-03,29
FAC-019,MED-004,2026-03-03,162
FAC-019,MED-005,2026-03-03,71
FAC-019,MED-006,2026-03-03,56
FAC-019,MED-007,2026-03-03,74
FAC-019,MED-008,2026-03-03,179
FAC-020,MED-001,2026-03-03,136
FAC-020,MED-002,2026-03-03,191
FAC-020,MED-003,2026-03-03,37
FAC-020,MED-004,2026-03-03,78
FAC-020,MED-005,2026-03-03,55
FAC-020,MED-006,2026-03-03,45
FAC-020,MED-007,2026-03-03,100
FAC-020,MED-008,2026-03-03,88
FAC-001,MED-001,2026-03-04,1747
FAC-001,MED-002,2026-03-04,1176
FAC-001,MED-003,2026-03-04,348
FAC-001,MED-004,2026-03-04,963
FAC-001,MED-005,2026-03-04,1127
FAC-001,MED-006,2026-03-04,448
FAC-001,MED-007,2026-03-04,932
FAC-001,MED-008,2026-03-04,1489
FAC-002,MED-001,2026-03-04,233
FAC-002,MED-002,2026-03-04,162
FAC-002,MED-003,2026-03-04,38
FAC-002,MED-004,2026-03-04,179
FAC-002,MED-005,2026-03-04,55
FAC-002,MED-006,2026-03-04,71
FAC-002,MED-007,2026-03-04,86
FAC-002,MED-008,2026-03-04,93
FAC-003,MED-001,2026-03-04,43
FAC-003,MED-002,2026-03-04,77
FAC-003,MED-003,2026-03-04,42
FAC-003,MED-004,2026-03-04,31
FAC-003,MED-005,2026-03-04,30
FAC-003,MED-006,2026-03-04,24
FAC-003,MED-007,2026-03-04,20
FAC-003,MED-008,2026-03-04,62
FAC-004,MED-001,2026-03-04,248
FAC-004,MED-002,2026-03-04,219
FAC-004,MED-003,2026-03-04,57
FAC-004,MED-004,2026-03-04,146
FAC-004,MED-005,2026-03-04,37
FAC-004,MED-006,2026-03-04,43
FAC-004,MED-007,2026-03-04,137
FAC-004,MED-008,2026-03-04,120
FAC-005,MED-001,2026-03-04,1344
FAC-005,MED-002,2026-03-04,1301
FAC-005,MED-003,2026-03-04,386
FAC-005,MED-004,2026-03-04,1171
FAC-005,MED-005,2026-03-04,999
FAC-005,MED-006,2026-03-04,170
FAC-005,MED-007,2026-03-04,490
FAC-005,MED-008,2026-03-04,1515
FAC-006,MED-001,2026-03-04,906
FAC-006,MED-002,2026-03-04,1065
FAC-006,MED-003,2026-03-04,169
FAC-006,MED-004,2026-03-04,237
FAC-006,MED-005,2026-03-04,338
FAC-006,MED-006,2026-03-04,251
FAC-006,MED-007,2026-03-04,484
FAC-006,MED-008,2026-03-04,1385
FAC-007,MED-001,2026-03-04,219
FAC-007,MED-002,2026-03-04,150
FAC-007,MED-003,2026-03-04,43
FAC-007,MED-004,2026-03-04,98
FAC-007,MED-005,2026-03-04,61
FAC-007,MED-006,2026-03-04,73
FAC-007,MED-007,2026-03-04,105
FAC-007,MED-008,2026-03-04,185
FAC-008,MED-001,2026-03-04,94
FAC-008,MED-002,2026-03-04,63
FAC-008,MED-003,2026-03-04,38
FAC-008,MED-004,2026-03-04,44
FAC-008,MED-005,2026-03-04,36
FAC-008,MED-006,2026-03-04,17
FAC-008,MED-007,2026-03-04,16
FAC-008,MED-008,2026-03-04,55
FAC-009,MED-001,2026-03-04,96
FAC-009,MED-002,2026-03-04,205
FAC-009,MED-003,2026-03-04,48
FAC-009,MED-004,2026-03-04,135
FAC-009,MED-005,2026-03-04,49
FAC-009,MED-006,2026-03-04,39
FAC-009,MED-007,2026-03-04,99
FAC-009,MED-008,2026-03-04,111
FAC-010,MED-001,2026-03-04,118
FAC-010,MED-002,2026-03-04,157
FAC-010,MED-003,2026-03-04,17
FAC-010,MED-004,2026-03-04,48
FAC-010,MED-005,2026-03-04,55
FAC-010,MED-006,2026-03-04,38
FAC-010,MED-007,2026-03-04,34
FAC-010,MED-008,2026-03-04,84
FAC-011,MED-001,2026-03-04,1898
FAC-011,MED-002,2026-03-04,1748
FAC-011,MED-003,2026-03-04,345
FAC-011,MED-004,2026-03-04,1311
FAC-011,MED-005,2026-03-04,547
FAC-011,MED-006,2026-03-04,575
FAC-011,MED-007,2026-03-04,1069
FAC-011,MED-008,2026-03-04,842
FAC-012,MED-001,2026-03-04,104
FAC-012,MED-002,2026-03-04,237
FAC-012,MED-003,2026-03-04,29
FAC-012,MED-004,2026-03-04,205
FAC-012,MED-005,2026-03-04,50
FAC-012,MED-006,2026-03-04,25
FAC-012,MED-007,2026-03-04,129
FAC-012,MED-008,2026-03-04,189
FAC-013,MED-001,2026-03-04,64
FAC-013,MED-002,2026-03-04,75
FAC-013,MED-003,2026-03-04,28
FAC-013,MED-004,2026-03-04,68
FAC-013,MED-005,2026-03-04,41
FAC-013,MED-006,2026-03-04,36
FAC-013,MED-007,2026-03-04,31
FAC-013,MED-008,2026-03-04,64
FAC-014,MED-001,2026-03-04,173
FAC-014,MED-002,2026-03-04,84
FAC-014,MED-003,2026-03-04,35
FAC-014,MED-004,2026-03-04,116
FAC-014,MED-005,2026-03-04,65
FAC-014,MED-006,2026-03-04,20
FAC-014,MED-007,2026-03-04,58
FAC-014,MED-008,2026-03-04,92
FAC-015,MED-001,2026-03-04,135
FAC-015,MED-002,2026-03-04,149
FAC-015,MED-003,2026-03-04,43
FAC-015,MED-004,2026-03-04,93
FAC-015,MED-005,2026-03-04,21
FAC-015,MED-006,2026-03-04,43
FAC-015,MED-007,2026-03-04,95
FAC-015,MED-008,2026-03-04,72
FAC-016,MED-001,2026-03-04,882
FAC-016,MED-002,2026-03-04,1519
FAC-016,MED-003,2026-03-04,557
FAC-016,MED-004,2026-03-04,1390
FAC-016,MED-005,2026-03-04,1083
FAC-016,MED-006,2026-03-04,637
FAC-016,MED-007,2026-03-04,1246
FAC-016,MED-008,2026-03-04,1914
FAC-017,MED-001,2026-03-04,210
FAC-017,MED-002,2026-03-04,134
FAC-017,MED-003,2026-03-04,30
FAC-017,MED-004,2026-03-04,63
FAC-017,MED-005,2026-03-04,81
FAC-017,MED-006,2026-03-04,29
FAC-017,MED-007,2026-03-04,65
FAC-017,MED-008,2026-03-04,162
FAC-018,MED-001,2026-03-04,36
FAC-018,MED-002,2026-03-04,47
FAC-018,MED-003,2026-03-04,35
FAC-018,MED-004,2026-03-04,28
FAC-018,MED-005,2026-03-04,23
FAC-018,MED-006,2026-03-04,39
FAC-018,MED-007,2026-03-04,19
FAC-018,MED-008,2026-03-04,36
FAC-019,MED-001,2026-03-04,115
FAC-019,MED-002,2026-03-04,164
FAC-019,MED-003,2026-03-04,26
FAC-019,MED-004,2026-03-04,156
FAC-019,MED-005,2026-03-04,63
FAC-019,MED-006,2026-03-04,52
FAC-019,MED-007,2026-03-04,66
FAC-019,MED-008,2026-03-04,169
FAC-020,MED-001,2026-03-04,129
FAC-020,MED-002,2026-03-04,180
FAC-020,MED-003,2026-03-04,35
FAC-020,MED-004,2026-03-04,71
FAC-020,MED-005,2026-03-04,51
FAC-020,MED-006,2026-03-04,43
FAC-020,MED-007,2026-03-04,94
FAC-020,MED-008,2026-03-04,80
FAC-001,MED-001,2026-03-05,1605
FAC-001,MED-002,2026-03-05,968
FAC-001,MED-003,2026-03-05,305
FAC-001,MED-004,2026-03-05,849
FAC-001,MED-005,2026-03-05,1048
FAC-001,MED-006,2026-03-05,381
FAC-001,MED-007,2026-03-05,846
FAC-001,MED-008,2026-03-05,1351
FAC-002,MED-001,2026-03-05,225
FAC-002,MED-002,2026-03-05,153
FAC-002,MED-003,2026-03-05,33
FAC-002,MED-004,2026-03-05,167
FAC-002,MED-005,2026-03-05,50
FAC-002,MED-006,2026-03-05,69
FAC-002,MED-007,2026-03-05,73
FAC-002,MED-008,2026-03-05,83
FAC-003,MED-001,2026-03-05,37
FAC-003,MED-002,2026-03-05,71
FAC-003,MED-003,2026-03-05,39
FAC-003,MED-004,2026-03-05,27
FAC-003,MED-005,2026-03-05,28
FAC-003,MED-006,2026-03-05,22
FAC-003,MED-007,2026-03-05,16
FAC-003,MED-008,2026-03-05,59
FAC-004,MED-001,2026-03-05,228
FAC-004,MED-002,2026-03-05,200
FAC-004,MED-003,2026-03-05,55
FAC-004,MED-004,2026-03-05,135
FAC-004,MED-005,2026-03-05,25
FAC-004,MED-006,2026-03-05,36
FAC-004,MED-007,2026-03-05,132
FAC-004,MED-008,2026-03-05,108
FAC-005,MED-001,2026-03-05,1235
FAC-005,MED-002,2026-03-05,1170
FAC-005,MED-003,2026-03-05,357
FAC-005,MED-004,2026-03-05,1066
FAC-005,MED-005,2026-03-05,946
FAC-005,MED-006,2026-03-05,555
FAC-005,MED-007,2026-03-05,426
FAC-005,MED-008,2026-03-05,1406
FAC-006,MED-001,2026-03-05,744
FAC-006,MED-002,2026-03-05,891
FAC-006,MED-003,2026-03-05,135
FAC-006,MED-004,2026-03-05,1347
FAC-006,MED-005,2026-03-05,270
FAC-006,MED-006,2026-03-05,213
FAC-006,MED-007,2026-03-05,420
FAC-006,MED-008,2026-03-05,1272
FAC-007,MED-001,2026-03-05,201
FAC-007,MED-002,2026-03-05,133
FAC-007,MED-003,2026-03-05,41
FAC-007,MED-004,2026-03-05,88
FAC-007,MED-005,2026-03-05,57
FAC-007,MED-006,2026-03-05,72
FAC-007,MED-007,2026-03-05,101
FAC-007,MED-008,2026-03-05,179
FAC-008,MED-001,2026-03-05,93
FAC-008,MED-002,2026-03-05,58
FAC-008,MED-003,2026-03-05,37
FAC-008,MED-004,2026-03-05,37
FAC-008,MED-005,2026-03-05,33
FAC-008,MED-006,2026-03-05,48
FAC-008,MED-007,2026-03-05,15
FAC-008,MED-008,2026-03-05,50
FAC-009,MED-001,2026-03-05,79
FAC-009,MED-002,2026-03-05,186
FAC-009,MED-003,2026-03-05,46
FAC-009,MED-004,2026-03-05,129
FAC-009,MED-005,2026-03-05,43
FAC-009,MED-006,2026-03-05,32
FAC-009,MED-007,2026-03-05,88
FAC-009,MED-008,2026-03-05,101
FAC-010,MED-001,2026-03-05,107
FAC-010,MED-002,2026-03-05,149
FAC-010,MED-003,2026-03-05,17
FAC-010,MED-004,2026-03-05,43
FAC-010,MED-005,2026-03-05,48
FAC-010,MED-006,2026-03-05,37
FAC-010,MED-007,2026-03-05,28
FAC-010,MED-008,2026-03-05,76
FAC-011,MED-001,2026-03-05,1783
FAC-011,MED-002,2026-03-05,1599
FAC-011,MED-003,2026-03-05,307
FAC-011,MED-004,2026-03-05,1227
FAC-011,MED-005,2026-03-05,481
FAC-011,MED-006,2026-03-05,537
FAC-011,MED-007,2026-03-05,993
FAC-011,MED-008,2026-03-05,733
FAC-012,MED-001,2026-03-05,83
FAC-012,MED-002,2026-03-05,227
FAC-012,MED-003,2026-03-05,27
FAC-012,MED-004,2026-03-05,187
FAC-012,MED-005,2026-03-05,42
FAC-012,MED-006,2026-03-05,23
FAC-012,MED-007,2026-03-05,122
FAC-012,MED-008,2026-03-05,174
FAC-013,MED-001,2026-03-05,59
FAC-013,MED-002,2026-03-05,66
FAC-013,MED-003,2026-03-05,24
FAC-013,MED-004,2026-03-05,63
FAC-013,MED-005,2026-03-05,38
FAC-013,MED-006,2026-03-05,35
FAC-013,MED-007,2026-03-05,27
FAC-013,MED-008,2026-03-05,63
FAC-014,MED-001,2026-03-05,155
FAC-014,MED-002,2026-03-05,67
FAC-014,MED-003,2026-03-05,34
FAC-014,MED-004,2026-03-05,105
FAC-014,MED-005,2026-03-05,55
FAC-014,MED-006,2026-03-05,58
FAC-014,MED-007,2026-03-05,51
FAC-014,MED-008,2026-03-05,84
FAC-015,MED-001,2026-03-05,127
FAC-015,MED-002,2026-03-05,135
FAC-015,MED-003,2026-03-05,42
FAC-015,MED-004,2026-03-05,88
FAC-015,MED-005,2026-03-05,15
FAC-015,MED-006,2026-03-05,42
FAC-015,MED-007,2026-03-05,88
FAC-015,MED-008,2026-03-05,63
FAC-016,MED-001,2026-03-05,2292
FAC-016,MED-002,2026-03-05,1368
FAC-016,MED-003,2026-03-05,529
FAC-016,MED-004,2026-03-05,1284
FAC-016,MED-005,2026-03-05,1011
FAC-016,MED-006,2026-03-05,589
FAC-016,MED-007,2026-03-05,1158
FAC-016,MED-008,2026-03-05,1786
FAC-017,MED-001,2026-03-05,197
FAC-017,MED-002,2026-03-05,119
FAC-017,MED-003,2026-03-05,27
FAC-017,MED-004,2026-03-05,182
FAC-017,MED-005,2026-03-05,79
FAC-017,MED-006,2026-03-05,22
FAC-017,MED-007,2026-03-05,55
FAC-017,MED-008,2026-03-05,146
FAC-018,MED-001,2026-03-05,32
FAC-018,MED-002,2026-03-05,37
FAC-018,MED-003,2026-03-05,30
FAC-018,MED-004,2026-03-05,25
FAC-018,MED-005,2026-03-05,19
FAC-018,MED-006,2026-03-05,37
FAC-018,MED-007,2026-03-05,15
FAC-018,MED-008,2026-03-05,28
FAC-019,MED-001,2026-03-05,102
FAC-019,MED-002,2026-03-05,151
FAC-019,MED-003,2026-03-05,26
FAC-019,MED-004,2026-03-05,146
FAC-019,MED-005,2026-03-05,55
FAC-019,MED-006,2026-03-05,51
FAC-019,MED-007,2026-03-05,54
FAC-019,MED-008,2026-03-05,159
FAC-020,MED-001,2026-03-05,122
FAC-020,MED-002,2026-03-05,159
FAC-020,MED-003,2026-03-05,29
FAC-020,MED-004,2026-03-05,66
FAC-020,MED-005,2026-03-05,44
FAC-020,MED-006,2026-03-05,39
FAC-020,MED-007,2026-03-05,86
FAC-020,MED-008,2026-03-05,69
FAC-001,MED-001,2026-03-06,1447
FAC-001,MED-002,2026-03-06,774
FAC-001,MED-003,2026-03-06,279
FAC-001,MED-004,2026-03-06,721
FAC-001,MED-005,2026-03-06,973
FAC-001,MED-006,2026-03-06,345
FAC-001,MED-007,2026-03-06,752
FAC-001,MED-008,2026-03-06,1205
FAC-002,MED-001,2026-03-06,215
FAC-002,MED-002,2026-03-06,136
FAC-002,MED-003,2026-03-06,28
FAC-002,MED-004,2026-03-06,153
FAC-002,MED-005,2026-03-06,46
FAC-002,MED-006,2026-03-06,57
FAC-002,MED-007,2026-03-06,64
FAC-002,MED-008,2026-03-06,66
FAC-003,MED-001,2026-03-06,32
FAC-003,MED-002,2026-03-06,65
FAC-003,MED-003,2026-03-06,35
FAC-003,MED-004,2026-03-06,72
FAC-003,MED-005,2026-03-06,26
FAC-003,MED-006,2026-03-06,19
FAC-003,MED-007,2026-03-06,8
FAC-003,MED-008,2026-03-06,55
FAC-004,MED-001,2026-03-06,206
FAC-004,MED-002,2026-03-06,180
FAC-004,MED-003,2026-03-06,53
FAC-004,MED-004,2026-03-06,119
FAC-004,MED-005,2026-03-06,21
FAC-004,MED-006,2026-03-06,33
FAC-004,MED-007,2026-03-06,129
FAC-004,MED-008,2026-03-06,91
FAC-005,MED-001,2026-03-06,1118
FAC-005,MED-002,2026-03-06,1030
FAC-005,MED-003,2026-03-06,332
FAC-005,MED-004,2026-03-06,974
FAC-005,MED-005,2026-03-06,890
FAC-005,MED-006,2026-03-06,531
FAC-005,MED-007,2026-03-06,1175
FAC-005,MED-008,2026-03-06,1302
FAC-006,MED-001,2026-03-06,619
FAC-006,MED-002,2026-03-06,725
FAC-006,MED-003,2026-03-06,106
FAC-006,MED-004,2026-03-06,1229
FAC-006,MED-005,2026-03-06,208
FAC-006,MED-006,2026-03-06,175
FAC-006,MED-007,2026-03-06,340
FAC-006,MED-008,2026-03-06,1141
FAC-007,MED-001,2026-03-06,184
FAC-007,MED-002,2026-03-06,121
FAC-007,MED-003,2026-03-06,38
FAC-007,MED-004,2026-03-06,71
FAC-007,MED-005,2026-03-06,51
FAC-007,MED-006,2026-03-06,66
FAC-007,MED-007,2026-03-06,98
FAC-007,MED-008,2026-03-06,159
FAC-008,MED-001,2026-03-06,87
FAC-008,MED-002,2026-03-06,44
FAC-008,MED-003,2026-03-06,35
FAC-008,MED-004,2026-03-06,30
FAC-008,MED-005,2026-03-06,32
FAC-008,MED-006,2026-03-06,45
FAC-008,MED-007,2026-03-06,52
FAC-008,MED-008,2026-03-06,45
FAC-009,MED-001,2026-03-06,69
FAC-009,MED-002,2026-03-06,171
FAC-009,MED-003,2026-03-06,42
FAC-009,MED-004,2026-03-06,124
FAC-009,MED-005,2026-03-06,38
FAC-009,MED-006,2026-03-06,27
FAC-009,MED-007,2026-03-06,74
FAC-009,MED-008,2026-03-06,95
FAC-010,MED-001,2026-03-06,100
FAC-010,MED-002,2026-03-06,139
FAC-010,MED-003,2026-03-06,13
FAC-010,MED-004,2026-03-06,37
FAC-010,MED-005,2026-03-06,42
FAC-010,MED-006,2026-03-06,31
FAC-010,MED-007,2026-03-06,80
FAC-010,MED-008,2026-03-06,68
FAC-011,MED-001,2026-03-06,1633
FAC-011,MED-002,2026-03-06,1440
FAC-011,MED-003,2026-03-06,276
FAC-011,MED-004,2026-03-06,1131
FAC-011,MED-005,2026-03-06,411
FAC-011,MED-006,2026-03-06,499
FAC-011,MED-007,2026-03-06,923
FAC-011,MED-008,2026-03-06,631
FAC-012,MED-001,2026-03-06,235
FAC-012,MED-002,2026-03-06,214
FAC-012,MED-003,2026-03-06,26
FAC-012,MED-004,2026-03-06,175
FAC-012,MED-005,2026-03-06,31
FAC-012,MED-006,2026-03-06,82
FAC-012,MED-007,2026-03-06,115
FAC-012,MED-008,2026-03-06,161
FAC-013,MED-001,2026-03-06,53
FAC-013,MED-002,2026-03-06,59
FAC-013,MED-003,2026-03-06,21
FAC-013,MED-004,2026-03-06,60
FAC-013,MED-005,2026-03-06,33
FAC-013,MED-006,2026-03-06,32
FAC-013,MED-007,2026-03-06,23
FAC-013,MED-008,2026-03-06,59
FAC-014,MED-001,2026-03-06,149
FAC-014,MED-002,2026-03-06,45
FAC-014,MED-003,2026-03-06,30
FAC-014,MED-004,2026-03-06,99
FAC-014,MED-005,2026-03-06,47
FAC-014,MED-006,2026-03-06,55
FAC-014,MED-007,2026-03-06,43
FAC-014,MED-008,2026-03-06,72
FAC-015,MED-001,2026-03-06,114
FAC-015,MED-002,2026-03-06,125
FAC-015,MED-003,2026-03-06,39
FAC-015,MED-004,2026-03-06,81
FAC-015,MED-005,2026-03-06,68
FAC-015,MED-006,2026-03-06,40
FAC-015,MED-007,2026-03-06,84
FAC-015,MED-008,2026-03-06,50
FAC-016,MED-001,2026-03-06,2164
FAC-016,MED-002,2026-03-06,1213
FAC-016,MED-003,2026-03-06,499
FAC-016,MED-004,2026-03-06,1169
FAC-016,MED-005,2026-03-06,944
FAC-016,MED-006,2026-03-06,549
FAC-016,MED-007,2026-03-06,1079
FAC-016,MED-008,2026-03-06,1673
FAC-017,MED-001,2026-03-06,185
FAC-017,MED-002,2026-03-06,100
FAC-017,MED-003,2026-03-06,22
FAC-017,MED-004,2026-03-06,170
FAC-017,MED-005,2026-03-06,71
FAC-017,MED-006,2026-03-06,66
FAC-017,MED-007,2026-03-06,41
FAC-017,MED-008,2026-03-06,136
FAC-018,MED-001,2026-03-06,29
FAC-018,MED-002,2026-03-06,29
FAC-018,MED-003,2026-03-06,28
FAC-018,MED-004,2026-03-06,72
FAC-018,MED-005,2026-03-06,53
FAC-018,MED-006,2026-03-06,33
FAC-018,MED-007,2026-03-06,51
FAC-018,MED-008,2026-03-06,23
FAC-019,MED-001,2026-03-06,92
FAC-019,MED-002,2026-03-06,135
FAC-019,MED-003,2026-03-06,23
FAC-019,MED-004,2026-03-06,138
FAC-019,MED-005,2026-03-06,49
FAC-019,MED-006,2026-03-06,48
FAC-019,MED-007,2026-03-06,46
FAC-019,MED-008,2026-03-06,148
FAC-020,MED-001,2026-03-06,111
FAC-020,MED-002,2026-03-06,151
FAC-020,MED-003,2026-03-06,27
FAC-020,MED-004,2026-03-06,57
FAC-020,MED-005,2026-03-06,41
FAC-020,MED-006,2026-03-06,38
FAC-020,MED-007,2026-03-06,81
FAC-020,MED-008,2026-03-06,190
FAC-001,MED-001,2026-03-07,1319
FAC-001,MED-002,2026-03-07,583
FAC-001,MED-003,2026-03-07,243
FAC-001,MED-004,2026-03-07,612
FAC-001,MED-005,2026-03-07,898
FAC-001,MED-006,2026-03-07,295
FAC-001,MED-007,2026-03-07,669
FAC-001,MED-008,2026-03-07,1086
FAC-002,MED-001,2026-03-07,206
FAC-002,MED-002,2026-03-07,127
FAC-002,MED-003,2026-03-07,26
FAC-002,MED-004,2026-03-07,145
FAC-002,MED-005,2026-03-07,35
FAC-002,MED-006,2026-03-07,53
FAC-002,MED-007,2026-03-07,62
FAC-002,MED-008,2026-03-07,56
FAC-003,MED-001,2026-03-07,24
FAC-003,MED-002,2026-03-07,62
FAC-003,MED-003,2026-03-07,33
FAC-003,MED-004,2026-03-07,70
FAC-003,MED-005,2026-03-07,25
FAC-003,MED-006,2026-03-07,19
FAC-003,MED-007,2026-03-07,40
FAC-003,MED-008,2026-03-07,51
FAC-004,MED-001,2026-03-07,196
FAC-004,MED-002,2026-03-07,169
FAC-004,MED-003,2026-03-07,50
FAC-004,MED-004,2026-03-07,113
FAC-004,MED-005,2026-03-07,16
FAC-004,MED-006,2026-03-07,29
FAC-004,MED-007,2026-03-07,121
FAC-004,MED-008,2026-03-07,84
FAC-005,MED-001,2026-03-07,1016
FAC-005,MED-002,2026-03-07,908
FAC-005,MED-003,2026-03-07,311
FAC-005,MED-004,2026-03-07,884
FAC-005,MED-005,2026-03-07,840
FAC-005,MED-006,2026-03-07,487
FAC-005,MED-007,2026-03-07,1116
FAC-005,MED-008,2026-03-07,1211
FAC-006,MED-001,2026-03-07,494
FAC-006,MED-002,2026-03-07,547
FAC-006,MED-003,2026-03-07,77
FAC-006,MED-004,2026-03-07,1121
FAC-006,MED-005,2026-03-07,135
FAC-006,MED-006,2026-03-07,119
FAC-006,MED-007,2026-03-07,263
FAC-006,MED-008,2026-03-07,995
FAC-007,MED-001,2026-03-07,174
FAC-007,MED-002,2026-03-07,115
FAC-007,MED-003,2026-03-07,37
FAC-007,MED-004,2026-03-07,63
FAC-007,MED-005,2026-03-07,44
FAC-007,MED-006,2026-03-07,65
FAC-007,MED-007,2026-03-07,94
FAC-007,MED-008,2026-03-07,152
FAC-008,MED-001,2026-03-07,82
FAC-008,MED-002,2026-03-07,133
FAC-008,MED-003,2026-03-07,34
FAC-008,MED-004,2026-03-07,26
FAC-008,MED-005,2026-03-07,31
FAC-008,MED-006,2026-03-07,44
FAC-008,MED-007,2026-03-07,50
FAC-008,MED-008,2026-03-07,41
FAC-009,MED-001,2026-03-07,61
FAC-009,MED-002,2026-03-07,166
FAC-009,MED-003,2026-03-07,39
FAC-009,MED-004,2026-03-07,118
FAC-009,MED-005,2026-03-07,32
FAC-009,MED-006,2026-03-07,23
FAC-009,MED-007,2026-03-07,68
FAC-009,MED-008,2026-03-07,90
FAC-010,MED-001,2026-03-07,97
FAC-010,MED-002,2026-03-07,133
FAC-010,MED-003,2026-03-07,43
FAC-010,MED-004,2026-03-07,117
FAC-010,MED-005,2026-03-07,38
FAC-010,MED-006,2026-03-07,30
FAC-010,MED-007,2026-03-07,76
FAC-010,MED-008,2026-03-07,63
FAC-011,MED-001,2026-03-07,1524
FAC-011,MED-002,2026-03-07,1315
FAC-011,MED-003,2026-03-07,251
FAC-011,MED-004,2026-03-07,1047
FAC-011,MED-005,2026-03-07,362
FAC-011,MED-006,2026-03-07,456
FAC-011,MED-007,2026-03-07,855
FAC-011,MED-008,2026-03-07,1971
FAC-012,MED-001,2026-03-07,222
FAC-012,MED-002,2026-03-07,202
FAC-012,MED-003,2026-03-07,25
FAC-012,MED-004,2026-03-07,169
FAC-012,MED-005,2026-03-07,26
FAC-012,MED-006,2026-03-07,79
FAC-012,MED-007,2026-03-07,112
FAC-012,MED-008,2026-03-07,146
FAC-013,MED-001,2026-03-07,49
FAC-013,MED-002,2026-03-07,49
FAC-013,MED-003,2026-03-07,20
FAC-013,MED-004,2026-03-07,57
FAC-013,MED-005,2026-03-07,28
FAC-013,MED-006,2026-03-07,29
FAC-013,MED-007,2026-03-07,21
FAC-013,MED-008,2026-03-07,57
FAC-014,MED-001,2026-03-07,144
FAC-014,MED-002,2026-03-07,200
FAC-014,MED-003,2026-03-07,29
FAC-014,MED-004,2026-03-07,92
FAC-014,MED-005,2026-03-07,46
FAC-014,MED-006,2026-03-07,52
FAC-014,MED-007,2026-03-07,39
FAC-014,MED-008,2026-03-07,68
FAC-015,MED-001,2026-03-07,108
FAC-015,MED-002,2026-03-07,121
FAC-015,MED-003,2026-03-07,38
FAC-015,MED-004,2026-03-07,76
FAC-015,MED-005,2026-03-07,68
FAC-015,MED-006,2026-03-07,38
FAC-015,MED-007,2026-03-07,79
FAC-015,MED-008,2026-03-07,133
FAC-016,MED-001,2026-03-07,2042
FAC-016,MED-002,2026-03-07,3187
FAC-016,MED-003,2026-03-07,465
FAC-016,MED-004,2026-03-07,1022
FAC-016,MED-005,2026-03-07,891
FAC-016,MED-006,2026-03-07,503
FAC-016,MED-007,2026-03-07,1005
FAC-016,MED-008,2026-03-07,1550
FAC-017,MED-001,2026-03-07,175
FAC-017,MED-002,2026-03-07,294
FAC-017,MED-003,2026-03-07,20
FAC-017,MED-004,2026-03-07,161
FAC-017,MED-005,2026-03-07,69
FAC-017,MED-006,2026-03-07,65
FAC-017,MED-007,2026-03-07,33
FAC-017,MED-008,2026-03-07,127
FAC-018,MED-001,2026-03-07,26
FAC-018,MED-002,2026-03-07,105
FAC-018,MED-003,2026-03-07,27
FAC-018,MED-004,2026-03-07,68
FAC-018,MED-005,2026-03-07,51
FAC-018,MED-006,2026-03-07,30
FAC-018,MED-007,2026-03-07,47
FAC-018,MED-008,2026-03-07,20
FAC-019,MED-001,2026-03-07,85
FAC-019,MED-002,2026-03-07,128
FAC-019,MED-003,2026-03-07,21
FAC-019,MED-004,2026-03-07,136
FAC-019,MED-005,2026-03-07,46
FAC-019,MED-006,2026-03-07,48
FAC-019,MED-007,2026-03-07,45
FAC-019,MED-008,2026-03-07,143
FAC-020,MED-001,2026-03-07,99
FAC-020,MED-002,2026-03-07,135
FAC-020,MED-003,2026-03-07,24
FAC-020,MED-004,2026-03-07,48
FAC-020,MED-005,2026-03-07,33
FAC-020,MED-006,2026-03-07,33
FAC-020,MED-007,2026-03-07,78
FAC-020,MED-008,2026-03-07,183
FAC-001,MED-001,2026-03-08,1180
FAC-001,MED-002,2026-03-08,437
FAC-001,MED-003,2026-03-08,220
FAC-001,MED-004,2026-03-08,499
FAC-001,MED-005,2026-03-08,818
FAC-001,MED-006,2026-03-08,244
FAC-001,MED-007,2026-03-08,583
FAC-001,MED-008,2026-03-08,960
FAC-002,MED-001,2026-03-08,199
FAC-002,MED-002,2026-03-08,116
FAC-002,MED-003,2026-03-08,25
FAC-002,MED-004,2026-03-08,137
FAC-002,MED-005,2026-03-08,29
FAC-002,MED-006,2026-03-08,51
FAC-002,MED-007,2026-03-08,54
FAC-002,MED-008,2026-03-08,48
FAC-003,MED-001,2026-03-08,73
FAC-003,MED-002,2026-03-08,57
FAC-003,MED-003,2026-03-08,30
FAC-003,MED-004,2026-03-08,62
FAC-003,MED-005,2026-03-08,25
FAC-003,MED-006,2026-03-08,18
FAC-003,MED-007,2026-03-08,38
FAC-003,MED-008,2026-03-08,44
FAC-004,MED-001,2026-03-08,187
FAC-004,MED-002,2026-03-08,156
FAC-004,MED-003,2026-03-08,47
FAC-004,MED-004,2026-03-08,105
FAC-004,MED-005,2026-03-08,11
FAC-004,MED-006,2026-03-08,26
FAC-004,MED-007,2026-03-08,118
FAC-004,MED-008,2026-03-08,74
FAC-005,MED-001,2026-03-08,924
FAC-005,MED-002,2026-03-08,780
FAC-005,MED-003,2026-03-08,289
FAC-005,MED-004,2026-03-08,787
FAC-005,MED-005,2026-03-08,775
FAC-005,MED-006,2026-03-08,460
FAC-005,MED-007,2026-03-08,999
FAC-005,MED-008,2026-03-08,1103
FAC-006,MED-001,2026-03-08,351
FAC-006,MED-002,2026-03-08,390
FAC-006,MED-003,2026-03-08,57
FAC-006,MED-004,2026-03-08,1015
FAC-006,MED-005,2026-03-08,79
FAC-006,MED-006,2026-03-08,85
FAC-006,MED-007,2026-03-08,192
FAC-006,MED-008,2026-03-08,881
FAC-007,MED-001,2026-03-08,164
FAC-007,MED-002,2026-03-08,103
FAC-007,MED-003,2026-03-08,36
FAC-007,MED-004,2026-03-08,52
FAC-007,MED-005,2026-03-08,36
FAC-007,MED-006,2026-03-08,59
FAC-007,MED-007,2026-03-08,89
FAC-007,MED-008,2026-03-08,141
FAC-008,MED-001,2026-03-08,75
FAC-008,MED-002,2026-03-08,124
FAC-008,MED-003,2026-03-08,33
FAC-008,MED-004,2026-03-08,24
FAC-008,MED-005,2026-03-08,26
FAC-008,MED-006,2026-03-08,40
FAC-008,MED-007,2026-03-08,49
FAC-008,MED-008,2026-03-08,40
FAC-009,MED-001,2026-03-08,55
FAC-009,MED-002,2026-03-08,161
FAC-009,MED-003,2026-03-08,37
FAC-009,MED-004,2026-03-08,114
FAC-009,MED-005,2026-03-08,29
FAC-009,MED-006,2026-03-08,21
FAC-009,MED-007,2026-03-08,63
FAC-009,MED-008,2026-03-08,83
FAC-010,MED-001,2026-03-08,91
FAC-010,MED-002,2026-03-08,124
FAC-010,MED-003,2026-03-08,41
FAC-010,MED-004,2026-03-08,112
FAC-010,MED-005,2026-03-08,31
FAC-010,MED-006,2026-03-08,28
FAC-010,MED-007,2026-03-08,71
FAC-010,MED-008,2026-03-08,61
FAC-011,MED-001,2026-03-08,1415
FAC-011,MED-002,2026-03-08,1183
FAC-011,MED-003,2026-03-08,224
FAC-011,MED-004,2026-03-08,949
FAC-011,MED-005,2026-03-08,312
FAC-011,MED-006,2026-03-08,421
FAC-011,MED-007,2026-03-08,778
FAC-011,MED-008,2026-03-08,1894
FAC-012,MED-001,2026-03-08,208
FAC-012,MED-002,2026-03-08,192
FAC-012,MED-003,2026-03-08,69
FAC-012,MED-004,2026-03-08,159
FAC-012,MED-005,2026-03-08,111
FAC-012,MED-006,2026-03-08,76
FAC-012,MED-007,2026-03-08,109
FAC-012,MED-008,2026-03-08,137
FAC-013,MED-001,2026-03-08,43
FAC-013,MED-002,2026-03-08,40
FAC-013,MED-003,2026-03-08,50
FAC-013,MED-004,2026-03-08,48
FAC-013,MED-005,2026-03-08,27
FAC-013,MED-006,2026-03-08,27
FAC-013,MED-007,2026-03-08,18
FAC-013,MED-008,2026-03-08,51
FAC-014,MED-001,2026-03-08,133
FAC-014,MED-002,2026-03-08,188
FAC-014,MED-003,2026-03-08,27
FAC-014,MED-004,2026-03-08,86
FAC-014,MED-005,2026-03-08,43
FAC-014,MED-006,2026-03-08,50
FAC-014,MED-007,2026-03-08,114
FAC-014,MED-008,2026-03-08,60
FAC-015,MED-001,2026-03-08,99
FAC-015,MED-002,2026-03-08,106
FAC-015,MED-003,2026-03-08,37
FAC-015,MED-004,2026-03-08,73
FAC-015,MED-005,2026-03-08,66
FAC-015,MED-006,2026-03-08,37
FAC-015,MED-007,2026-03-08,77
FAC-015,MED-008,2026-03-08,131
FAC-016,MED-001,2026-03-08,1923
FAC-016,MED-002,2026-03-08,3015
FAC-016,MED-003,2026-03-08,433
FAC-016,MED-004,2026-03-08,904
FAC-016,MED-005,2026-03-08,817
FAC-016,MED-006,2026-03-08,461
FAC-016,MED-007,2026-03-08,928
FAC-016,MED-008,2026-03-08,1427
FAC-017,MED-001,2026-03-08,166
FAC-017,MED-002,2026-03-08,286
FAC-017,MED-003,2026-03-08,19
FAC-017,MED-004,2026-03-08,152
FAC-017,MED-005,2026-03-08,67
FAC-017,MED-006,2026-03-08,64
FAC-017,MED-007,2026-03-08,116
FAC-017,MED-008,2026-03-08,119
FAC-018,MED-001,2026-03-08,91
FAC-018,MED-002,2026-03-08,101
FAC-018,MED-003,2026-03-08,25
FAC-018,MED-004,2026-03-08,65
FAC-018,MED-005,2026-03-08,49
FAC-018,MED-006,2026-03-08,28
FAC-018,MED-007,2026-03-08,45
FAC-018,MED-008,2026-03-08,70
FAC-019,MED-001,2026-03-08,76
FAC-019,MED-002,2026-03-08,123
FAC-019,MED-003,2026-03-08,19
FAC-019,MED-004,2026-03-08,135
FAC-019,MED-005,2026-03-08,121
FAC-019,MED-006,2026-03-08,46
FAC-019,MED-007,2026-03-08,126
FAC-019,MED-008,2026-03-08,137
FAC-020,MED-001,2026-03-08,92
FAC-020,MED-002,2026-03-08,126
FAC-020,MED-003,2026-03-08,23
FAC-020,MED-004,2026-03-08,45
FAC-020,MED-005,2026-03-08,32
FAC-020,MED-006,2026-03-08,28
FAC-020,MED-007,2026-03-08,75
FAC-020,MED-008,2026-03-08,177
FAC-001,MED-001,2026-03-09,1024
FAC-001,MED-002,2026-03-09,271
FAC-001,MED-003,2026-03-09,186
FAC-001,MED-004,2026-03-09,377
FAC-001,MED-005,2026-03-09,737
FAC-001,MED-006,2026-03-09,196
FAC-001,MED-007,2026-03-09,509
FAC-001,MED-008,2026-03-09,844
FAC-002,MED-001,2026-03-09,182
FAC-002,MED-002,2026-03-09,96
FAC-002,MED-003,2026-03-09,20
FAC-002,MED-004,2026-03-09,118
FAC-002,MED-005,2026-03-09,20
FAC-002,MED-006,2026-03-09,46
FAC-002,MED-007,2026-03-09,48
FAC-002,MED-008,2026-03-09,30
FAC-003,MED-001,2026-03-09,68
FAC-003,MED-002,2026-03-09,56
FAC-003,MED-003,2026-03-09,27
FAC-003,MED-004,2026-03-09,60
FAC-003,MED-005,2026-03-09,25
FAC-003,MED-006,2026-03-09,53
FAC-003,MED-007,2026-03-09,38
FAC-003,MED-008,2026-03-09,42
FAC-004,MED-001,2026-03-09,172
FAC-004,MED-002,2026-03-09,140
FAC-004,MED-003,2026-03-09,44
FAC-004,MED-004,2026-03-09,94
FAC-004,MED-005,2026-03-09,0
FAC-004,MED-006,2026-03-09,25
FAC-004,MED-007,2026-03-09,110
FAC-004,MED-008,2026-03-09,62
FAC-005,MED-001,2026-03-09,800
FAC-005,MED-002,2026-03-09,2366
FAC-005,MED-003,2026-03-09,265
FAC-005,MED-004,2026-03-09,702
FAC-005,MED-005,2026-03-09,717
FAC-005,MED-006,2026-03-09,431
FAC-005,MED-007,2026-03-09,937
FAC-005,MED-008,2026-03-09,997
FAC-006,MED-001,2026-03-09,227
FAC-006,MED-002,2026-03-09,218
FAC-006,MED-003,2026-03-09,26
FAC-006,MED-004,2026-03-09,916
FAC-006,MED-005,2026-03-09,18
FAC-006,MED-006,2026-03-09,53
FAC-006,MED-007,2026-03-09,126
FAC-006,MED-008,2026-03-09,750
FAC-007,MED-001,2026-03-09,147
FAC-007,MED-002,2026-03-09,88
FAC-007,MED-003,2026-03-09,33
FAC-007,MED-004,2026-03-09,37
FAC-007,MED-005,2026-03-09,29
FAC-007,MED-006,2026-03-09,53
FAC-007,MED-007,2026-03-09,80
FAC-007,MED-008,2026-03-09,123
FAC-008,MED-001,2026-03-09,70
FAC-008,MED-002,2026-03-09,120
FAC-008,MED-003,2026-03-09,31
FAC-008,MED-004,2026-03-09,73
FAC-008,MED-005,2026-03-09,23
FAC-008,MED-006,2026-03-09,36
FAC-008,MED-007,2026-03-09,46
FAC-008,MED-008,2026-03-09,34
FAC-009,MED-001,2026-03-09,46
FAC-009,MED-002,2026-03-09,149
FAC-009,MED-003,2026-03-09,33
FAC-009,MED-004,2026-03-09,103
FAC-009,MED-005,2026-03-09,20
FAC-009,MED-006,2026-03-09,15
FAC-009,MED-007,2026-03-09,59
FAC-009,MED-008,2026-03-09,76
FAC-010,MED-001,2026-03-09,80
FAC-010,MED-002,2026-03-09,116
FAC-010,MED-003,2026-03-09,35
FAC-010,MED-004,2026-03-09,106
FAC-010,MED-005,2026-03-09,27
FAC-010,MED-006,2026-03-09,21
FAC-010,MED-007,2026-03-09,66
FAC-010,MED-008,2026-03-09,51
FAC-011,MED-001,2026-03-09,1276
FAC-011,MED-002,2026-03-09,1044
FAC-011,MED-003,2026-03-09,203
FAC-011,MED-004,2026-03-09,833
FAC-011,MED-005,2026-03-09,983
FAC-011,MED-006,2026-03-09,390
FAC-011,MED-007,2026-03-09,719
FAC-011,MED-008,2026-03-09,1772
FAC-012,MED-001,2026-03-09,199
FAC-012,MED-002,2026-03-09,175
FAC-012,MED-003,2026-03-09,64
FAC-012,MED-004,2026-03-09,151
FAC-012,MED-005,2026-03-09,106
FAC-012,MED-006,2026-03-09,71
FAC-012,MED-007,2026-03-09,99
FAC-012,MED-008,2026-03-09,119
FAC-013,MED-001,2026-03-09,37
FAC-013,MED-002,2026-03-09,33
FAC-013,MED-003,2026-03-09,45
FAC-013,MED-004,2026-03-09,42
FAC-013,MED-005,2026-03-09,23
FAC-013,MED-006,2026-03-09,26
FAC-013,MED-007,2026-03-09,47
FAC-013,MED-008,2026-03-09,49
FAC-014,MED-001,2026-03-09,119
FAC-014,MED-002,2026-03-09,178
FAC-014,MED-003,2026-03-09,23
FAC-014,MED-004,2026-03-09,80
FAC-014,MED-005,2026-03-09,37
FAC-014,MED-006,2026-03-09,44
FAC-014,MED-007,2026-03-09,105
FAC-014,MED-008,2026-03-09,162
FAC-015,MED-001,2026-03-09,92
FAC-015,MED-002,2026-03-09,96
FAC-015,MED-003,2026-03-09,34
FAC-015,MED-004,2026-03-09,63
FAC-015,MED-005,2026-03-09,61
FAC-015,MED-006,2026-03-09,37
FAC-015,MED-007,2026-03-09,73
FAC-015,MED-008,2026-03-09,123
FAC-016,MED-001,2026-03-09,1795
FAC-016,MED-002,2026-03-09,2848
FAC-016,MED-003,2026-03-09,402
FAC-016,MED-004,2026-03-09,783
FAC-016,MED-005,2026-03-09,734
FAC-016,MED-006,2026-03-09,423
FAC-016,MED-007,2026-03-09,859
FAC-016,MED-008,2026-03-09,1280
FAC-017,MED-001,2026-03-09,156
FAC-017,MED-002,2026-03-09,265
FAC-017,MED-003,2026-03-09,53
FAC-017,MED-004,2026-03-09,146
FAC-017,MED-005,2026-03-09,62
FAC-017,MED-006,2026-03-09,61
FAC-017,MED-007,2026-03-09,108
FAC-017,MED-008,2026-03-09,104
FAC-018,MED-001,2026-03-09,86
FAC-018,MED-002,2026-03-09,96
FAC-018,MED-003,2026-03-09,19
FAC-018,MED-004,2026-03-09,60
FAC-018,MED-005,2026-03-09,46
FAC-018,MED-006,2026-03-09,25
FAC-018,MED-007,2026-03-09,39
FAC-018,MED-008,2026-03-09,68
FAC-019,MED-001,2026-03-09,69
FAC-019,MED-002,2026-03-09,108
FAC-019,MED-003,2026-03-09,14
FAC-019,MED-004,2026-03-09,121
FAC-019,MED-005,2026-03-09,110
FAC-019,MED-006,2026-03-09,45
FAC-019,MED-007,2026-03-09,121
FAC-019,MED-008,2026-03-09,128
FAC-020,MED-001,2026-03-09,75
FAC-020,MED-002,2026-03-09,114
FAC-020,MED-003,2026-03-09,19
FAC-020,MED-004,2026-03-09,147
FAC-020,MED-005,2026-03-09,88
FAC-020,MED-006,2026-03-09,20
FAC-020,MED-007,2026-03-09,68
FAC-020,MED-008,2026-03-09,167
FAC-001,MED-001,2026-03-10,903
FAC-001,MED-002,2026-03-10,93
FAC-001,MED-003,2026-03-10,145
FAC-001,MED-004,2026-03-10,259
FAC-001,MED-005,2026-03-10,680
FAC-001,MED-006,2026-03-10,136
FAC-001,MED-007,2026-03-10,427
FAC-001,MED-008,2026-03-10,724
FAC-002,MED-001,2026-03-10,165
FAC-002,MED-002,2026-03-10,72
FAC-002,MED-003,2026-03-10,14
FAC-002,MED-004,2026-03-10,110
FAC-002,MED-005,2026-03-10,15
FAC-002,MED-006,2026-03-10,38
FAC-002,MED-007,2026-03-10,36
FAC-002,MED-008,2026-03-10,13
FAC-003,MED-001,2026-03-10,63
FAC-003,MED-002,2026-03-10,49
FAC-003,MED-003,2026-03-10,23
FAC-003,MED-004,2026-03-10,59
FAC-003,MED-005,2026-03-10,53
FAC-003,MED-006,2026-03-10,48
FAC-003,MED-007,2026-03-10,35
FAC-003,MED-008,2026-03-10,38
FAC-004,MED-001,2026-03-10,152
FAC-004,MED-002,2026-03-10,109
FAC-004,MED-003,2026-03-10,41
FAC-004,MED-004,2026-03-10,70
FAC-004,MED-005,2026-03-10,0
FAC-004,MED-006,2026-03-10,20
FAC-004,MED-007,2026-03-10,99
FAC-004,MED-008,2026-03-10,39
FAC-005,MED-001,2026-03-10,666
FAC-005,MED-002,2026-03-10,2235
FAC-005,MED-003,2026-03-10,241
FAC-005,MED-004,2026-03-10,605
FAC-005,MED-005,2026-03-10,662
FAC-005,MED-006,2026-03-10,405
FAC-005,MED-007,2026-03-10,853
FAC-005,MED-008,2026-03-10,901
FAC-006,MED-001,2026-03-10,81
FAC-006,MED-002,2026-03-10,38
FAC-006,MED-003,2026-03-10,0
FAC-006,MED-004,2026-03-10,793
FAC-006,MED-005,2026-03-10,777
FAC-006,MED-006,2026-03-10,5
FAC-006,MED-007,2026-03-10,35
FAC-006,MED-008,2026-03-10,642
FAC-007,MED-001,2026-03-10,132
FAC-007,MED-002,2026-03-10,74
FAC-007,MED-003,2026-03-10,33
FAC-007,MED-004,2026-03-10,26
FAC-007,MED-005,2026-03-10,25
FAC-007,MED-006,2026-03-10,46
FAC-007,MED-007,2026-03-10,74
FAC-007,MED-008,2026-03-10,105
FAC-008,MED-001,2026-03-10,58
FAC-008,MED-002,2026-03-10,115
FAC-008,MED-003,2026-03-10,27
FAC-008,MED-004,2026-03-10,70
FAC-008,MED-005,2026-03-10,21
FAC-008,MED-006,2026-03-10,34
FAC-008,MED-007,2026-03-10,43
FAC-008,MED-008,2026-03-10,93
FAC-009,MED-001,2026-03-10,33
FAC-009,MED-002,2026-03-10,138
FAC-009,MED-003,2026-03-10,32
FAC-009,MED-004,2026-03-10,87
FAC-009,MED-005,2026-03-10,15
FAC-009,MED-006,2026-03-10,13
FAC-009,MED-007,2026-03-10,54
FAC-009,MED-008,2026-03-10,65
FAC-010,MED-001,2026-03-10,69
FAC-010,MED-002,2026-03-10,101
FAC-010,MED-003,2026-03-10,30
FAC-010,MED-004,2026-03-10,100
FAC-010,MED-005,2026-03-10,23
FAC-010,MED-006,2026-03-10,20
FAC-010,MED-007,2026-03-10,60
FAC-010,MED-008,2026-03-10,42
FAC-011,MED-001,2026-03-10,1140
FAC-011,MED-002,2026-03-10,907
FAC-011,MED-003,2026-03-10,177
FAC-011,MED-004,2026-03-10,725
FAC-011,MED-005,2026-03-10,909
FAC-011,MED-006,2026-03-10,350
FAC-011,MED-007,2026-03-10,659
FAC-011,MED-008,2026-03-10,1664
FAC-012,MED-001,2026-03-10,184
FAC-012,MED-002,2026-03-10,153
FAC-012,MED-003,2026-03-10,61
FAC-012,MED-004,2026-03-10,136
FAC-012,MED-005,2026-03-10,98
FAC-012,MED-006,2026-03-10,67
FAC-012,MED-007,2026-03-10,90
FAC-012,MED-008,2026-03-10,107
FAC-013,MED-001,2026-03-10,36
FAC-013,MED-002,2026-03-10,27
FAC-013,MED-003,2026-03-10,42
FAC-013,MED-004,2026-03-10,39
FAC-013,MED-005,2026-03-10,20
FAC-013,MED-006,2026-03-10,23
FAC-013,MED-007,2026-03-10,41
FAC-013,MED-008,2026-03-10,45
FAC-014,MED-001,2026-03-10,114
FAC-014,MED-002,2026-03-10,162
FAC-014,MED-003,2026-03-10,20
FAC-014,MED-004,2026-03-10,74
FAC-014,MED-005,2026-03-10,27
FAC-014,MED-006,2026-03-10,37
FAC-014,MED-007,2026-03-10,97
FAC-014,MED-008,2026-03-10,155
FAC-015,MED-001,2026-03-10,87
FAC-015,MED-002,2026-03-10,84
FAC-015,MED-003,2026-03-10,29
FAC-015,MED-004,2026-03-10,52
FAC-015,MED-005,2026-03-10,56
FAC-015,MED-006,2026-03-10,35
FAC-015,MED-007,2026-03-10,69
FAC-015,MED-008,2026-03-10,107
FAC-016,MED-001,2026-03-10,1662
FAC-016,MED-002,2026-03-10,2694
FAC-016,MED-003,2026-03-10,370
FAC-016,MED-004,2026-03-10,679
FAC-016,MED-005,2026-03-10,667
FAC-016,MED-006,2026-03-10,377
FAC-016,MED-007,2026-03-10,781
FAC-016,MED-008,2026-03-10,1145
FAC-017,MED-001,2026-03-10,146
FAC-017,MED-002,2026-03-10,244
FAC-017,MED-003,2026-03-10,50
FAC-017,MED-004,2026-03-10,134
FAC-017,MED-005,2026-03-10,53
FAC-017,MED-006,2026-03-10,54
FAC-017,MED-007,2026-03-10,103
FAC-017,MED-008,2026-03-10,91
FAC-018,MED-001,2026-03-10,81
FAC-018,MED-002,2026-03-10,89
FAC-018,MED-003,2026-03-10,16
FAC-018,MED-004,2026-03-10,58
FAC-018,MED-005,2026-03-10,43
FAC-018,MED-006,2026-03-10,24
FAC-018,MED-007,2026-03-10,33
FAC-018,MED-008,2026-03-10,64
FAC-019,MED-001,2026-03-10,205
FAC-019,MED-002,2026-03-10,282
FAC-019,MED-003,2026-03-10,50
FAC-019,MED-004,2026-03-10,109
FAC-019,MED-005,2026-03-10,104
FAC-019,MED-006,2026-03-10,37
FAC-019,MED-007,2026-03-10,111
FAC-019,MED-008,2026-03-10,117
FAC-020,MED-001,2026-03-10,69
FAC-020,MED-002,2026-03-10,103
FAC-020,MED-003,2026-03-10,16
FAC-020,MED-004,2026-03-10,138
FAC-020,MED-005,2026-03-10,84
FAC-020,MED-006,2026-03-10,15
FAC-020,MED-007,2026-03-10,65
FAC-020,MED-008,2026-03-10,158
FAC-001,MED-001,2026-03-11,749
FAC-001,MED-002,2026-03-11,0
FAC-001,MED-003,2026-03-11,114
FAC-001,MED-004,2026-03-11,127
FAC-001,MED-005,2026-03-11,614
FAC-001,MED-006,2026-03-11,87
FAC-001,MED-007,2026-03-11,343
FAC-001,MED-008,2026-03-11,574
FAC-002,MED-001,2026-03-11,152
FAC-002,MED-002,2026-03-11,52
FAC-002,MED-003,2026-03-11,14
FAC-002,MED-004,2026-03-11,101
FAC-002,MED-005,2026-03-11,10
FAC-002,MED-006,2026-03-11,35
FAC-002,MED-007,2026-03-11,28
FAC-002,MED-008,2026-03-11,4
FAC-003,MED-001,2026-03-11,59
FAC-003,MED-002,2026-03-11,42
FAC-003,MED-003,2026-03-11,18
FAC-003,MED-004,2026-03-11,53
FAC-003,MED-005,2026-03-11,47
FAC-003,MED-006,2026-03-11,45
FAC-003,MED-007,2026-03-11,33
FAC-003,MED-008,2026-03-11,31
FAC-004,MED-001,2026-03-11,130
FAC-004,MED-002,2026-03-11,83
FAC-004,MED-003,2026-03-11,39
FAC-004,MED-004,2026-03-11,54
FAC-004,MED-005,2026-03-11,0
FAC-004,MED-006,2026-03-11,16
FAC-004,MED-007,2026-03-11,87
FAC-004,MED-008,2026-03-11,15
FAC-005,MED-001,2026-03-11,565
FAC-005,MED-002,2026-03-11,2101
FAC-005,MED-003,2026-03-11,214
FAC-005,MED-004,2026-03-11,510
FAC-005,MED-005,2026-03-11,605
FAC-005,MED-006,2026-03-11,366
FAC-005,MED-007,2026-03-11,787
FAC-005,MED-008,2026-03-11,799
FAC-006,MED-001,2026-03-11,0
FAC-006,MED-002,2026-03-11,0
FAC-006,MED-003,2026-03-11,0
FAC-006,MED-004,2026-03-11,667
FAC-006,MED-005,2026-03-11,705
FAC-006,MED-006,2026-03-11,0
FAC-006,MED-007,2026-03-11,0
FAC-006,MED-008,2026-03-11,517
FAC-007,MED-001,2026-03-11,120
FAC-007,MED-002,2026-03-11,61
FAC-007,MED-003,2026-03-11,31
FAC-007,MED-004,2026-03-11,17
FAC-007,MED-005,2026-03-11,18
FAC-007,MED-006,2026-03-11,44
FAC-007,MED-007,2026-03-11,67
FAC-007,MED-008,2026-03-11,93
FAC-008,MED-001,2026-03-11,53
FAC-008,MED-002,2026-03-11,109
FAC-008,MED-003,2026-03-11,22
FAC-008,MED-004,2026-03-11,67
FAC-008,MED-005,2026-03-11,53
FAC-008,MED-006,2026-03-11,32
FAC-008,MED-007,2026-03-11,38
FAC-008,MED-008,2026-03-11,87
FAC-009,MED-001,2026-03-11,21
FAC-009,MED-002,2026-03-11,127
FAC-009,MED-003,2026-03-11,31
FAC-009,MED-004,2026-03-11,77
FAC-009,MED-005,2026-03-11,3
FAC-009,MED-006,2026-03-11,8
FAC-009,MED-007,2026-03-11,50
FAC-009,MED-008,2026-03-11,56
FAC-010,MED-001,2026-03-11,59
FAC-010,MED-002,2026-03-11,91
FAC-010,MED-003,2026-03-11,25
FAC-010,MED-004,2026-03-11,93
FAC-010,MED-005,2026-03-11,68
FAC-010,MED-006,2026-03-11,17
FAC-010,MED-007,2026-03-11,55
FAC-010,MED-008,2026-03-11,32
FAC-011,MED-001,2026-03-11,1029
FAC-011,MED-002,2026-03-11,759
FAC-011,MED-003,2026-03-11,140
FAC-011,MED-004,2026-03-11,625
FAC-011,MED-005,2026-03-11,844
FAC-011,MED-006,2026-03-11,304
FAC-011,MED-007,2026-03-11,578
FAC-011,MED-008,2026-03-11,1562
FAC-012,MED-001,2026-03-11,158
FAC-012,MED-002,2026-03-11,133
FAC-012,MED-003,2026-03-11,57
FAC-012,MED-004,2026-03-11,124
FAC-012,MED-005,2026-03-11,89
FAC-012,MED-006,2026-03-11,59
FAC-012,MED-007,2026-03-11,79
FAC-012,MED-008,2026-03-11,95
FAC-013,MED-001,2026-03-11,32
FAC-013,MED-002,2026-03-11,21
FAC-013,MED-003,2026-03-11,38
FAC-013,MED-004,2026-03-11,35
FAC-013,MED-005,2026-03-11,16
FAC-013,MED-006,2026-03-11,22
FAC-013,MED-007,2026-03-11,38
FAC-013,MED-008,2026-03-11,37
FAC-014,MED-001,2026-03-11,102
FAC-014,MED-002,2026-03-11,141
FAC-014,MED-003,2026-03-11,20
FAC-014,MED-004,2026-03-11,66
FAC-014,MED-005,2026-03-11,91
FAC-014,MED-006,2026-03-11,34
FAC-014,MED-007,2026-03-11,94
FAC-014,MED-008,2026-03-11,146
FAC-015,MED-001,2026-03-11,80
FAC-015,MED-002,2026-03-11,70
FAC-015,MED-003,2026-03-11,27
FAC-015,MED-004,2026-03-11,49
FAC-015,MED-005,2026-03-11,54
FAC-015,MED-006,2026-03-11,33
FAC-015,MED-007,2026-03-11,60
FAC-015,MED-008,2026-03-11,99
FAC-016,MED-001,2026-03-11,1520
FAC-016,MED-002,2026-03-11,2489
FAC-016,MED-003,2026-03-11,335
FAC-016,MED-004,2026-03-11,563
FAC-016,MED-005,2026-03-11,603
FAC-016,MED-006,2026-03-11,318
FAC-016,MED-007,2026-03-11,673
FAC-016,MED-008,2026-03-11,1024
FAC-017,MED-001,2026-03-11,137
FAC-017,MED-002,2026-03-11,225
FAC-017,MED-003,2026-03-11,45
FAC-017,MED-004,2026-03-11,119
FAC-017,MED-005,2026-03-11,48
FAC-017,MED-006,2026-03-11,52
FAC-017,MED-007,2026-03-11,99
FAC-017,MED-008,2026-03-11,87
FAC-018,MED-001,2026-03-11,75
FAC-018,MED-002,2026-03-11,81
FAC-018,MED-003,2026-03-11,10
FAC-018,MED-004,2026-03-11,52
FAC-018,MED-005,2026-03-11,41
FAC-018,MED-006,2026-03-11,21
FAC-018,MED-007,2026-03-11,26
FAC-018,MED-008,2026-03-11,58
FAC-019,MED-001,2026-03-11,192
FAC-019,MED-002,2026-03-11,266
FAC-019,MED-003,2026-03-11,47
FAC-019,MED-004,2026-03-11,101
FAC-019,MED-005,2026-03-11,94
FAC-019,MED-006,2026-03-11,32
FAC-019,MED-007,2026-03-11,105
FAC-019,MED-008,2026-03-11,105
FAC-020,MED-001,2026-03-11,56
FAC-020,MED-002,2026-03-11,91
FAC-020,MED-003,2026-03-11,10
FAC-020,MED-004,2026-03-11,128
FAC-020,MED-005,2026-03-11,80
FAC-020,MED-006,2026-03-11,9
FAC-020,MED-007,2026-03-11,59
FAC-020,MED-008,2026-03-11,151
FAC-001,MED-001,2026-03-12,612
FAC-001,MED-002,2026-03-12,0
FAC-001,MED-003,2026-03-12,85
FAC-001,MED-004,2026-03-12,1432
FAC-001,MED-005,2026-03-12,540
FAC-001,MED-006,2026-03-12,41
FAC-001,MED-007,2026-03-12,255
FAC-001,MED-008,2026-03-12,440
FAC-002,MED-001,2026-03-12,134
FAC-002,MED-002,2026-03-12,38
FAC-002,MED-003,2026-03-12,13
FAC-002,MED-004,2026-03-12,90
FAC-002,MED-005,2026-03-12,3
FAC-002,MED-006,2026-03-12,29
FAC-002,MED-007,2026-03-12,21
FAC-002,MED-008,2026-03-12,0
FAC-003,MED-001,2026-03-12,54
FAC-003,MED-002,2026-03-12,34
FAC-003,MED-003,2026-03-12,15
FAC-003,MED-004,2026-03-12,46
FAC-003,MED-005,2026-03-12,42
FAC-003,MED-006,2026-03-12,35
FAC-003,MED-007,2026-03-12,32
FAC-003,MED-008,2026-03-12,23
FAC-004,MED-001,2026-03-12,114
FAC-004,MED-002,2026-03-12,69
FAC-004,MED-003,2026-03-12,35
FAC-004,MED-004,2026-03-12,45
FAC-004,MED-005,2026-03-12,0
FAC-004,MED-006,2026-03-12,12
FAC-004,MED-007,2026-03-12,73
FAC-004,MED-008,2026-03-12,3
FAC-005,MED-001,2026-03-12,458
FAC-005,MED-002,2026-03-12,1959
FAC-005,MED-003,2026-03-12,188
FAC-005,MED-004,2026-03-12,418
FAC-005,MED-005,2026-03-12,548
FAC-005,MED-006,2026-03-12,332
FAC-005,MED-007,2026-03-12,727
FAC-005,MED-008,2026-03-12,686
FAC-006,MED-001,2026-03-12,0
FAC-006,MED-002,2026-03-12,0
FAC-006,MED-003,2026-03-12,0
FAC-006,MED-004,2026-03-12,556
FAC-006,MED-005,2026-03-12,600
FAC-006,MED-006,2026-03-12,0
FAC-006,MED-007,2026-03-12,0
FAC-006,MED-008,2026-03-12,401
FAC-007,MED-001,2026-03-12,107
FAC-007,MED-002,2026-03-12,50
FAC-007,MED-003,2026-03-12,22
FAC-007,MED-004,2026-03-12,7
FAC-007,MED-005,2026-03-12,12
FAC-007,MED-006,2026-03-12,38
FAC-007,MED-007,2026-03-12,60
FAC-007,MED-008,2026-03-12,78
FAC-008,MED-001,2026-03-12,48
FAC-008,MED-002,2026-03-12,99
FAC-008,MED-003,2026-03-12,14
FAC-008,MED-004,2026-03-12,55
FAC-008,MED-005,2026-03-12,49
FAC-008,MED-006,2026-03-12,31
FAC-008,MED-007,2026-03-12,33
FAC-008,MED-008,2026-03-12,84
FAC-009,MED-001,2026-03-12,14
FAC-009,MED-002,2026-03-12,110
FAC-009,MED-003,2026-03-12,30
FAC-009,MED-004,2026-03-12,71
FAC-009,MED-005,2026-03-12,0
FAC-009,MED-006,2026-03-12,7
FAC-009,MED-007,2026-03-12,42
FAC-009,MED-008,2026-03-12,53
FAC-010,MED-001,2026-03-12,44
FAC-010,MED-002,2026-03-12,84
FAC-010,MED-003,2026-03-12,21
FAC-010,MED-004,2026-03-12,89
FAC-010,MED-005,2026-03-12,66
FAC-010,MED-006,2026-03-12,54
FAC-010,MED-007,2026-03-12,51
FAC-010,MED-008,2026-03-12,101
FAC-011,MED-001,2026-03-12,900
FAC-011,MED-002,2026-03-12,2321
FAC-011,MED-003,2026-03-12,117
FAC-011,MED-004,2026-03-12,525
FAC-011,MED-005,2026-03-12,787
FAC-011,MED-006,2026-03-12,262
FAC-011,MED-007,2026-03-12,506
FAC-011,MED-008,2026-03-12,1450
FAC-012,MED-001,2026-03-12,126
FAC-012,MED-002,2026-03-12,335
FAC-012,MED-003,2026-03-12,52
FAC-012,MED-004,2026-03-12,114
FAC-012,MED-005,2026-03-12,81
FAC-012,MED-006,2026-03-12,55
FAC-012,MED-007,2026-03-12,73
FAC-012,MED-008,2026-03-12,253
FAC-013,MED-001,2026-03-12,29
FAC-013,MED-002,2026-03-12,14
FAC-013,MED-003,2026-03-12,33
FAC-013,MED-004,2026-03-12,32
FAC-013,MED-005,2026-03-12,15
FAC-013,MED-006,2026-03-12,58
FAC-013,MED-007,2026-03-12,32
FAC-013,MED-008,2026-03-12,33
FAC-014,MED-001,2026-03-12,86
FAC-014,MED-002,2026-03-12,126
FAC-014,MED-003,2026-03-12,20
FAC-014,MED-004,2026-03-12,52
FAC-014,MED-005,2026-03-12,87
FAC-014,MED-006,2026-03-12,30
FAC-014,MED-007,2026-03-12,91
FAC-014,MED-008,2026-03-12,139
FAC-015,MED-001,2026-03-12,72
FAC-015,MED-002,2026-03-12,62
FAC-015,MED-003,2026-03-12,23
FAC-015,MED-004,2026-03-12,44
FAC-015,MED-005,2026-03-12,49
FAC-015,MED-006,2026-03-12,29
FAC-015,MED-007,2026-03-12,52
FAC-015,MED-008,2026-03-12,85
FAC-016,MED-001,2026-03-12,1386
FAC-016,MED-002,2026-03-12,2302
FAC-016,MED-003,2026-03-12,298
FAC-016,MED-004,2026-03-12,451
FAC-016,MED-005,2026-03-12,532
FAC-016,MED-006,2026-03-12,268
FAC-016,MED-007,2026-03-12,596
FAC-016,MED-008,2026-03-12,909
FAC-017,MED-001,2026-03-12,121
FAC-017,MED-002,2026-03-12,215
FAC-017,MED-003,2026-03-12,41
FAC-017,MED-004,2026-03-12,111
FAC-017,MED-005,2026-03-12,39
FAC-017,MED-006,2026-03-12,49
FAC-017,MED-007,2026-03-12,90
FAC-017,MED-008,2026-03-12,222
FAC-018,MED-001,2026-03-12,70
FAC-018,MED-002,2026-03-12,77
FAC-018,MED-003,2026-03-12,6
FAC-018,MED-004,2026-03-12,49
FAC-018,MED-005,2026-03-12,38
FAC-018,MED-006,2026-03-12,15
FAC-018,MED-007,2026-03-12,22
FAC-018,MED-008,2026-03-12,56
FAC-019,MED-001,2026-03-12,179
FAC-019,MED-002,2026-03-12,250
FAC-019,MED-003,2026-03-12,44
FAC-019,MED-004,2026-03-12,88
FAC-019,MED-005,2026-03-12,86
FAC-019,MED-006,2026-03-12,28
FAC-019,MED-007,2026-03-12,97
FAC-019,MED-008,2026-03-12,92
FAC-020,MED-001,2026-03-12,38
FAC-020,MED-002,2026-03-12,73
FAC-020,MED-003,2026-03-12,44
FAC-020,MED-004,2026-03-12,121
FAC-020,MED-005,2026-03-12,77
FAC-020,MED-006,2026-03-12,48
FAC-020,MED-007,2026-03-12,54
FAC-020,MED-008,2026-03-12,144
FAC-001,MED-001,2026-03-13,466
FAC-001,MED-002,2026-03-13,0
FAC-001,MED-003,2026-03-13,59
FAC-001,MED-004,2026-03-13,1299
FAC-001,MED-005,2026-03-13,471
FAC-001,MED-006,2026-03-13,0
FAC-001,MED-007,2026-03-13,92
FAC-001,MED-008,2026-03-13,307
FAC-002,MED-001,2026-03-13,121
FAC-002,MED-002,2026-03-13,17
FAC-002,MED-003,2026-03-13,6
FAC-002,MED-004,2026-03-13,75
FAC-002,MED-005,2026-03-13,0
FAC-002,MED-006,2026-03-13,22
FAC-002,MED-007,2026-03-13,9
FAC-002,MED-008,2026-03-13,0
FAC-003,MED-001,2026-03-13,51
FAC-003,MED-002,2026-03-13,27
FAC-003,MED-003,2026-03-13,51
FAC-003,MED-004,2026-03-13,43
FAC-003,MED-005,2026-03-13,40
FAC-003,MED-006,2026-03-13,33
FAC-003,MED-007,2026-03-13,32
FAC-003,MED-008,2026-03-13,17
FAC-004,MED-001,2026-03-13,102
FAC-004,MED-002,2026-03-13,46
FAC-004,MED-003,2026-03-13,29
FAC-004,MED-004,2026-03-13,35
FAC-004,MED-005,2026-03-13,0
FAC-004,MED-006,2026-03-13,8
FAC-004,MED-007,2026-03-13,60
FAC-004,MED-008,2026-03-13,0
FAC-005,MED-001,2026-03-13,1648
FAC-005,MED-002,2026-03-13,1810
FAC-005,MED-003,2026-03-13,162
FAC-005,MED-004,2026-03-13,1525
FAC-005,MED-005,2026-03-13,495
FAC-005,MED-006,2026-03-13,290
FAC-005,MED-007,2026-03-13,659
FAC-005,MED-008,2026-03-13,1857
FAC-006,MED-001,2026-03-13,1454
FAC-006,MED-002,2026-03-13,1851
FAC-006,MED-003,2026-03-13,0
FAC-006,MED-004,2026-03-13,433
FAC-006,MED-005,2026-03-13,533
FAC-006,MED-006,2026-03-13,0
FAC-006,MED-007,2026-03-13,0
FAC-006,MED-008,2026-03-13,273
FAC-007,MED-001,2026-03-13,95
FAC-007,MED-002,2026-03-13,30
FAC-007,MED-003,2026-03-13,20
FAC-007,MED-004,2026-03-13,0
FAC-007,MED-005,2026-03-13,5
FAC-007,MED-006,2026-03-13,32
FAC-007,MED-007,2026-03-13,51
FAC-007,MED-008,2026-03-13,70
FAC-008,MED-001,2026-03-13,37
FAC-008,MED-002,2026-03-13,92
FAC-008,MED-003,2026-03-13,52
FAC-008,MED-004,2026-03-13,50
FAC-008,MED-005,2026-03-13,45
FAC-008,MED-006,2026-03-13,30
FAC-008,MED-007,2026-03-13,31
FAC-008,MED-008,2026-03-13,80
FAC-009,MED-001,2026-03-13,0
FAC-009,MED-002,2026-03-13,103
FAC-009,MED-003,2026-03-13,26
FAC-009,MED-004,2026-03-13,63
FAC-009,MED-005,2026-03-13,0
FAC-009,MED-006,2026-03-13,0
FAC-009,MED-007,2026-03-13,39
FAC-009,MED-008,2026-03-13,46
FAC-010,MED-001,2026-03-13,39
FAC-010,MED-002,2026-03-13,70
FAC-010,MED-003,2026-03-13,16
FAC-010,MED-004,2026-03-13,82
FAC-010,MED-005,2026-03-13,66
FAC-010,MED-006,2026-03-13,51
FAC-010,MED-007,2026-03-13,44
FAC-010,MED-008,2026-03-13,92
FAC-011,MED-001,2026-03-13,775
FAC-011,MED-002,2026-03-13,2115
FAC-011,MED-003,2026-03-13,471
FAC-011,MED-004,2026-03-13,424
FAC-011,MED-005,2026-03-13,715
FAC-011,MED-006,2026-03-13,226
FAC-011,MED-007,2026-03-13,442
FAC-011,MED-008,2026-03-13,1342
FAC-012,MED-001,2026-03-13,99
FAC-012,MED-002,2026-03-13,314
FAC-012,MED-003,2026-03-13,48
FAC-012,MED-004,2026-03-13,101
FAC-012,MED-005,2026-03-13,77
FAC-012,MED-006,2026-03-13,47
FAC-012,MED-007,2026-03-13,61
FAC-012,MED-008,2026-03-13,236
FAC-013,MED-001,2026-03-13,24
FAC-013,MED-002,2026-03-13,73
FAC-013,MED-003,2026-03-13,29
FAC-013,MED-004,2026-03-13,29
FAC-013,MED-005,2026-03-13,14
FAC-013,MED-006,2026-03-13,57
FAC-013,MED-007,2026-03-13,32
FAC-013,MED-008,2026-03-13,31
FAC-014,MED-001,2026-03-13,75
FAC-014,MED-002,2026-03-13,116
FAC-014,MED-003,2026-03-13,17
FAC-014,MED-004,2026-03-13,44
FAC-014,MED-005,2026-03-13,79
FAC-014,MED-006,2026-03-13,24
FAC-014,MED-007,2026-03-13,84
FAC-014,MED-008,2026-03-13,130
FAC-015,MED-001,2026-03-13,67
FAC-015,MED-002,2026-03-13,207
FAC-015,MED-003,2026-03-13,21
FAC-015,MED-004,2026-03-13,31
FAC-015,MED-005,2026-03-13,46
FAC-015,MED-006,2026-03-13,26
FAC-015,MED-007,2026-03-13,45
FAC-015,MED-008,2026-03-13,80
FAC-016,MED-001,2026-03-13,1238
FAC-016,MED-002,2026-03-13,2124
FAC-016,MED-003,2026-03-13,263
FAC-016,MED-004,2026-03-13,1796
FAC-016,MED-005,2026-03-13,475
FAC-016,MED-006,2026-03-13,218
FAC-016,MED-007,2026-03-13,1393
FAC-016,MED-008,2026-03-13,782
FAC-017,MED-001,2026-03-13,105
FAC-017,MED-002,2026-03-13,205
FAC-017,MED-003,2026-03-13,39
FAC-017,MED-004,2026-03-13,106
FAC-017,MED-005,2026-03-13,28
FAC-017,MED-006,2026-03-13,42
FAC-017,MED-007,2026-03-13,86
FAC-017,MED-008,2026-03-13,213
FAC-018,MED-001,2026-03-13,63
FAC-018,MED-002,2026-03-13,69
FAC-018,MED-003,2026-03-13,42
FAC-018,MED-004,2026-03-13,42
FAC-018,MED-005,2026-03-13,34
FAC-018,MED-006,2026-03-13,48
FAC-018,MED-007,2026-03-13,18
FAC-018,MED-008,2026-03-13,51
FAC-019,MED-001,2026-03-13,171
FAC-019,MED-002,2026-03-13,233
FAC-019,MED-003,2026-03-13,41
FAC-019,MED-004,2026-03-13,76
FAC-019,MED-005,2026-03-13,83
FAC-019,MED-006,2026-03-13,26
FAC-019,MED-007,2026-03-13,94
FAC-019,MED-008,2026-03-13,82
FAC-020,MED-001,2026-03-13,161
FAC-020,MED-002,2026-03-13,62
FAC-020,MED-003,2026-03-13,42
FAC-020,MED-004,2026-03-13,108
FAC-020,MED-005,2026-03-13,72
FAC-020,MED-006,2026-03-13,44
FAC-020,MED-007,2026-03-13,46
FAC-020,MED-008,2026-03-13,137
FAC-001,MED-001,2026-03-14,314
FAC-001,MED-002,2026-03-14,0
FAC-001,MED-003,2026-03-14,27
FAC-001,MED-004,2026-03-14,1201
FAC-001,MED-005,2026-03-14,397
FAC-001,MED-006,2026-03-14,0
FAC-001,MED-007,2026-03-14,24
FAC-001,MED-008,2026-03-14,173
FAC-002,MED-001,2026-03-14,113
FAC-002,MED-002,2026-03-14,1
FAC-002,MED-003,2026-03-14,1
FAC-002,MED-004,2026-03-14,66
FAC-002,MED-005,2026-03-14,0
FAC-002,MED-006,2026-03-14,18
FAC-002,MED-007,2026-03-14,3
FAC-002,MED-008,2026-03-14,155
FAC-003,MED-001,2026-03-14,48
FAC-003,MED-002,2026-03-14,21
FAC-003,MED-003,2026-03-14,48
FAC-003,MED-004,2026-03-14,43
FAC-003,MED-005,2026-03-14,35
FAC-003,MED-006,2026-03-14,31
FAC-003,MED-007,2026-03-14,28
FAC-003,MED-008,2026-03-14,69
FAC-004,MED-001,2026-03-14,89
FAC-004,MED-002,2026-03-14,35
FAC-004,MED-003,2026-03-14,28
FAC-004,MED-004,2026-03-14,29
FAC-004,MED-005,2026-03-14,0
FAC-004,MED-006,2026-03-14,4
FAC-004,MED-007,2026-03-14,56
FAC-004,MED-008,2026-03-14,0
FAC-005,MED-001,2026-03-14,1540
FAC-005,MED-002,2026-03-14,1674
FAC-005,MED-003,2026-03-14,455
FAC-005,MED-004,2026-03-14,1440
FAC-005,MED-005,2026-03-14,448
FAC-005,MED-006,2026-03-14,257
FAC-005,MED-007,2026-03-14,597
FAC-005,MED-008,2026-03-14,1762
FAC-006,MED-001,2026-03-14,1322
FAC-006,MED-002,2026-03-14,1674
FAC-006,MED-003,2026-03-14,312
FAC-006,MED-004,2026-03-14,324
FAC-006,MED-005,2026-03-14,463
FAC-006,MED-006,2026-03-14,0
FAC-006,MED-007,2026-03-14,779
FAC-006,MED-008,2026-03-14,168
FAC-007,MED-001,2026-03-14,87
FAC-007,MED-002,2026-03-14,22
FAC-007,MED-003,2026-03-14,18
FAC-007,MED-004,2026-03-14,0
FAC-007,MED-005,2026-03-14,2
FAC-007,MED-006,2026-03-14,31
FAC-007,MED-007,2026-03-14,47
FAC-007,MED-008,2026-03-14,66
FAC-008,MED-001,2026-03-14,34
FAC-008,MED-002,2026-03-14,89
FAC-008,MED-003,2026-03-14,51
FAC-008,MED-004,2026-03-14,47
FAC-008,MED-005,2026-03-14,41
FAC-008,MED-006,2026-03-14,26
FAC-008,MED-007,2026-03-14,26
FAC-008,MED-008,2026-03-14,75
FAC-009,MED-001,2026-03-14,115
FAC-009,MED-002,2026-03-14,93
FAC-009,MED-003,2026-03-14,22
FAC-009,MED-004,2026-03-14,51
FAC-009,MED-005,2026-03-14,0
FAC-009,MED-006,2026-03-14,0
FAC-009,MED-007,2026-03-14,34
FAC-009,MED-008,2026-03-14,43
FAC-010,MED-001,2026-03-14,134
FAC-010,MED-002,2026-03-14,66
FAC-010,MED-003,2026-03-14,14
FAC-010,MED-004,2026-03-14,82
FAC-010,MED-005,2026-03-14,65
FAC-010,MED-006,2026-03-14,49
FAC-010,MED-007,2026-03-14,38
FAC-010,MED-008,2026-03-14,88
FAC-011,MED-001,2026-03-14,639
FAC-011,MED-002,2026-03-14,1974
FAC-011,MED-003,2026-03-14,437
FAC-011,MED-004,2026-03-14,1428
FAC-011,MED-005,2026-03-14,656
FAC-011,MED-006,2026-03-14,652
FAC-011,MED-007,2026-03-14,384
FAC-011,MED-008,2026-03-14,1234
FAC-012,MED-001,2026-03-14,78
FAC-012,MED-002,2026-03-14,299
FAC-012,MED-003,2026-03-14,44
FAC-012,MED-004,2026-03-14,93
FAC-012,MED-005,2026-03-14,75
FAC-012,MED-006,2026-03-14,43
FAC-012,MED-007,2026-03-14,57
FAC-012,MED-008,2026-03-14,221
FAC-013,MED-001,2026-03-14,73
FAC-013,MED-002,2026-03-14,68
FAC-013,MED-003,2026-03-14,29
FAC-013,MED-004,2026-03-14,25
FAC-013,MED-005,2026-03-14,43
FAC-013,MED-006,2026-03-14,55
FAC-013,MED-007,2026-03-14,30
FAC-013,MED-008,2026-03-14,28
FAC-014,MED-001,2026-03-14,66
FAC-014,MED-002,2026-03-14,108
FAC-014,MED-003,2026-03-14,15
FAC-014,MED-004,2026-03-14,155
FAC-014,MED-005,2026-03-14,77
FAC-014,MED-006,2026-03-14,22
FAC-014,MED-007,2026-03-14,82
FAC-014,MED-008,2026-03-14,126
FAC-015,MED-001,2026-03-14,60
FAC-015,MED-002,2026-03-14,202
FAC-015,MED-003,2026-03-14,19
FAC-015,MED-004,2026-03-14,115
FAC-015,MED-005,2026-03-14,41
FAC-015,MED-006,2026-03-14,25
FAC-015,MED-007,2026-03-14,43
FAC-015,MED-008,2026-03-14,73
FAC-016,MED-001,2026-03-14,1111
FAC-016,MED-002,2026-03-14,1973
FAC-016,MED-003,2026-03-14,231
FAC-016,MED-004,2026-03-14,1667
FAC-016,MED-005,2026-03-14,401
FAC-016,MED-006,2026-03-14,169
FAC-016,MED-007,2026-03-14,1311
FAC-016,MED-008,2026-03-14,671
FAC-017,MED-001,2026-03-14,101
FAC-017,MED-002,2026-03-14,190
FAC-017,MED-003,2026-03-14,37
FAC-017,MED-004,2026-03-14,96
FAC-017,MED-005,2026-03-14,102
FAC-017,MED-006,2026-03-14,38
FAC-017,MED-007,2026-03-14,76
FAC-017,MED-008,2026-03-14,203
FAC-018,MED-001,2026-03-14,59
FAC-018,MED-002,2026-03-14,58
FAC-018,MED-003,2026-03-14,41
FAC-018,MED-004,2026-03-14,38
FAC-018,MED-005,2026-03-14,34
FAC-018,MED-006,2026-03-14,46
FAC-018,MED-007,2026-03-14,17
FAC-018,MED-008,2026-03-14,49
FAC-019,MED-001,2026-03-14,161
FAC-019,MED-002,2026-03-14,223
FAC-019,MED-003,2026-03-14,40
FAC-019,MED-004,2026-03-14,69
FAC-019,MED-005,2026-03-14,78
FAC-019,MED-006,2026-03-14,24
FAC-019,MED-007,2026-03-14,91
FAC-019,MED-008,2026-03-14,74
FAC-020,MED-001,2026-03-14,158
FAC-020,MED-002,2026-03-14,213
FAC-020,MED-003,2026-03-14,40
FAC-020,MED-004,2026-03-14,100
FAC-020,MED-005,2026-03-14,69
FAC-020,MED-006,2026-03-14,42
FAC-020,MED-007,2026-03-14,40
FAC-020,MED-008,2026-03-14,131
FAC-001,MED-001,2026-03-15,170
FAC-001,MED-002,2026-03-15,0
FAC-001,MED-003,2026-03-15,0
FAC-001,MED-004,2026-03-15,1085
FAC-001,MED-005,2026-03-15,324
FAC-001,MED-006,2026-03-15,0
FAC-001,MED-007,2026-03-15,983
FAC-001,MED-008,2026-03-15,45
FAC-002,MED-001,2026-03-15,101
FAC-002,MED-002,2026-03-15,0
FAC-002,MED-003,2026-03-15,0
FAC-002,MED-004,2026-03-15,60
FAC-002,MED-005,2026-03-15,0
FAC-002,MED-006,2026-03-15,15
FAC-002,MED-007,2026-03-15,0
FAC-002,MED-008,2026-03-15,142
FAC-003,MED-001,2026-03-15,44
FAC-003,MED-002,2026-03-15,91
FAC-003,MED-003,2026-03-15,43
FAC-003,MED-004,2026-03-15,42
FAC-003,MED-005,2026-03-15,34
FAC-003,MED-006,2026-03-15,26
FAC-003,MED-007,2026-03-15,23
FAC-003,MED-008,2026-03-15,68
FAC-004,MED-001,2026-03-15,80
FAC-004,MED-002,2026-03-15,18
FAC-004,MED-003,2026-03-15,25
FAC-004,MED-004,2026-03-15,25
FAC-004,MED-005,2026-03-15,96
FAC-004,MED-006,2026-03-15,0
FAC-004,MED-007,2026-03-15,48
FAC-004,MED-008,2026-03-15,0
FAC-005,MED-001,2026-03-15,1455
FAC-005,MED-002,2026-03-15,1543
FAC-005,MED-003,2026-03-15,420
FAC-005,MED-004,2026-03-15,1362
FAC-005,MED-005,2026-03-15,393
FAC-005,MED-006,2026-03-15,220
FAC-005,MED-007,2026-03-15,526
FAC-005,MED-008,2026-03-15,1673
FAC-006,MED-001,2026-03-15,1210
FAC-006,MED-002,2026-03-15,1524
FAC-006,MED-003,2026-03-15,281
FAC-006,MED-004,2026-03-15,241
FAC-006,MED-005,2026-03-15,395
FAC-006,MED-006,2026-03-15,442
FAC-006,MED-007,2026-03-15,696
FAC-006,MED-008,2026-03-15,77
FAC-007,MED-001,2026-03-15,79
FAC-007,MED-002,2026-03-15,10
FAC-007,MED-003,2026-03-15,13
FAC-007,MED-004,2026-03-15,0
FAC-007,MED-005,2026-03-15,0
FAC-007,MED-006,2026-03-15,29
FAC-007,MED-007,2026-03-15,44
FAC-007,MED-008,2026-03-15,59
FAC-008,MED-001,2026-03-15,94
FAC-008,MED-002,2026-03-15,84
FAC-008,MED-003,2026-03-15,48
FAC-008,MED-004,2026-03-15,40
FAC-008,MED-005,2026-03-15,40
FAC-008,MED-006,2026-03-15,25
FAC-008,MED-007,2026-03-15,22
FAC-008,MED-008,2026-03-15,71
FAC-009,MED-001,2026-03-15,108
FAC-009,MED-002,2026-03-15,84
FAC-009,MED-003,2026-03-15,22
FAC-009,MED-004,2026-03-15,45
FAC-009,MED-005,2026-03-15,0
FAC-009,MED-006,2026-03-15,0
FAC-009,MED-007,2026-03-15,29
FAC-009,MED-008,2026-03-15,36
FAC-010,MED-001,2026-03-15,133
FAC-010,MED-002,2026-03-15,56
FAC-010,MED-003,2026-03-15,11
FAC-010,MED-004,2026-03-15,76
FAC-010,MED-005,2026-03-15,59
FAC-010,MED-006,2026-03-15,48
FAC-010,MED-007,2026-03-15,35
FAC-010,MED-008,2026-03-15,83
FAC-011,MED-001,2026-03-15,526
FAC-011,MED-002,2026-03-15,1817
FAC-011,MED-003,2026-03-15,406
FAC-011,MED-004,2026-03-15,1338
FAC-011,MED-005,2026-03-15,601
FAC-011,MED-006,2026-03-15,616
FAC-011,MED-007,2026-03-15,315
FAC-011,MED-008,2026-03-15,1122
FAC-012,MED-001,2026-03-15,46
FAC-012,MED-002,2026-03-15,289
FAC-012,MED-003,2026-03-15,42
FAC-012,MED-004,2026-03-15,84
FAC-012,MED-005,2026-03-15,70
FAC-012,MED-006,2026-03-15,40
FAC-012,MED-007,2026-03-15,52
FAC-012,MED-008,2026-03-15,213
FAC-013,MED-001,2026-03-15,71
FAC-013,MED-002,2026-03-15,65
FAC-013,MED-003,2026-03-15,27
FAC-013,MED-004,2026-03-15,20
FAC-013,MED-005,2026-03-15,42
FAC-013,MED-006,2026-03-15,54
FAC-013,MED-007,2026-03-15,29
FAC-013,MED-008,2026-03-15,72
FAC-014,MED-001,2026-03-15,186
FAC-014,MED-002,2026-03-15,101
FAC-014,MED-003,2026-03-15,48
FAC-014,MED-004,2026-03-15,148
FAC-014,MED-005,2026-03-15,74
FAC-014,MED-006,2026-03-15,19
FAC-014,MED-007,2026-03-15,75
FAC-014,MED-008,2026-03-15,122
FAC-015,MED-001,2026-03-15,157
FAC-015,MED-002,2026-03-15,187
FAC-015,MED-003,2026-03-15,55
FAC-015,MED-004,2026-03-15,104
FAC-015,MED-005,2026-03-15,38
FAC-015,MED-006,2026-03-15,24
FAC-015,MED-007,2026-03-15,40
FAC-015,MED-008,2026-03-15,63
FAC-016,MED-001,2026-03-15,983
FAC-016,MED-002,2026-03-15,1816
FAC-016,MED-003,2026-03-15,618
FAC-016,MED-004,2026-03-15,1551
FAC-016,MED-005,2026-03-15,1135
FAC-016,MED-006,2026-03-15,636
FAC-016,MED-007,2026-03-15,1243
FAC-016,MED-008,2026-03-15,2132
FAC-017,MED-001,2026-03-15,245
FAC-017,MED-002,2026-03-15,179
FAC-017,MED-003,2026-03-15,37
FAC-017,MED-004,2026-03-15,91
FAC-017,MED-005,2026-03-15,99
FAC-017,MED-006,2026-03-15,34
FAC-017,MED-007,2026-03-15,72
FAC-017,MED-008,2026-03-15,190
FAC-018,MED-001,2026-03-15,57
FAC-018,MED-002,2026-03-15,54
FAC-018,MED-003,2026-03-15,38
FAC-018,MED-004,2026-03-15,34
FAC-018,MED-005,2026-03-15,32
FAC-018,MED-006,2026-03-15,41
FAC-018,MED-007,2026-03-15,11
FAC-018,MED-008,2026-03-15,46
FAC-019,MED-001,2026-03-15,152
FAC-019,MED-002,2026-03-15,213
FAC-019,MED-003,2026-03-15,38
FAC-019,MED-004,2026-03-15,178
FAC-019,MED-005,2026-03-15,75
FAC-019,MED-006,2026-03-15,68
FAC-019,MED-007,2026-03-15,87
FAC-019,MED-008,2026-03-15,69
FAC-020,MED-001,2026-03-15,153
FAC-020,MED-002,2026-03-15,205
FAC-020,MED-003,2026-03-15,38
FAC-020,MED-004,2026-03-15,92
FAC-020,MED-005,2026-03-15,66
FAC-020,MED-006,2026-03-15,34
FAC-020,MED-007,2026-03-15,37
FAC-020,MED-008,2026-03-15,122
FAC-001,MED-001,2026-03-16,25
FAC-001,MED-002,2026-03-16,2162
FAC-001,MED-003,2026-03-16,0
FAC-001,MED-004,2026-03-16,987
FAC-001,MED-005,2026-03-16,251
FAC-001,MED-006,2026-03-16,528
FAC-001,MED-007,2026-03-16,921
FAC-001,MED-008,2026-03-16,0
FAC-002,MED-001,2026-03-16,91
FAC-002,MED-002,2026-03-16,0
FAC-002,MED-003,2026-03-16,0
FAC-002,MED-004,2026-03-16,51
FAC-002,MED-005,2026-03-16,0
FAC-002,MED-006,2026-03-16,10
FAC-002,MED-007,2026-03-16,0
FAC-002,MED-008,2026-03-16,132
FAC-003,MED-001,2026-03-16,40
FAC-003,MED-002,2026-03-16,86
FAC-003,MED-003,2026-03-16,41
FAC-003,MED-004,2026-03-16,36
FAC-003,MED-005,2026-03-16,33
FAC-003,MED-006,2026-03-16,25
FAC-003,MED-007,2026-03-16,18
FAC-003,MED-008,2026-03-16,68
FAC-004,MED-001,2026-03-16,68
FAC-004,MED-002,2026-03-16,0
FAC-004,MED-003,2026-03-16,21
FAC-004,MED-004,2026-03-16,8
FAC-004,MED-005,2026-03-16,81
FAC-004,MED-006,2026-03-16,0
FAC-004,MED-007,2026-03-16,41
FAC-004,MED-008,2026-03-16,0
FAC-005,MED-001,2026-03-16,1336
FAC-005,MED-002,2026-03-16,1401
FAC-005,MED-003,2026-03-16,387
FAC-005,MED-004,2026-03-16,1284
FAC-005,MED-005,2026-03-16,342
FAC-005,MED-006,2026-03-16,668
FAC-005,MED-007,2026-03-16,461
FAC-005,MED-008,2026-03-16,1571
FAC-006,MED-001,2026-03-16,1084
FAC-006,MED-002,2026-03-16,1366
FAC-006,MED-003,2026-03-16,250
FAC-006,MED-004,2026-03-16,131
FAC-006,MED-005,2026-03-16,340
FAC-006,MED-006,2026-03-16,400
FAC-006,MED-007,2026-03-16,628
FAC-006,MED-008,2026-03-16,0
FAC-007,MED-001,2026-03-16,69
FAC-007,MED-002,2026-03-16,183
FAC-007,MED-003,2026-03-16,10
FAC-007,MED-004,2026-03-16,0
FAC-007,MED-005,2026-03-16,0
FAC-007,MED-006,2026-03-16,24
FAC-007,MED-007,2026-03-16,36
FAC-007,MED-008,2026-03-16,39
FAC-008,MED-001,2026-03-16,89
FAC-008,MED-002,2026-03-16,75
FAC-008,MED-003,2026-03-16,45
FAC-008,MED-004,2026-03-16,37
FAC-008,MED-005,2026-03-16,38
FAC-008,MED-006,2026-03-16,22
FAC-008,MED-007,2026-03-16,20
FAC-008,MED-008,2026-03-16,66
FAC-009,MED-001,2026-03-16,84
FAC-009,MED-002,2026-03-16,64
FAC-009,MED-003,2026-03-16,17
FAC-009,MED-004,2026-03-16,36
FAC-009,MED-005,2026-03-16,0
FAC-009,MED-006,2026-03-16,0
FAC-009,MED-007,2026-03-16,26
FAC-009,MED-008,2026-03-16,23
FAC-010,MED-001,2026-03-16,124
FAC-010,MED-002,2026-03-16,157
FAC-010,MED-003,2026-03-16,7
FAC-010,MED-004,2026-03-16,72
FAC-010,MED-005,2026-03-16,50
FAC-010,MED-006,2026-03-16,41
FAC-010,MED-007,2026-03-16,33
FAC-010,MED-008,2026-03-16,75
FAC-011,MED-001,2026-03-16,302
FAC-011,MED-002,2026-03-16,1640
FAC-011,MED-003,2026-03-16,378
FAC-011,MED-004,2026-03-16,1223
FAC-011,MED-005,2026-03-16,537
FAC-011,MED-006,2026-03-16,579
FAC-011,MED-007,2026-03-16,1148
FAC-011,MED-008,2026-03-16,998
FAC-012,MED-001,2026-03-16,207
FAC-012,MED-002,2026-03-16,277
FAC-012,MED-003,2026-03-16,40
FAC-012,MED-004,2026-03-16,72
FAC-012,MED-005,2026-03-16,62
FAC-012,MED-006,2026-03-16,38
FAC-012,MED-007,2026-03-16,141
FAC-012,MED-008,2026-03-16,195
FAC-013,MED-001,2026-03-16,69
FAC-013,MED-002,2026-03-16,58
FAC-013,MED-003,2026-03-16,23
FAC-013,MED-004,2026-03-16,55
FAC-013,MED-005,2026-03-16,41
FAC-013,MED-006,2026-03-16,48
FAC-013,MED-007,2026-03-16,26
FAC-013,MED-008,2026-03-16,70
FAC-014,MED-001,2026-03-16,179
FAC-014,MED-002,2026-03-16,90
FAC-014,MED-003,2026-03-16,44
FAC-014,MED-004,2026-03-16,141
FAC-014,MED-005,2026-03-16,70
FAC-014,MED-006,2026-03-16,59
FAC-014,MED-007,2026-03-16,67
FAC-014,MED-008,2026-03-16,110
FAC-015,MED-001,2026-03-16,145
FAC-015,MED-002,2026-03-16,176
FAC-015,MED-003,2026-03-16,49
FAC-015,MED-004,2026-03-16,94
FAC-015,MED-005,2026-03-16,36
FAC-015,MED-006,2026-03-16,20
FAC-015,MED-007,2026-03-16,35
FAC-015,MED-008,2026-03-16,59
FAC-016,MED-001,2026-03-16,838
FAC-016,MED-002,2026-03-16,1633
FAC-016,MED-003,2026-03-16,582
FAC-016,MED-004,2026-03-16,1425
FAC-016,MED-005,2026-03-16,1075
FAC-016,MED-006,2026-03-16,591
FAC-016,MED-007,2026-03-16,1154
FAC-016,MED-008,2026-03-16,2009
FAC-017,MED-001,2026-03-16,233
FAC-017,MED-002,2026-03-16,170
FAC-017,MED-003,2026-03-16,35
FAC-017,MED-004,2026-03-16,77
FAC-017,MED-005,2026-03-16,91
FAC-017,MED-006,2026-03-16,31
FAC-017,MED-007,2026-03-16,64
FAC-017,MED-008,2026-03-16,170
FAC-018,MED-001,2026-03-16,51
FAC-018,MED-002,2026-03-16,49
FAC-018,MED-003,2026-03-16,32
FAC-018,MED-004,2026-03-16,29
FAC-018,MED-005,2026-03-16,29
FAC-018,MED-006,2026-03-16,38
FAC-018,MED-007,2026-03-16,45
FAC-018,MED-008,2026-03-16,42
FAC-019,MED-001,2026-03-16,143
FAC-019,MED-002,2026-03-16,199
FAC-019,MED-003,2026-03-16,37
FAC-019,MED-004,2026-03-16,170
FAC-019,MED-005,2026-03-16,67
FAC-019,MED-006,2026-03-16,63
FAC-019,MED-007,2026-03-16,80
FAC-019,MED-008,2026-03-16,194
FAC-020,MED-001,2026-03-16,144
FAC-020,MED-002,2026-03-16,196
FAC-020,MED-003,2026-03-16,32
FAC-020,MED-004,2026-03-16,83
FAC-020,MED-005,2026-03-16,62
FAC-020,MED-006,2026-03-16,31
FAC-020,MED-007,2026-03-16,27
FAC-020,MED-008,2026-03-16,114
FAC-001,MED-001,2026-03-17,0
FAC-001,MED-002,2026-03-17,1989
FAC-001,MED-003,2026-03-17,0
FAC-001,MED-004,2026-03-17,864
FAC-001,MED-005,2026-03-17,178
FAC-001,MED-006,2026-03-17,486
FAC-001,MED-007,2026-03-17,835
FAC-001,MED-008,2026-03-17,0
FAC-002,MED-001,2026-03-17,74
FAC-002,MED-002,2026-03-17,0
FAC-002,MED-003,2026-03-17,0
FAC-002,MED-004,2026-03-17,40
FAC-002,MED-005,2026-03-17,84
FAC-002,MED-006,2026-03-17,4
FAC-002,MED-007,2026-03-17,0
FAC-002,MED-008,2026-03-17,119
FAC-003,MED-001,2026-03-17,36
FAC-003,MED-002,2026-03-17,78
FAC-003,MED-003,2026-03-17,37
FAC-003,MED-004,2026-03-17,32
FAC-003,MED-005,2026-03-17,31
FAC-003,MED-006,2026-03-17,22
FAC-003,MED-007,2026-03-17,14
FAC-003,MED-008,2026-03-17,65
FAC-004,MED-001,2026-03-17,54
FAC-004,MED-002,2026-03-17,202
FAC-004,MED-003,2026-03-17,17
FAC-004,MED-004,2026-03-17,0
FAC-004,MED-005,2026-03-17,73
FAC-004,MED-006,2026-03-17,0
FAC-004,MED-007,2026-03-17,35
FAC-004,MED-008,2026-03-17,174
FAC-005,MED-001,2026-03-17,1225
FAC-005,MED-002,2026-03-17,1259
FAC-005,MED-003,2026-03-17,360
FAC-005,MED-004,2026-03-17,1182
FAC-005,MED-005,2026-03-17,288
FAC-005,MED-006,2026-03-17,634
FAC-005,MED-007,2026-03-17,396
FAC-005,MED-008,2026-03-17,1460
FAC-006,MED-001,2026-03-17,976
FAC-006,MED-002,2026-03-17,1190
FAC-006,MED-003,2026-03-17,223
FAC-006,MED-004,2026-03-17,10
FAC-006,MED-005,2026-03-17,277
FAC-006,MED-006,2026-03-17,360
FAC-006,MED-007,2026-03-17,545
FAC-006,MED-008,2026-03-17,0
FAC-007,MED-001,2026-03-17,56
FAC-007,MED-002,2026-03-17,167
FAC-007,MED-003,2026-03-17,7
FAC-007,MED-004,2026-03-17,113
FAC-007,MED-005,2026-03-17,0
FAC-007,MED-006,2026-03-17,22
FAC-007,MED-007,2026-03-17,31
FAC-007,MED-008,2026-03-17,28
FAC-008,MED-001,2026-03-17,78
FAC-008,MED-002,2026-03-17,69
FAC-008,MED-003,2026-03-17,44
FAC-008,MED-004,2026-03-17,33
FAC-008,MED-005,2026-03-17,37
FAC-008,MED-006,2026-03-17,21
FAC-008,MED-007,2026-03-17,13
FAC-008,MED-008,2026-03-17,63
FAC-009,MED-001,2026-03-17,81
FAC-009,MED-002,2026-03-17,51
FAC-009,MED-003,2026-03-17,16
FAC-009,MED-004,2026-03-17,28
FAC-009,MED-005,2026-03-17,48
FAC-009,MED-006,2026-03-17,39
FAC-009,MED-007,2026-03-17,20
FAC-009,MED-008,2026-03-17,13
FAC-010,MED-001,2026-03-17,119
FAC-010,MED-002,2026-03-17,147
FAC-010,MED-003,2026-03-17,37
FAC-010,MED-004,2026-03-17,66
FAC-010,MED-005,2026-03-17,48
FAC-010,MED-006,2026-03-17,34
FAC-010,MED-007,2026-03-17,26
FAC-010,MED-008,2026-03-17,67
FAC-011,MED-001,2026-03-17,1678
FAC-011,MED-002,2026-03-17,1492
FAC-011,MED-003,2026-03-17,345
FAC-011,MED-004,2026-03-17,1119
FAC-011,MED-005,2026-03-17,484
FAC-011,MED-006,2026-03-17,536
FAC-011,MED-007,2026-03-17,1056
FAC-011,MED-008,2026-03-17,864
FAC-012,MED-001,2026-03-17,182
FAC-012,MED-002,2026-03-17,253
FAC-012,MED-003,2026-03-17,36
FAC-012,MED-004,2026-03-17,60
FAC-012,MED-005,2026-03-17,54
FAC-012,MED-006,2026-03-17,33
FAC-012,MED-007,2026-03-17,130
FAC-012,MED-008,2026-03-17,186
FAC-013,MED-001,2026-03-17,64
FAC-013,MED-002,2026-03-17,47
FAC-013,MED-003,2026-03-17,17
FAC-013,MED-004,2026-03-17,53
FAC-013,MED-005,2026-03-17,37
FAC-013,MED-006,2026-03-17,44
FAC-013,MED-007,2026-03-17,25
FAC-013,MED-008,2026-03-17,67
FAC-014,MED-001,2026-03-17,172
FAC-014,MED-002,2026-03-17,256
FAC-014,MED-003,2026-03-17,42
FAC-014,MED-004,2026-03-17,130
FAC-014,MED-005,2026-03-17,67
FAC-014,MED-006,2026-03-17,56
FAC-014,MED-007,2026-03-17,63
FAC-014,MED-008,2026-03-17,104
FAC-015,MED-001,2026-03-17,138
FAC-015,MED-002,2026-03-17,165
FAC-015,MED-003,2026-03-17,46
FAC-015,MED-004,2026-03-17,81
FAC-015,MED-005,2026-03-17,28
FAC-015,MED-006,2026-03-17,47
FAC-015,MED-007,2026-03-17,32
FAC-015,MED-008,2026-03-17,52
FAC-016,MED-001,2026-03-17,713
FAC-016,MED-002,2026-03-17,1454
FAC-016,MED-003,2026-03-17,553
FAC-016,MED-004,2026-03-17,1326
FAC-016,MED-005,2026-03-17,1004
FAC-016,MED-006,2026-03-17,538
FAC-016,MED-007,2026-03-17,1056
FAC-016,MED-008,2026-03-17,1868
FAC-017,MED-001,2026-03-17,222
FAC-017,MED-002,2026-03-17,154
FAC-017,MED-003,2026-03-17,33
FAC-017,MED-004,2026-03-17,63
FAC-017,MED-005,2026-03-17,86
FAC-017,MED-006,2026-03-17,28
FAC-017,MED-007,2026-03-17,52
FAC-017,MED-008,2026-03-17,159
FAC-018,MED-001,2026-03-17,44
FAC-018,MED-002,2026-03-17,44
FAC-018,MED-003,2026-03-17,29
FAC-018,MED-004,2026-03-17,25
FAC-018,MED-005,2026-03-17,27
FAC-018,MED-006,2026-03-17,36
FAC-018,MED-007,2026-03-17,43
FAC-018,MED-008,2026-03-17,32
FAC-019,MED-001,2026-03-17,130
FAC-019,MED-002,2026-03-17,187
FAC-019,MED-003,2026-03-17,35
FAC-019,MED-004,2026-03-17,157
FAC-019,MED-005,2026-03-17,62
FAC-019,MED-006,2026-03-17,61
FAC-019,MED-007,2026-03-17,71
FAC-019,MED-008,2026-03-17,182
FAC-020,MED-001,2026-03-17,129
FAC-020,MED-002,2026-03-17,180
FAC-020,MED-003,2026-03-17,27
FAC-020,MED-004,2026-03-17,75
FAC-020,MED-005,2026-03-17,55
FAC-020,MED-006,2026-03-17,27
FAC-020,MED-007,2026-03-17,22
FAC-020,MED-008,2026-03-17,102
FAC-001,MED-001,2026-03-18,0
FAC-001,MED-002,2026-03-18,1802
FAC-001,MED-003,2026-03-18,0
FAC-001,MED-004,2026-03-18,718
FAC-001,MED-005,2026-03-18,104
FAC-001,MED-006,2026-03-18,428
FAC-001,MED-007,2026-03-18,742
FAC-001,MED-008,2026-03-18,1568
FAC-002,MED-001,2026-03-18,60
FAC-002,MED-002,2026-03-18,0
FAC-002,MED-003,2026-03-18,0
FAC-002,MED-004,2026-03-18,30
FAC-002,MED-005,2026-03-18,74
FAC-002,MED-006,2026-03-18,1
FAC-002,MED-007,2026-03-18,96
FAC-002,MED-008,2026-03-18,110
FAC-003,MED-001,2026-03-18,33
FAC-003,MED-002,2026-03-18,71
FAC-003,MED-003,2026-03-18,34
FAC-003,MED-004,2026-03-18,28
FAC-003,MED-005,2026-03-18,31
FAC-003,MED-006,2026-03-18,20
FAC-003,MED-007,2026-03-18,49
FAC-003,MED-008,2026-03-18,60
FAC-004,MED-001,2026-03-18,27
FAC-004,MED-002,2026-03-18,181
FAC-004,MED-003,2026-03-18,15
FAC-004,MED-004,2026-03-18,157
FAC-004,MED-005,2026-03-18,62
FAC-004,MED-006,2026-03-18,52
FAC-004,MED-007,2026-03-18,30
FAC-004,MED-008,2026-03-18,157
FAC-005,MED-001,2026-03-18,1085
FAC-005,MED-002,2026-03-18,1119
FAC-005,MED-003,2026-03-18,337
FAC-005,MED-004,2026-03-18,1088
FAC-005,MED-005,2026-03-18,884
FAC-005,MED-006,2026-03-18,596
FAC-005,MED-007,2026-03-18,327
FAC-005,MED-008,2026-03-18,1340
FAC-006,MED-001,2026-03-18,853
FAC-006,MED-002,2026-03-18,1019
FAC-006,MED-003,2026-03-18,202
FAC-006,MED-004,2026-03-18,0
FAC-006,MED-005,2026-03-18,219
FAC-006,MED-006,2026-03-18,305
FAC-006,MED-007,2026-03-18,476
FAC-006,MED-008,2026-03-18,0
FAC-007,MED-001,2026-03-18,43
FAC-007,MED-002,2026-03-18,159
FAC-007,MED-003,2026-03-18,2
FAC-007,MED-004,2026-03-18,107
FAC-007,MED-005,2026-03-18,0
FAC-007,MED-006,2026-03-18,17
FAC-007,MED-007,2026-03-18,29
FAC-007,MED-008,2026-03-18,21
FAC-008,MED-001,2026-03-18,75
FAC-008,MED-002,2026-03-18,59
FAC-008,MED-003,2026-03-18,43
FAC-008,MED-004,2026-03-18,27
FAC-008,MED-005,2026-03-18,33
FAC-008,MED-006,2026-03-18,20
FAC-008,MED-007,2026-03-18,52
FAC-008,MED-008,2026-03-18,57
FAC-009,MED-001,2026-03-18,72
FAC-009,MED-002,2026-03-18,33
FAC-009,MED-003,2026-03-18,15
FAC-009,MED-004,2026-03-18,25
FAC-009,MED-005,2026-03-18,44
FAC-009,MED-006,2026-03-18,39
FAC-009,MED-007,2026-03-18,15
FAC-009,MED-008,2026-03-18,114
FAC-010,MED-001,2026-03-18,107
FAC-010,MED-002,2026-03-18,142
FAC-010,MED-003,2026-03-18,37
FAC-010,MED-004,2026-03-18,61
FAC-010,MED-005,2026-03-18,44
FAC-010,MED-006,2026-03-18,30
FAC-010,MED-007,2026-03-18,78
FAC-010,MED-008,2026-03-18,60
FAC-011,MED-001,2026-03-18,1551
FAC-011,MED-002,2026-03-18,1333
FAC-011,MED-003,2026-03-18,317
FAC-011,MED-004,2026-03-18,1023
FAC-011,MED-005,2026-03-18,428
FAC-011,MED-006,2026-03-18,489
FAC-011,MED-007,2026-03-18,996
FAC-011,MED-008,2026-03-18,748
FAC-012,MED-001,2026-03-18,152
FAC-012,MED-002,2026-03-18,229
FAC-012,MED-003,2026-03-18,32
FAC-012,MED-004,2026-03-18,200
FAC-012,MED-005,2026-03-18,135
FAC-012,MED-006,2026-03-18,87
FAC-012,MED-007,2026-03-18,121
FAC-012,MED-008,2026-03-18,172
FAC-013,MED-001,2026-03-18,63
FAC-013,MED-002,2026-03-18,41
FAC-013,MED-003,2026-03-18,14
FAC-013,MED-004,2026-03-18,50
FAC-013,MED-005,2026-03-18,37
FAC-013,MED-006,2026-03-18,44
FAC-013,MED-007,2026-03-18,24
FAC-013,MED-008,2026-03-18,60
FAC-014,MED-001,2026-03-18,161
FAC-014,MED-002,2026-03-18,244
FAC-014,MED-003,2026-03-18,42
FAC-014,MED-004,2026-03-18,120
FAC-014,MED-005,2026-03-18,62
FAC-014,MED-006,2026-03-18,52
FAC-014,MED-007,2026-03-18,58
FAC-014,MED-008,2026-03-18,87
FAC-015,MED-001,2026-03-18,130
FAC-015,MED-002,2026-03-18,154
FAC-015,MED-003,2026-03-18,43
FAC-015,MED-004,2026-03-18,76
FAC-015,MED-005,2026-03-18,24
FAC-015,MED-006,2026-03-18,41
FAC-015,MED-007,2026-03-18,88
FAC-015,MED-008,2026-03-18,48
FAC-016,MED-001,2026-03-18,2276
FAC-016,MED-002,2026-03-18,1279
FAC-016,MED-003,2026-03-18,513
FAC-016,MED-004,2026-03-18,1206
FAC-016,MED-005,2026-03-18,932
FAC-016,MED-006,2026-03-18,485
FAC-016,MED-007,2026-03-18,983
FAC-016,MED-008,2026-03-18,1721
FAC-017,MED-001,2026-03-18,200
FAC-017,MED-002,2026-03-18,136
FAC-017,MED-003,2026-03-18,30
FAC-017,MED-004,2026-03-18,185
FAC-017,MED-005,2026-03-18,81
FAC-017,MED-006,2026-03-18,17
FAC-017,MED-007,2026-03-18,41
FAC-017,MED-008,2026-03-18,148
FAC-018,MED-001,2026-03-18,37
FAC-018,MED-002,2026-03-18,38
FAC-018,MED-003,2026-03-18,25
FAC-018,MED-004,2026-03-18,23
FAC-018,MED-005,2026-03-18,24
FAC-018,MED-006,2026-03-18,33
FAC-018,MED-007,2026-03-18,43
FAC-018,MED-008,2026-03-18,91
FAC-019,MED-001,2026-03-18,118
FAC-019,MED-002,2026-03-18,177
FAC-019,MED-003,2026-03-18,30
FAC-019,MED-004,2026-03-18,146
FAC-019,MED-005,2026-03-18,51
FAC-019,MED-006,2026-03-18,57
FAC-019,MED-007,2026-03-18,66
FAC-019,MED-008,2026-03-18,168
FAC-020,MED-001,2026-03-18,120
FAC-020,MED-002,2026-03-18,169
FAC-020,MED-003,2026-03-18,21
FAC-020,MED-004,2026-03-18,61
FAC-020,MED-005,2026-03-18,48
FAC-020,MED-006,2026-03-18,22
FAC-020,MED-007,2026-03-18,91
FAC-020,MED-008,2026-03-18,91
FAC-001,MED-001,2026-03-19,1712
FAC-001,MED-002,2026-03-19,1621
FAC-001,MED-003,2026-03-19,377
FAC-001,MED-004,2026-03-19,580
FAC-001,MED-005,2026-03-19,31
FAC-001,MED-006,2026-03-19,374
FAC-001,MED-007,2026-03-19,642
FAC-001,MED-008,2026-03-19,1426
FAC-002,MED-001,2026-03-19,43
FAC-002,MED-002,2026-03-19,183
FAC-002,MED-003,2026-03-19,0
FAC-002,MED-004,2026-03-19,13
FAC-002,MED-005,2026-03-19,65
FAC-002,MED-006,2026-03-19,0
FAC-002,MED-007,2026-03-19,82
FAC-002,MED-008,2026-03-19,100
FAC-003,MED-001,2026-03-19,26
FAC-003,MED-002,2026-03-19,68
FAC-003,MED-003,2026-03-19,31
FAC-003,MED-004,2026-03-19,24
FAC-003,MED-005,2026-03-19,31
FAC-003,MED-006,2026-03-19,53
FAC-003,MED-007,2026-03-19,48
FAC-003,MED-008,2026-03-19,58
FAC-004,MED-001,2026-03-19,14
FAC-004,MED-002,2026-03-19,158
FAC-004,MED-003,2026-03-19,10
FAC-004,MED-004,2026-03-19,147
FAC-004,MED-005,2026-03-19,54
FAC-004,MED-006,2026-03-19,48
FAC-004,MED-007,2026-03-19,20
FAC-004,MED-008,2026-03-19,142
FAC-005,MED-001,2026-03-19,972
FAC-005,MED-002,2026-03-19,960
FAC-005,MED-003,2026-03-19,300
FAC-005,MED-004,2026-03-19,1006
FAC-005,MED-005,2026-03-19,835
FAC-005,MED-006,2026-03-19,559
FAC-005,MED-007,2026-03-19,1031
FAC-005,MED-008,2026-03-19,1192
FAC-006,MED-001,2026-03-19,723
FAC-006,MED-002,2026-03-19,858
FAC-006,MED-003,2026-03-19,169
FAC-006,MED-004,2026-03-19,0
FAC-006,MED-005,2026-03-19,164
FAC-006,MED-006,2026-03-19,248
FAC-006,MED-007,2026-03-19,406
FAC-006,MED-008,2026-03-19,0
FAC-007,MED-001,2026-03-19,33
FAC-007,MED-002,2026-03-19,147
FAC-007,MED-003,2026-03-19,0
FAC-007,MED-004,2026-03-19,98
FAC-007,MED-005,2026-03-19,72
FAC-007,MED-006,2026-03-19,16
FAC-007,MED-007,2026-03-19,22
FAC-007,MED-008,2026-03-19,12
FAC-008,MED-001,2026-03-19,69
FAC-008,MED-002,2026-03-19,54
FAC-008,MED-003,2026-03-19,41
FAC-008,MED-004,2026-03-19,26
FAC-008,MED-005,2026-03-19,31
FAC-008,MED-006,2026-03-19,17
FAC-008,MED-007,2026-03-19,47
FAC-008,MED-008,2026-03-19,56
FAC-009,MED-001,2026-03-19,69
FAC-009,MED-002,2026-03-19,24
FAC-009,MED-003,2026-03-19,11
FAC-009,MED-004,2026-03-19,17
FAC-009,MED-005,2026-03-19,39
FAC-009,MED-006,2026-03-19,38
FAC-009,MED-007,2026-03-19,87
FAC-009,MED-008,2026-03-19,104
FAC-010,MED-001,2026-03-19,98
FAC-010,MED-002,2026-03-19,132
FAC-010,MED-003,2026-03-19,36
FAC-010,MED-004,2026-03-19,53
FAC-010,MED-005,2026-03-19,41
FAC-010,MED-006,2026-03-19,28
FAC-010,MED-007,2026-03-19,76
FAC-010,MED-008,2026-03-19,57
FAC-011,MED-001,2026-03-19,1432
FAC-011,MED-002,2026-03-19,1179
FAC-011,MED-003,2026-03-19,287
FAC-011,MED-004,2026-03-19,902
FAC-011,MED-005,2026-03-19,364
FAC-011,MED-006,2026-03-19,453
FAC-011,MED-007,2026-03-19,934
FAC-011,MED-008,2026-03-19,650
FAC-012,MED-001,2026-03-19,125
FAC-012,MED-002,2026-03-19,197
FAC-012,MED-003,2026-03-19,25
FAC-012,MED-004,2026-03-19,187
FAC-012,MED-005,2026-03-19,128
FAC-012,MED-006,2026-03-19,83
FAC-012,MED-007,2026-03-19,113
FAC-012,MED-008,2026-03-19,162
FAC-013,MED-001,2026-03-19,59
FAC-013,MED-002,2026-03-19,35
FAC-013,MED-003,2026-03-19,13
FAC-013,MED-004,2026-03-19,44
FAC-013,MED-005,2026-03-19,35
FAC-013,MED-006,2026-03-19,42
FAC-013,MED-007,2026-03-19,60
FAC-013,MED-008,2026-03-19,54
FAC-014,MED-001,2026-03-19,153
FAC-014,MED-002,2026-03-19,235
FAC-014,MED-003,2026-03-19,39
FAC-014,MED-004,2026-03-19,114
FAC-014,MED-005,2026-03-19,56
FAC-014,MED-006,2026-03-19,49
FAC-014,MED-007,2026-03-19,49
FAC-014,MED-008,2026-03-19,76
FAC-015,MED-001,2026-03-19,120
FAC-015,MED-002,2026-03-19,144
FAC-015,MED-003,2026-03-19,38
FAC-015,MED-004,2026-03-19,68
FAC-015,MED-005,2026-03-19,74
FAC-015,MED-006,2026-03-19,38
FAC-015,MED-007,2026-03-19,83
FAC-015,MED-008,2026-03-19,131
FAC-016,MED-001,2026-03-19,2142
FAC-016,MED-002,2026-03-19,1105
FAC-016,MED-003,2026-03-19,482
FAC-016,MED-004,2026-03-19,1107
FAC-016,MED-005,2026-03-19,857
FAC-016,MED-006,2026-03-19,435
FAC-016,MED-007,2026-03-19,904
FAC-016,MED-008,2026-03-19,1603
FAC-017,MED-001,2026-03-19,184
FAC-017,MED-002,2026-03-19,118
FAC-017,MED-003,2026-03-19,27
FAC-017,MED-004,2026-03-19,175
FAC-017,MED-005,2026-03-19,72
FAC-017,MED-006,2026-03-19,10
FAC-017,MED-007,2026-03-19,128
FAC-017,MED-008,2026-03-19,136
FAC-018,MED-001,2026-03-19,35
FAC-018,MED-002,2026-03-19,115
FAC-018,MED-003,2026-03-19,24
FAC-018,MED-004,2026-03-19,69
FAC-018,MED-005,2026-03-19,22
FAC-018,MED-006,2026-03-19,32
FAC-018,MED-007,2026-03-19,41
FAC-018,MED-008,2026-03-19,88
FAC-019,MED-001,2026-03-19,103
FAC-019,MED-002,2026-03-19,162
FAC-019,MED-003,2026-03-19,28
FAC-019,MED-004,2026-03-19,137
FAC-019,MED-005,2026-03-19,42
FAC-019,MED-006,2026-03-19,52
FAC-019,MED-007,2026-03-19,58
FAC-019,MED-008,2026-03-19,159
FAC-020,MED-001,2026-03-19,113
FAC-020,MED-002,2026-03-19,155
FAC-020,MED-003,2026-03-19,18
FAC-020,MED-004,2026-03-19,54
FAC-020,MED-005,2026-03-19,39
FAC-020,MED-006,2026-03-19,62
FAC-020,MED-007,2026-03-19,84
FAC-020,MED-008,2026-03-19,77
FAC-001,MED-001,2026-03-20,1550
FAC-001,MED-002,2026-03-20,1450
FAC-001,MED-003,2026-03-20,351
FAC-001,MED-004,2026-03-20,441
FAC-001,MED-005,2026-03-20,816
FAC-001,MED-006,2026-03-20,318
FAC-001,MED-007,2026-03-20,542
FAC-001,MED-008,2026-03-20,1279
FAC-002,MED-001,2026-03-20,27
FAC-002,MED-002,2026-03-20,165
FAC-002,MED-003,2026-03-20,0
FAC-002,MED-004,2026-03-20,152
FAC-002,MED-005,2026-03-20,61
FAC-002,MED-006,2026-03-20,0
FAC-002,MED-007,2026-03-20,76
FAC-002,MED-008,2026-03-20,85
FAC-003,MED-001,2026-03-20,74
FAC-003,MED-002,2026-03-20,58
FAC-003,MED-003,2026-03-20,26
FAC-003,MED-004,2026-03-20,19
FAC-003,MED-005,2026-03-20,30
FAC-003,MED-006,2026-03-20,48
FAC-003,MED-007,2026-03-20,45
FAC-003,MED-008,2026-03-20,54
FAC-004,MED-001,2026-03-20,2
FAC-004,MED-002,2026-03-20,131
FAC-004,MED-003,2026-03-20,5
FAC-004,MED-004,2026-03-20,134
FAC-004,MED-005,2026-03-20,43
FAC-004,MED-006,2026-03-20,42
FAC-004,MED-007,2026-03-20,10
FAC-004,MED-008,2026-03-20,123
FAC-005,MED-001,2026-03-20,855
FAC-005,MED-002,2026-03-20,820
FAC-005,MED-003,2026-03-20,278
FAC-005,MED-004,2026-03-20,924
FAC-005,MED-005,2026-03-20,786
FAC-005,MED-006,2026-03-20,534
FAC-005,MED-007,2026-03-20,971
FAC-005,MED-008,2026-03-20,1084
FAC-006,MED-001,2026-03-20,583
FAC-006,MED-002,2026-03-20,702
FAC-006,MED-003,2026-03-20,131
FAC-006,MED-004,2026-03-20,1268
FAC-006,MED-005,2026-03-20,105
FAC-006,MED-006,2026-03-20,210
FAC-006,MED-007,2026-03-20,334
FAC-006,MED-008,2026-03-20,1174
FAC-007,MED-001,2026-03-20,20
FAC-007,MED-002,2026-03-20,132
FAC-007,MED-003,2026-03-20,0
FAC-007,MED-004,2026-03-20,91
FAC-007,MED-005,2026-03-20,65
FAC-007,MED-006,2026-03-20,10
FAC-007,MED-007,2026-03-20,15
FAC-007,MED-008,2026-03-20,0
FAC-008,MED-001,2026-03-20,64
FAC-008,MED-002,2026-03-20,44
FAC-008,MED-003,2026-03-20,38
FAC-008,MED-004,2026-03-20,82
FAC-008,MED-005,2026-03-20,28
FAC-008,MED-006,2026-03-20,45
FAC-008,MED-007,2026-03-20,39
FAC-008,MED-008,2026-03-20,52
FAC-009,MED-001,2026-03-20,66
FAC-009,MED-002,2026-03-20,10
FAC-009,MED-003,2026-03-20,9
FAC-009,MED-004,2026-03-20,10
FAC-009,MED-005,2026-03-20,33
FAC-009,MED-006,2026-03-20,35
FAC-009,MED-007,2026-03-20,85
FAC-009,MED-008,2026-03-20,90
FAC-010,MED-001,2026-03-20,90
FAC-010,MED-002,2026-03-20,120
FAC-010,MED-003,2026-03-20,35
FAC-010,MED-004,2026-03-20,46
FAC-010,MED-005,2026-03-20,37
FAC-010,MED-006,2026-03-20,25
FAC-010,MED-007,2026-03-20,70
FAC-010,MED-008,2026-03-20,47
FAC-011,MED-001,2026-03-20,1310
FAC-011,MED-002,2026-03-20,1032
FAC-011,MED-003,2026-03-20,259
FAC-011,MED-004,2026-03-20,818
FAC-011,MED-005,2026-03-20,296
FAC-011,MED-006,2026-03-20,412
FAC-011,MED-007,2026-03-20,876
FAC-011,MED-008,2026-03-20,520
FAC-012,MED-001,2026-03-20,102
FAC-012,MED-002,2026-03-20,179
FAC-012,MED-003,2026-03-20,64
FAC-012,MED-004,2026-03-20,177
FAC-012,MED-005,2026-03-20,123
FAC-012,MED-006,2026-03-20,79
FAC-012,MED-007,2026-03-20,100
FAC-012,MED-008,2026-03-20,151
FAC-013,MED-001,2026-03-20,54
FAC-013,MED-002,2026-03-20,33
FAC-013,MED-003,2026-03-20,45
FAC-013,MED-004,2026-03-20,37
FAC-013,MED-005,2026-03-20,29
FAC-013,MED-006,2026-03-20,41
FAC-013,MED-007,2026-03-20,59
FAC-013,MED-008,2026-03-20,48
FAC-014,MED-001,2026-03-20,143
FAC-014,MED-002,2026-03-20,217
FAC-014,MED-003,2026-03-20,32
FAC-014,MED-004,2026-03-20,102
FAC-014,MED-005,2026-03-20,52
FAC-014,MED-006,2026-03-20,45
FAC-014,MED-007,2026-03-20,44
FAC-014,MED-008,2026-03-20,182
FAC-015,MED-001,2026-03-20,109
FAC-015,MED-002,2026-03-20,131
FAC-015,MED-003,2026-03-20,36
FAC-015,MED-004,2026-03-20,64
FAC-015,MED-005,2026-03-20,70
FAC-015,MED-006,2026-03-20,36
FAC-015,MED-007,2026-03-20,75
FAC-015,MED-008,2026-03-20,123
FAC-016,MED-001,2026-03-20,2009
FAC-016,MED-002,2026-03-20,921
FAC-016,MED-003,2026-03-20,450
FAC-016,MED-004,2026-03-20,987
FAC-016,MED-005,2026-03-20,792
FAC-016,MED-006,2026-03-20,393
FAC-016,MED-007,2026-03-20,827
FAC-016,MED-008,2026-03-20,1475
FAC-017,MED-001,2026-03-20,171
FAC-017,MED-002,2026-03-20,99
FAC-017,MED-003,2026-03-20,26
FAC-017,MED-004,2026-03-20,166
FAC-017,MED-005,2026-03-20,66
FAC-017,MED-006,2026-03-20,57
FAC-017,MED-007,2026-03-20,120
FAC-017,MED-008,2026-03-20,120
FAC-018,MED-001,2026-03-20,31
FAC-018,MED-002,2026-03-20,105
FAC-018,MED-003,2026-03-20,21
FAC-018,MED-004,2026-03-20,61
FAC-018,MED-005,2026-03-20,18
FAC-018,MED-006,2026-03-20,30
FAC-018,MED-007,2026-03-20,38
FAC-018,MED-008,2026-03-20,86
FAC-019,MED-001,2026-03-20,94
FAC-019,MED-002,2026-03-20,145
FAC-019,MED-003,2026-03-20,27
FAC-019,MED-004,2026-03-20,122
FAC-019,MED-005,2026-03-20,36
FAC-019,MED-006,2026-03-20,45
FAC-019,MED-007,2026-03-20,55
FAC-019,MED-008,2026-03-20,145
FAC-020,MED-001,2026-03-20,105
FAC-020,MED-002,2026-03-20,140
FAC-020,MED-003,2026-03-20,13
FAC-020,MED-004,2026-03-20,46
FAC-020,MED-005,2026-03-20,39
FAC-020,MED-006,2026-03-20,60
FAC-020,MED-007,2026-03-20,74
FAC-020,MED-008,2026-03-20,71
FAC-001,MED-001,2026-03-21,1390
FAC-001,MED-002,2026-03-21,1284
FAC-001,MED-003,2026-03-21,310
FAC-001,MED-004,2026-03-21,304
FAC-001,MED-005,2026-03-21,741
FAC-001,MED-006,2026-03-21,275
FAC-001,MED-007,2026-03-21,441
FAC-001,MED-008,2026-03-21,1161
FAC-002,MED-001,2026-03-21,21
FAC-002,MED-002,2026-03-21,158
FAC-002,MED-003,2026-03-21,43
FAC-002,MED-004,2026-03-21,142
FAC-002,MED-005,2026-03-21,57
FAC-002,MED-006,2026-03-21,58
FAC-002,MED-007,2026-03-21,71
FAC-002,MED-008,2026-03-21,76
FAC-003,MED-001,2026-03-21,70
FAC-003,MED-002,2026-03-21,54
FAC-003,MED-003,2026-03-21,24
FAC-003,MED-004,2026-03-21,67
FAC-003,MED-005,2026-03-21,27
FAC-003,MED-006,2026-03-21,44
FAC-003,MED-007,2026-03-21,44
FAC-003,MED-008,2026-03-21,53
FAC-004,MED-001,2026-03-21,0
FAC-004,MED-002,2026-03-21,120
FAC-004,MED-003,2026-03-21,3
FAC-004,MED-004,2026-03-21,124
FAC-004,MED-005,2026-03-21,41
FAC-004,MED-006,2026-03-21,41
FAC-004,MED-007,2026-03-21,6
FAC-004,MED-008,2026-03-21,107
FAC-005,MED-001,2026-03-21,735
FAC-005,MED-002,2026-03-21,694
FAC-005,MED-003,2026-03-21,258
FAC-005,MED-004,2026-03-21,831
FAC-005,MED-005,2026-03-21,730
FAC-005,MED-006,2026-03-21,508
FAC-005,MED-007,2026-03-21,914
FAC-005,MED-008,2026-03-21,969
FAC-006,MED-001,2026-03-21,471
FAC-006,MED-002,2026-03-21,561
FAC-006,MED-003,2026-03-21,105
FAC-006,MED-004,2026-03-21,1158
FAC-006,MED-005,2026-03-21,51
FAC-006,MED-006,2026-03-21,166
FAC-006,MED-007,2026-03-21,264
FAC-006,MED-008,2026-03-21,1051
FAC-007,MED-001,2026-03-21,6
FAC-007,MED-002,2026-03-21,123
FAC-007,MED-003,2026-03-21,40
FAC-007,MED-004,2026-03-21,84
FAC-007,MED-005,2026-03-21,61
FAC-007,MED-006,2026-03-21,7
FAC-007,MED-007,2026-03-21,8
FAC-007,MED-008,2026-03-21,0
FAC-008,MED-001,2026-03-21,57
FAC-008,MED-002,2026-03-21,35
FAC-008,MED-003,2026-03-21,31
FAC-008,MED-004,2026-03-21,77
FAC-008,MED-005,2026-03-21,27
FAC-008,MED-006,2026-03-21,44
FAC-008,MED-007,2026-03-21,34
FAC-008,MED-008,2026-03-21,48
FAC-009,MED-001,2026-03-21,61
FAC-009,MED-002,2026-03-21,0
FAC-009,MED-003,2026-03-21,9
FAC-009,MED-004,2026-03-21,4
FAC-009,MED-005,2026-03-21,31
FAC-009,MED-006,2026-03-21,29
FAC-009,MED-007,2026-03-21,83
FAC-009,MED-008,2026-03-21,81
FAC-010,MED-001,2026-03-21,85
FAC-010,MED-002,2026-03-21,113
FAC-010,MED-003,2026-03-21,34
FAC-010,MED-004,2026-03-21,43
FAC-010,MED-005,2026-03-21,34
FAC-010,MED-006,2026-03-21,24
FAC-010,MED-007,2026-03-21,65
FAC-010,MED-008,2026-03-21,123
FAC-011,MED-001,2026-03-21,1181
FAC-011,MED-002,2026-03-21,892
FAC-011,MED-003,2026-03-21,229
FAC-011,MED-004,2026-03-21,734
FAC-011,MED-005,2026-03-21,239
FAC-011,MED-006,2026-03-21,367
FAC-011,MED-007,2026-03-21,805
FAC-011,MED-008,2026-03-21,391
FAC-012,MED-001,2026-03-21,89
FAC-012,MED-002,2026-03-21,168
FAC-012,MED-003,2026-03-21,57
FAC-012,MED-004,2026-03-21,165
FAC-012,MED-005,2026-03-21,113
FAC-012,MED-006,2026-03-21,78
FAC-012,MED-007,2026-03-21,95
FAC-012,MED-008,2026-03-21,139
FAC-013,MED-001,2026-03-21,50
FAC-013,MED-002,2026-03-21,100
FAC-013,MED-003,2026-03-21,45
FAC-013,MED-004,2026-03-21,35
FAC-013,MED-005,2026-03-21,26
FAC-013,MED-006,2026-03-21,40
FAC-013,MED-007,2026-03-21,57
FAC-013,MED-008,2026-03-21,44
FAC-014,MED-001,2026-03-21,133
FAC-014,MED-002,2026-03-21,202
FAC-014,MED-003,2026-03-21,31
FAC-014,MED-004,2026-03-21,93
FAC-014,MED-005,2026-03-21,49
FAC-014,MED-006,2026-03-21,44
FAC-014,MED-007,2026-03-21,37
FAC-014,MED-008,2026-03-21,177
FAC-015,MED-001,2026-03-21,105
FAC-015,MED-002,2026-03-21,124
FAC-015,MED-003,2026-03-21,33
FAC-015,MED-004,2026-03-21,60
FAC-015,MED-005,2026-03-21,68
FAC-015,MED-006,2026-03-21,35
FAC-015,MED-007,2026-03-21,72
FAC-015,MED-008,2026-03-21,117
FAC-016,MED-001,2026-03-21,1873
FAC-016,MED-002,2026-03-21,2920
FAC-016,MED-003,2026-03-21,419
FAC-016,MED-004,2026-03-21,875
FAC-016,MED-005,2026-03-21,722
FAC-016,MED-006,2026-03-21,335
FAC-016,MED-007,2026-03-21,746
FAC-016,MED-008,2026-03-21,1351
FAC-017,MED-001,2026-03-21,163
FAC-017,MED-002,2026-03-21,84
FAC-017,MED-003,2026-03-21,24
FAC-017,MED-004,2026-03-21,162
FAC-017,MED-005,2026-03-21,64
FAC-017,MED-006,2026-03-21,50
FAC-017,MED-007,2026-03-21,114
FAC-017,MED-008,2026-03-21,114
FAC-018,MED-001,2026-03-21,26
FAC-018,MED-002,2026-03-21,97
FAC-018,MED-003,2026-03-21,19
FAC-018,MED-004,2026-03-21,61
FAC-018,MED-005,2026-03-21,50
FAC-018,MED-006,2026-03-21,27
FAC-018,MED-007,2026-03-21,37
FAC-018,MED-008,2026-03-21,79
FAC-019,MED-001,2026-03-21,90
FAC-019,MED-002,2026-03-21,137
FAC-019,MED-003,2026-03-21,22
FAC-019,MED-004,2026-03-21,110
FAC-019,MED-005,2026-03-21,98
FAC-019,MED-006,2026-03-21,42
FAC-019,MED-007,2026-03-21,48
FAC-019,MED-008,2026-03-21,135
FAC-020,MED-001,2026-03-21,99
FAC-020,MED-002,2026-03-21,129
FAC-020,MED-003,2026-03-21,44
FAC-020,MED-004,2026-03-21,41
FAC-020,MED-005,2026-03-21,35
FAC-020,MED-006,2026-03-21,58
FAC-020,MED-007,2026-03-21,64
FAC-020,MED-008,2026-03-21,67
FAC-001,MED-001,2026-03-22,1254
FAC-001,MED-002,2026-03-22,1099
FAC-001,MED-003,2026-03-22,288
FAC-001,MED-004,2026-03-22,178
FAC-001,MED-005,2026-03-22,674
FAC-001,MED-006,2026-03-22,226
FAC-001,MED-007,2026-03-22,374
FAC-001,MED-008,2026-03-22,1046
FAC-002,MED-001,2026-03-22,14
FAC-002,MED-002,2026-03-22,144
FAC-002,MED-003,2026-03-22,42
FAC-002,MED-004,2026-03-22,130
FAC-002,MED-005,2026-03-22,51
FAC-002,MED-006,2026-03-22,56
FAC-002,MED-007,2026-03-22,63
FAC-002,MED-008,2026-03-22,67
FAC-003,MED-001,2026-03-22,68
FAC-003,MED-002,2026-03-22,47
FAC-003,MED-003,2026-03-22,55
FAC-003,MED-004,2026-03-22,63
FAC-003,MED-005,2026-03-22,25
FAC-003,MED-006,2026-03-22,42
FAC-003,MED-007,2026-03-22,42
FAC-003,MED-008,2026-03-22,50
FAC-004,MED-001,2026-03-22,0
FAC-004,MED-002,2026-03-22,109
FAC-004,MED-003,2026-03-22,2
FAC-004,MED-004,2026-03-22,115
FAC-004,MED-005,2026-03-22,34
FAC-004,MED-006,2026-03-22,40
FAC-004,MED-007,2026-03-22,0
FAC-004,MED-008,2026-03-22,100
FAC-005,MED-001,2026-03-22,617
FAC-005,MED-002,2026-03-22,2261
FAC-005,MED-003,2026-03-22,233
FAC-005,MED-004,2026-03-22,770
FAC-005,MED-005,2026-03-22,669
FAC-005,MED-006,2026-03-22,479
FAC-005,MED-007,2026-03-22,869
FAC-005,MED-008,2026-03-22,871
FAC-006,MED-001,2026-03-22,353
FAC-006,MED-002,2026-03-22,375
FAC-006,MED-003,2026-03-22,66
FAC-006,MED-004,2026-03-22,1047
FAC-006,MED-005,2026-03-22,2
FAC-006,MED-006,2026-03-22,131
FAC-006,MED-007,2026-03-22,201
FAC-006,MED-008,2026-03-22,950
FAC-007,MED-001,2026-03-22,0
FAC-007,MED-002,2026-03-22,106
FAC-007,MED-003,2026-03-22,35
FAC-007,MED-004,2026-03-22,79
FAC-007,MED-005,2026-03-22,58
FAC-007,MED-006,2026-03-22,3
FAC-007,MED-007,2026-03-22,6
FAC-007,MED-008,2026-03-22,0
FAC-008,MED-001,2026-03-22,51
FAC-008,MED-002,2026-03-22,125
FAC-008,MED-003,2026-03-22,28
FAC-008,MED-004,2026-03-22,71
FAC-008,MED-005,2026-03-22,27
FAC-008,MED-006,2026-03-22,44
FAC-008,MED-007,2026-03-22,32
FAC-008,MED-008,2026-03-22,43
FAC-009,MED-001,2026-03-22,58
FAC-009,MED-002,2026-03-22,0
FAC-009,MED-003,2026-03-22,7
FAC-009,MED-004,2026-03-22,2
FAC-009,MED-005,2026-03-22,29
FAC-009,MED-006,2026-03-22,25
FAC-009,MED-007,2026-03-22,80
FAC-009,MED-008,2026-03-22,75
FAC-010,MED-001,2026-03-22,80
FAC-010,MED-002,2026-03-22,109
FAC-010,MED-003,2026-03-22,30
FAC-010,MED-004,2026-03-22,40
FAC-010,MED-005,2026-03-22,31
FAC-010,MED-006,2026-03-22,24
FAC-010,MED-007,2026-03-22,61
FAC-010,MED-008,2026-03-22,115
FAC-011,MED-001,2026-03-22,1048
FAC-011,MED-002,2026-03-22,735
FAC-011,MED-003,2026-03-22,195
FAC-011,MED-004,2026-03-22,631
FAC-011,MED-005,2026-03-22,182
FAC-011,MED-006,2026-03-22,325
FAC-011,MED-007,2026-03-22,739
FAC-011,MED-008,2026-03-22,293
FAC-012,MED-001,2026-03-22,72
FAC-012,MED-002,2026-03-22,159
FAC-012,MED-003,2026-03-22,53
FAC-012,MED-004,2026-03-22,154
FAC-012,MED-005,2026-03-22,111
FAC-012,MED-006,2026-03-22,74
FAC-012,MED-007,2026-03-22,94
FAC-012,MED-008,2026-03-22,127
FAC-013,MED-001,2026-03-22,45
FAC-013,MED-002,2026-03-22,100
FAC-013,MED-003,2026-03-22,44
FAC-013,MED-004,2026-03-22,33
FAC-013,MED-005,2026-03-22,25
FAC-013,MED-006,2026-03-22,37
FAC-013,MED-007,2026-03-22,55
FAC-013,MED-008,2026-03-22,42
FAC-014,MED-001,2026-03-22,128
FAC-014,MED-002,2026-03-22,192
FAC-014,MED-003,2026-03-22,28
FAC-014,MED-004,2026-03-22,86
FAC-014,MED-005,2026-03-22,46
FAC-014,MED-006,2026-03-22,43
FAC-014,MED-007,2026-03-22,103
FAC-014,MED-008,2026-03-22,167
FAC-015,MED-001,2026-03-22,100
FAC-015,MED-002,2026-03-22,116
FAC-015,MED-003,2026-03-22,31
FAC-015,MED-004,2026-03-22,58
FAC-015,MED-005,2026-03-22,65
FAC-015,MED-006,2026-03-22,34
FAC-015,MED-007,2026-03-22,67
FAC-015,MED-008,2026-03-22,111
FAC-016,MED-001,2026-03-22,1738
FAC-016,MED-002,2026-03-22,2753
FAC-016,MED-003,2026-03-22,389
FAC-016,MED-004,2026-03-22,772
FAC-016,MED-005,2026-03-22,675
FAC-016,MED-006,2026-03-22,854
FAC-016,MED-007,2026-03-22,668
FAC-016,MED-008,2026-03-22,1215
FAC-017,MED-001,2026-03-22,153
FAC-017,MED-002,2026-03-22,68
FAC-017,MED-003,2026-03-22,65
FAC-017,MED-004,2026-03-22,150
FAC-017,MED-005,2026-03-22,57
FAC-017,MED-006,2026-03-22,47
FAC-017,MED-007,2026-03-22,108
FAC-017,MED-008,2026-03-22,108
FAC-018,MED-001,2026-03-22,77
FAC-018,MED-002,2026-03-22,90
FAC-018,MED-003,2026-03-22,17
FAC-018,MED-004,2026-03-22,58
FAC-018,MED-005,2026-03-22,46
FAC-018,MED-006,2026-03-22,27
FAC-018,MED-007,2026-03-22,32
FAC-018,MED-008,2026-03-22,73
FAC-019,MED-001,2026-03-22,224
FAC-019,MED-002,2026-03-22,130
FAC-019,MED-003,2026-03-22,18
FAC-019,MED-004,2026-03-22,102
FAC-019,MED-005,2026-03-22,95
FAC-019,MED-006,2026-03-22,35
FAC-019,MED-007,2026-03-22,48
FAC-019,MED-008,2026-03-22,125
FAC-020,MED-001,2026-03-22,95
FAC-020,MED-002,2026-03-22,120
FAC-020,MED-003,2026-03-22,40
FAC-020,MED-004,2026-03-22,154
FAC-020,MED-005,2026-03-22,100
FAC-020,MED-006,2026-03-22,54
FAC-020,MED-007,2026-03-22,58
FAC-020,MED-008,2026-03-22,62
FAC-001,MED-001,2026-03-23,1101
FAC-001,MED-002,2026-03-23,922
FAC-001,MED-003,2026-03-23,257
FAC-001,MED-004,2026-03-23,60
FAC-001,MED-005,2026-03-23,602
FAC-001,MED-006,2026-03-23,172
FAC-001,MED-007,2026-03-23,296
FAC-001,MED-008,2026-03-23,928
FAC-002,MED-001,2026-03-23,2
FAC-002,MED-002,2026-03-23,124
FAC-002,MED-003,2026-03-23,40
FAC-002,MED-004,2026-03-23,110
FAC-002,MED-005,2026-03-23,42
FAC-002,MED-006,2026-03-23,50
FAC-002,MED-007,2026-03-23,58
FAC-002,MED-008,2026-03-23,57
FAC-003,MED-001,2026-03-23,63
FAC-003,MED-002,2026-03-23,44
FAC-003,MED-003,2026-03-23,47
FAC-003,MED-004,2026-03-23,57
FAC-003,MED-005,2026-03-23,24
FAC-003,MED-006,2026-03-23,40
FAC-003,MED-007,2026-03-23,34
FAC-003,MED-008,2026-03-23,44
FAC-004,MED-001,2026-03-23,186
FAC-004,MED-002,2026-03-23,87
FAC-004,MED-003,2026-03-23,0
FAC-004,MED-004,2026-03-23,102
FAC-004,MED-005,2026-03-23,27
FAC-004,MED-006,2026-03-23,33
FAC-004,MED-007,2026-03-23,0
FAC-004,MED-008,2026-03-23,82
FAC-005,MED-001,2026-03-23,494
FAC-005,MED-002,2026-03-23,2124
FAC-005,MED-003,2026-03-23,206
FAC-005,MED-004,2026-03-23,666
FAC-005,MED-005,2026-03-23,619
FAC-005,MED-006,2026-03-23,440
FAC-005,MED-007,2026-03-23,804
FAC-005,MED-008,2026-03-23,776
FAC-006,MED-001,2026-03-23,227
FAC-006,MED-002,2026-03-23,220
FAC-006,MED-003,2026-03-23,36
FAC-006,MED-004,2026-03-23,953
FAC-006,MED-005,2026-03-23,0
FAC-006,MED-006,2026-03-23,90
FAC-006,MED-007,2026-03-23,127
FAC-006,MED-008,2026-03-23,829
FAC-007,MED-001,2026-03-23,0
FAC-007,MED-002,2026-03-23,83
FAC-007,MED-003,2026-03-23,32
FAC-007,MED-004,2026-03-23,69
FAC-007,MED-005,2026-03-23,51
FAC-007,MED-006,2026-03-23,46
FAC-007,MED-007,2026-03-23,0
FAC-007,MED-008,2026-03-23,111
FAC-008,MED-001,2026-03-23,43
FAC-008,MED-002,2026-03-23,121
FAC-008,MED-003,2026-03-23,25
FAC-008,MED-004,2026-03-23,68
FAC-008,MED-005,2026-03-23,23
FAC-008,MED-006,2026-03-23,39
FAC-008,MED-007,2026-03-23,28
FAC-008,MED-008,2026-03-23,39
FAC-009,MED-001,2026-03-23,49
FAC-009,MED-002,2026-03-23,0
FAC-009,MED-003,2026-03-23,1
FAC-009,MED-004,2026-03-23,0
FAC-009,MED-005,2026-03-23,22
FAC-009,MED-006,2026-03-23,21
FAC-009,MED-007,2026-03-23,73
FAC-009,MED-008,2026-03-23,60
FAC-010,MED-001,2026-03-23,71
FAC-010,MED-002,2026-03-23,94
FAC-010,MED-003,2026-03-23,30
FAC-010,MED-004,2026-03-23,110
FAC-010,MED-005,2026-03-23,29
FAC-010,MED-006,2026-03-23,19
FAC-010,MED-007,2026-03-23,56
FAC-010,MED-008,2026-03-23,111
FAC-011,MED-001,2026-03-23,941
FAC-011,MED-002,2026-03-23,594
FAC-011,MED-003,2026-03-23,507
FAC-011,MED-004,2026-03-23,527
FAC-011,MED-005,2026-03-23,844
FAC-011,MED-006,2026-03-23,289
FAC-011,MED-007,2026-03-23,671
FAC-011,MED-008,2026-03-23,1633
FAC-012,MED-001,2026-03-23,218
FAC-012,MED-002,2026-03-23,143
FAC-012,MED-003,2026-03-23,49
FAC-012,MED-004,2026-03-23,140
FAC-012,MED-005,2026-03-23,103
FAC-012,MED-006,2026-03-23,68
FAC-012,MED-007,2026-03-23,88
FAC-012,MED-008,2026-03-23,115
FAC-013,MED-001,2026-03-23,41
FAC-013,MED-002,2026-03-23,99
FAC-013,MED-003,2026-03-23,41
FAC-013,MED-004,2026-03-23,30
FAC-013,MED-005,2026-03-23,23
FAC-013,MED-006,2026-03-23,33
FAC-013,MED-007,2026-03-23,53
FAC-013,MED-008,2026-03-23,36
FAC-014,MED-001,2026-03-23,118
FAC-014,MED-002,2026-03-23,179
FAC-014,MED-003,2026-03-23,23
FAC-014,MED-004,2026-03-23,73
FAC-014,MED-005,2026-03-23,38
FAC-014,MED-006,2026-03-23,42
FAC-014,MED-007,2026-03-23,95
FAC-014,MED-008,2026-03-23,160
FAC-015,MED-001,2026-03-23,88
FAC-015,MED-002,2026-03-23,103
FAC-015,MED-003,2026-03-23,27
FAC-015,MED-004,2026-03-23,52
FAC-015,MED-005,2026-03-23,58
FAC-015,MED-006,2026-03-23,29
FAC-015,MED-007,2026-03-23,63
FAC-015,MED-008,2026-03-23,100
FAC-016,MED-001,2026-03-23,1602
FAC-016,MED-002,2026-03-23,2574
FAC-016,MED-003,2026-03-23,353
FAC-016,MED-004,2026-03-23,592
FAC-016,MED-005,2026-03-23,610
FAC-016,MED-006,2026-03-23,806
FAC-016,MED-007,2026-03-23,592
FAC-016,MED-008,2026-03-23,1110
FAC-017,MED-001,2026-03-23,142
FAC-017,MED-002,2026-03-23,279
FAC-017,MED-003,2026-03-23,63
FAC-017,MED-004,2026-03-23,141
FAC-017,MED-005,2026-03-23,51
FAC-017,MED-006,2026-03-23,43
FAC-017,MED-007,2026-03-23,96
FAC-017,MED-008,2026-03-23,94
FAC-018,MED-001,2026-03-23,74
FAC-018,MED-002,2026-03-23,76
FAC-018,MED-003,2026-03-23,51
FAC-018,MED-004,2026-03-23,55
FAC-018,MED-005,2026-03-23,44
FAC-018,MED-006,2026-03-23,19
FAC-018,MED-007,2026-03-23,26
FAC-018,MED-008,2026-03-23,69
FAC-019,MED-001,2026-03-23,218
FAC-019,MED-002,2026-03-23,114
FAC-019,MED-003,2026-03-23,11
FAC-019,MED-004,2026-03-23,94
FAC-019,MED-005,2026-03-23,85
FAC-019,MED-006,2026-03-23,34
FAC-019,MED-007,2026-03-23,41
FAC-019,MED-008,2026-03-23,113
FAC-020,MED-001,2026-03-23,88
FAC-020,MED-002,2026-03-23,104
FAC-020,MED-003,2026-03-23,37
FAC-020,MED-004,2026-03-23,147
FAC-020,MED-005,2026-03-23,92
FAC-020,MED-006,2026-03-23,54
FAC-020,MED-007,2026-03-23,53
FAC-020,MED-008,2026-03-23,189
FAC-001,MED-001,2026-03-24,927
FAC-001,MED-002,2026-03-24,733
FAC-001,MED-003,2026-03-24,216
FAC-001,MED-004,2026-03-24,0
FAC-001,MED-005,2026-03-24,526
FAC-001,MED-006,2026-03-24,116
FAC-001,MED-007,2026-03-24,206
FAC-001,MED-008,2026-03-24,799
FAC-002,MED-001,2026-03-24,151
FAC-002,MED-002,2026-03-24,106
FAC-002,MED-003,2026-03-24,38
FAC-002,MED-004,2026-03-24,96
FAC-002,MED-005,2026-03-24,34
FAC-002,MED-006,2026-03-24,43
FAC-002,MED-007,2026-03-24,49
FAC-002,MED-008,2026-03-24,47
FAC-003,MED-001,2026-03-24,58
FAC-003,MED-002,2026-03-24,38
FAC-003,MED-003,2026-03-24,45
FAC-003,MED-004,2026-03-24,54
FAC-003,MED-005,2026-03-24,19
FAC-003,MED-006,2026-03-24,39
FAC-003,MED-007,2026-03-24,33
FAC-003,MED-008,2026-03-24,41
FAC-004,MED-001,2026-03-24,169
FAC-004,MED-002,2026-03-24,74
FAC-004,MED-003,2026-03-24,0
FAC-004,MED-004,2026-03-24,93
FAC-004,MED-005,2026-03-24,14
FAC-004,MED-006,2026-03-24,27
FAC-004,MED-007,2026-03-24,0
FAC-004,MED-008,2026-03-24,67
FAC-005,MED-001,2026-03-24,1674
FAC-005,MED-002,2026-03-24,1989
FAC-005,MED-003,2026-03-24,175
FAC-005,MED-004,2026-03-24,576
FAC-005,MED-005,2026-03-24,561
FAC-005,MED-006,2026-03-24,393
FAC-005,MED-007,2026-03-24,754
FAC-005,MED-008,2026-03-24,681
FAC-006,MED-001,2026-03-24,99
FAC-006,MED-002,2026-03-24,68
FAC-006,MED-003,2026-03-24,3
FAC-006,MED-004,2026-03-24,873
FAC-006,MED-005,2026-03-24,0
FAC-006,MED-006,2026-03-24,49
FAC-006,MED-007,2026-03-24,42
FAC-006,MED-008,2026-03-24,715
FAC-007,MED-001,2026-03-24,0
FAC-007,MED-002,2026-03-24,73
FAC-007,MED-003,2026-03-24,30
FAC-007,MED-004,2026-03-24,59
FAC-007,MED-005,2026-03-24,43
FAC-007,MED-006,2026-03-24,43
FAC-007,MED-007,2026-03-24,0
FAC-007,MED-008,2026-03-24,95
FAC-008,MED-001,2026-03-24,38
FAC-008,MED-002,2026-03-24,113
FAC-008,MED-003,2026-03-24,23
FAC-008,MED-004,2026-03-24,64
FAC-008,MED-005,2026-03-24,20
FAC-008,MED-006,2026-03-24,37
FAC-008,MED-007,2026-03-24,25
FAC-008,MED-008,2026-03-24,96
FAC-009,MED-001,2026-03-24,34
FAC-009,MED-002,2026-03-24,128
FAC-009,MED-003,2026-03-24,0
FAC-009,MED-004,2026-03-24,103
FAC-009,MED-005,2026-03-24,13
FAC-009,MED-006,2026-03-24,17
FAC-009,MED-007,2026-03-24,68
FAC-009,MED-008,2026-03-24,53
FAC-010,MED-001,2026-03-24,67
FAC-010,MED-002,2026-03-24,79
FAC-010,MED-003,2026-03-24,28
FAC-010,MED-004,2026-03-24,102
FAC-010,MED-005,2026-03-24,22
FAC-010,MED-006,2026-03-24,51
FAC-010,MED-007,2026-03-24,51
FAC-010,MED-008,2026-03-24,105
FAC-011,MED-001,2026-03-24,808
FAC-011,MED-002,2026-03-24,2313
FAC-011,MED-003,2026-03-24,474
FAC-011,MED-004,2026-03-24,419
FAC-011,MED-005,2026-03-24,793
FAC-011,MED-006,2026-03-24,244
FAC-011,MED-007,2026-03-24,578
FAC-011,MED-008,2026-03-24,1521
FAC-012,MED-001,2026-03-24,182
FAC-012,MED-002,2026-03-24,119
FAC-012,MED-003,2026-03-24,45
FAC-012,MED-004,2026-03-24,128
FAC-012,MED-005,2026-03-24,98
FAC-012,MED-006,2026-03-24,64
FAC-012,MED-007,2026-03-24,78
FAC-012,MED-008,2026-03-24,105
FAC-013,MED-001,2026-03-24,35
FAC-013,MED-002,2026-03-24,98
FAC-013,MED-003,2026-03-24,39
FAC-013,MED-004,2026-03-24,28
FAC-013,MED-005,2026-03-24,17
FAC-013,MED-006,2026-03-24,30
FAC-013,MED-007,2026-03-24,51
FAC-013,MED-008,2026-03-24,31
FAC-014,MED-001,2026-03-24,106
FAC-014,MED-002,2026-03-24,163
FAC-014,MED-003,2026-03-24,17
FAC-014,MED-004,2026-03-24,65
FAC-014,MED-005,2026-03-24,28
FAC-014,MED-006,2026-03-24,37
FAC-014,MED-007,2026-03-24,89
FAC-014,MED-008,2026-03-24,154
FAC-015,MED-001,2026-03-24,80
FAC-015,MED-002,2026-03-24,95
FAC-015,MED-003,2026-03-24,24
FAC-015,MED-004,2026-03-24,48
FAC-015,MED-005,2026-03-24,54
FAC-015,MED-006,2026-03-24,25
FAC-015,MED-007,2026-03-24,61
FAC-015,MED-008,2026-03-24,92
FAC-016,MED-001,2026-03-24,1452
FAC-016,MED-002,2026-03-24,2415
FAC-016,MED-003,2026-03-24,323
FAC-016,MED-004,2026-03-24,1999
FAC-016,MED-005,2026-03-24,541
FAC-016,MED-006,2026-03-24,750
FAC-016,MED-007,2026-03-24,505
FAC-016,MED-008,2026-03-24,995
FAC-017,MED-001,2026-03-24,131
FAC-017,MED-002,2026-03-24,265
FAC-017,MED-003,2026-03-24,61
FAC-017,MED-004,2026-03-24,128
FAC-017,MED-005,2026-03-24,43
FAC-017,MED-006,2026-03-24,38
FAC-017,MED-007,2026-03-24,86
FAC-017,MED-008,2026-03-24,79
FAC-018,MED-001,2026-03-24,70
FAC-018,MED-002,2026-03-24,66
FAC-018,MED-003,2026-03-24,46
FAC-018,MED-004,2026-03-24,48
FAC-018,MED-005,2026-03-24,38
FAC-018,MED-006,2026-03-24,13
FAC-018,MED-007,2026-03-24,24
FAC-018,MED-008,2026-03-24,66
FAC-019,MED-001,2026-03-24,208
FAC-019,MED-002,2026-03-24,106
FAC-019,MED-003,2026-03-24,9
FAC-019,MED-004,2026-03-24,80
FAC-019,MED-005,2026-03-24,81
FAC-019,MED-006,2026-03-24,26
FAC-019,MED-007,2026-03-24,124
FAC-019,MED-008,2026-03-24,106
FAC-020,MED-001,2026-03-24,77
FAC-020,MED-002,2026-03-24,97
FAC-020,MED-003,2026-03-24,35
FAC-020,MED-004,2026-03-24,142
FAC-020,MED-005,2026-03-24,90
FAC-020,MED-006,2026-03-24,47
FAC-020,MED-007,2026-03-24,49
FAC-020,MED-008,2026-03-24,179
FAC-001,MED-001,2026-03-25,701
FAC-001,MED-002,2026-03-25,577
FAC-001,MED-003,2026-03-25,175
FAC-001,MED-004,2026-03-25,0
FAC-001,MED-005,2026-03-25,444
FAC-001,MED-006,2026-03-25,65
FAC-001,MED-007,2026-03-25,128
FAC-001,MED-008,2026-03-25,667
FAC-002,MED-001,2026-03-25,140
FAC-002,MED-002,2026-03-25,90
FAC-002,MED-003,2026-03-25,37
FAC-002,MED-004,2026-03-25,81
FAC-002,MED-005,2026-03-25,25
FAC-002,MED-006,2026-03-25,37
FAC-002,MED-007,2026-03-25,39
FAC-002,MED-008,2026-03-25,38
FAC-003,MED-001,2026-03-25,57
FAC-003,MED-002,2026-03-25,27
FAC-003,MED-003,2026-03-25,44
FAC-003,MED-004,2026-03-25,51
FAC-003,MED-005,2026-03-25,51
FAC-003,MED-006,2026-03-25,36
FAC-003,MED-007,2026-03-25,31
FAC-003,MED-008,2026-03-25,38
FAC-004,MED-001,2026-03-25,157
FAC-004,MED-002,2026-03-25,58
FAC-004,MED-003,2026-03-25,0
FAC-004,MED-004,2026-03-25,79
FAC-004,MED-005,2026-03-25,3
FAC-004,MED-006,2026-03-25,22
FAC-004,MED-007,2026-03-25,0
FAC-004,MED-008,2026-03-25,54
FAC-005,MED-001,2026-03-25,1548
FAC-005,MED-002,2026-03-25,1849
FAC-005,MED-003,2026-03-25,141
FAC-005,MED-004,2026-03-25,404
FAC-005,MED-005,2026-03-25,514
FAC-005,MED-006,2026-03-25,351
FAC-005,MED-007,2026-03-25,704
FAC-005,MED-008,2026-03-25,586
FAC-006,MED-001,2026-03-25,0
FAC-006,MED-002,2026-03-25,0
FAC-006,MED-003,2026-03-25,0
FAC-006,MED-004,2026-03-25,785
FAC-006,MED-005,2026-03-25,0
FAC-006,MED-006,2026-03-25,7
FAC-006,MED-007,2026-03-25,0
FAC-006,MED-008,2026-03-25,521
FAC-007,MED-001,2026-03-25,0
FAC-007,MED-002,2026-03-25,56
FAC-007,MED-003,2026-03-25,27
FAC-007,MED-004,2026-03-25,55
FAC-007,MED-005,2026-03-25,35
FAC-007,MED-006,2026-03-25,38
FAC-007,MED-007,2026-03-25,81
FAC-007,MED-008,2026-03-25,82
FAC-008,MED-001,2026-03-25,105
FAC-008,MED-002,2026-03-25,106
FAC-008,MED-003,2026-03-25,22
FAC-008,MED-004,2026-03-25,62
FAC-008,MED-005,2026-03-25,18
FAC-008,MED-006,2026-03-25,36
FAC-008,MED-007,2026-03-25,19
FAC-008,MED-008,2026-03-25,94
FAC-009,MED-001,2026-03-25,26
FAC-009,MED-002,2026-03-25,115
FAC-009,MED-003,2026-03-25,0
FAC-009,MED-004,2026-03-25,95
FAC-009,MED-005,2026-03-25,7
FAC-009,MED-006,2026-03-25,15
FAC-009,MED-007,2026-03-25,60
FAC-009,MED-008,2026-03-25,44
FAC-010,MED-001,2026-03-25,58
FAC-010,MED-002,2026-03-25,71
FAC-010,MED-003,2026-03-25,28
FAC-010,MED-004,2026-03-25,94
FAC-010,MED-005,2026-03-25,64
FAC-010,MED-006,2026-03-25,45
FAC-010,MED-007,2026-03-25,47
FAC-010,MED-008,2026-03-25,97
FAC-011,MED-001,2026-03-25,674
FAC-011,MED-002,2026-03-25,2175
FAC-011,MED-003,2026-03-25,450
FAC-011,MED-004,2026-03-25,1545
FAC-011,MED-005,2026-03-25,730
FAC-011,MED-006,2026-03-25,199
FAC-011,MED-007,2026-03-25,507
FAC-011,MED-008,2026-03-25,1401
FAC-012,MED-001,2026-03-25,155
FAC-012,MED-002,2026-03-25,340
FAC-012,MED-003,2026-03-25,39
FAC-012,MED-004,2026-03-25,121
FAC-012,MED-005,2026-03-25,94
FAC-012,MED-006,2026-03-25,60
FAC-012,MED-007,2026-03-25,70
FAC-012,MED-008,2026-03-25,94
FAC-013,MED-001,2026-03-25,30
FAC-013,MED-002,2026-03-25,95
FAC-013,MED-003,2026-03-25,36
FAC-013,MED-004,2026-03-25,18
FAC-013,MED-005,2026-03-25,53
FAC-013,MED-006,2026-03-25,23
FAC-013,MED-007,2026-03-25,48
FAC-013,MED-008,2026-03-25,27
FAC-014,MED-001,2026-03-25,98
FAC-014,MED-002,2026-03-25,151
FAC-014,MED-003,2026-03-25,16
FAC-014,MED-004,2026-03-25,56
FAC-014,MED-005,2026-03-25,96
FAC-014,MED-006,2026-03-25,35
FAC-014,MED-007,2026-03-25,80
FAC-014,MED-008,2026-03-25,138
FAC-015,MED-001,2026-03-25,69
FAC-015,MED-002,2026-03-25,84
FAC-015,MED-003,2026-03-25,23
FAC-015,MED-004,2026-03-25,43
FAC-015,MED-005,2026-03-25,48
FAC-015,MED-006,2026-03-25,24
FAC-015,MED-007,2026-03-25,55
FAC-015,MED-008,2026-03-25,85
FAC-016,MED-001,2026-03-25,1311
FAC-016,MED-002,2026-03-25,2241
FAC-016,MED-003,2026-03-25,286
FAC-016,MED-004,2026-03-25,1879
FAC-016,MED-005,2026-03-25,478
FAC-016,MED-006,2026-03-25,714
FAC-016,MED-007,2026-03-25,423
FAC-016,MED-008,2026-03-25,869
FAC-017,MED-001,2026-03-25,119
FAC-017,MED-002,2026-03-25,251
FAC-017,MED-003,2026-03-25,58
FAC-017,MED-004,2026-03-25,120
FAC-017,MED-005,2026-03-25,36
FAC-017,MED-006,2026-03-25,32
FAC-017,MED-007,2026-03-25,79
FAC-017,MED-008,2026-03-25,73
FAC-018,MED-001,2026-03-25,64
FAC-018,MED-002,2026-03-25,58
FAC-018,MED-003,2026-03-25,44
FAC-018,MED-004,2026-03-25,45
FAC-018,MED-005,2026-03-25,35
FAC-018,MED-006,2026-03-25,49
FAC-018,MED-007,2026-03-25,21
FAC-018,MED-008,2026-03-25,65
FAC-019,MED-001,2026-03-25,195
FAC-019,MED-002,2026-03-25,91
FAC-019,MED-003,2026-03-25,5
FAC-019,MED-004,2026-03-25,70
FAC-019,MED-005,2026-03-25,76
FAC-019,MED-006,2026-03-25,23
FAC-019,MED-007,2026-03-25,116
FAC-019,MED-008,2026-03-25,96
FAC-020,MED-001,2026-03-25,197
FAC-020,MED-002,2026-03-25,240
FAC-020,MED-003,2026-03-25,33
FAC-020,MED-004,2026-03-25,128
FAC-020,MED-005,2026-03-25,88
FAC-020,MED-006,2026-03-25,46
FAC-020,MED-007,2026-03-25,42
FAC-020,MED-008,2026-03-25,172
FAC-001,MED-001,2026-03-26,561
FAC-001,MED-002,2026-03-26,399
FAC-001,MED-003,2026-03-26,135
FAC-001,MED-004,2026-03-26,0
FAC-001,MED-005,2026-03-26,362
FAC-001,MED-006,2026-03-26,12
FAC-001,MED-007,2026-03-26,42
FAC-001,MED-008,2026-03-26,545
FAC-002,MED-001,2026-03-26,124
FAC-002,MED-002,2026-03-26,72
FAC-002,MED-003,2026-03-26,32
FAC-002,MED-004,2026-03-26,71
FAC-002,MED-005,2026-03-26,19
FAC-002,MED-006,2026-03-26,30
FAC-002,MED-007,2026-03-26,29
FAC-002,MED-008,2026-03-26,28
FAC-003,MED-001,2026-03-26,54
FAC-003,MED-002,2026-03-26,22
FAC-003,MED-003,2026-03-26,41
FAC-003,MED-004,2026-03-26,48
FAC-003,MED-005,2026-03-26,47
FAC-003,MED-006,2026-03-26,34
FAC-003,MED-007,2026-03-26,28
FAC-003,MED-008,2026-03-26,34
FAC-004,MED-001,2026-03-26,141
FAC-004,MED-002,2026-03-26,42
FAC-004,MED-003,2026-03-26,42
FAC-004,MED-004,2026-03-26,72
FAC-004,MED-005,2026-03-26,0
FAC-004,MED-006,2026-03-26,16
FAC-004,MED-007,2026-03-26,111
FAC-004,MED-008,2026-03-26,37
FAC-005,MED-001,2026-03-26,1438
FAC-005,MED-002,2026-03-26,1706
FAC-005,MED-003,2026-03-26,113
FAC-005,MED-004,2026-03-26,1528
FAC-005,MED-005,2026-03-26,453
FAC-005,MED-006,2026-03-26,308
FAC-005,MED-007,2026-03-26,636
FAC-005,MED-008,2026-03-26,498
FAC-006,MED-001,2026-03-26,0
FAC-006,MED-002,2026-03-26,1668
FAC-006,MED-003,2026-03-26,321
FAC-006,MED-004,2026-03-26,678
FAC-006,MED-005,2026-03-26,683
FAC-006,MED-006,2026-03-26,0
FAC-006,MED-007,2026-03-26,853
FAC-006,MED-008,2026-03-26,391
FAC-007,MED-001,2026-03-26,143
FAC-007,MED-002,2026-03-26,41
FAC-007,MED-003,2026-03-26,24
FAC-007,MED-004,2026-03-26,47
FAC-007,MED-005,2026-03-26,27
FAC-007,MED-006,2026-03-26,33
FAC-007,MED-007,2026-03-26,73
FAC-007,MED-008,2026-03-26,70
FAC-008,MED-001,2026-03-26,99
FAC-008,MED-002,2026-03-26,104
FAC-008,MED-003,2026-03-26,54
FAC-008,MED-004,2026-03-26,58
FAC-008,MED-005,2026-03-26,52
FAC-008,MED-006,2026-03-26,30
FAC-008,MED-007,2026-03-26,14
FAC-008,MED-008,2026-03-26,85
FAC-009,MED-001,2026-03-26,23
FAC-009,MED-002,2026-03-26,100
FAC-009,MED-003,2026-03-26,37
FAC-009,MED-004,2026-03-26,87
FAC-009,MED-005,2026-03-26,5
FAC-009,MED-006,2026-03-26,7
FAC-009,MED-007,2026-03-26,48
FAC-009,MED-008,2026-03-26,35
FAC-010,MED-001,2026-03-26,48
FAC-010,MED-002,2026-03-26,57
FAC-010,MED-003,2026-03-26,26
FAC-010,MED-004,2026-03-26,85
FAC-010,MED-005,2026-03-26,63
FAC-010,MED-006,2026-03-26,40
FAC-010,MED-007,2026-03-26,41
FAC-010,MED-008,2026-03-26,90
FAC-011,MED-001,2026-03-26,549
FAC-011,MED-002,2026-03-26,2021
FAC-011,MED-003,2026-03-26,416
FAC-011,MED-004,2026-03-26,1451
FAC-011,MED-005,2026-03-26,662
FAC-011,MED-006,2026-03-26,670
FAC-011,MED-007,2026-03-26,445
FAC-011,MED-008,2026-03-26,1234
FAC-012,MED-001,2026-03-26,127
FAC-012,MED-002,2026-03-26,325
FAC-012,MED-003,2026-03-26,37
FAC-012,MED-004,2026-03-26,114
FAC-012,MED-005,2026-03-26,85
FAC-012,MED-006,2026-03-26,57
FAC-012,MED-007,2026-03-26,54
FAC-012,MED-008,2026-03-26,76
FAC-013,MED-001,2026-03-26,24
FAC-013,MED-002,2026-03-26,88
FAC-013,MED-003,2026-03-26,34
FAC-013,MED-004,2026-03-26,13
FAC-013,MED-005,2026-03-26,50
FAC-013,MED-006,2026-03-26,18
FAC-013,MED-007,2026-03-26,47
FAC-013,MED-008,2026-03-26,24
FAC-014,MED-001,2026-03-26,82
FAC-014,MED-002,2026-03-26,133
FAC-014,MED-003,2026-03-26,49
FAC-014,MED-004,2026-03-26,47
FAC-014,MED-005,2026-03-26,87
FAC-014,MED-006,2026-03-26,29
FAC-014,MED-007,2026-03-26,74
FAC-014,MED-008,2026-03-26,130
FAC-015,MED-001,2026-03-26,58
FAC-015,MED-002,2026-03-26,200
FAC-015,MED-003,2026-03-26,17
FAC-015,MED-004,2026-03-26,135
FAC-015,MED-005,2026-03-26,42
FAC-015,MED-006,2026-03-26,22
FAC-015,MED-007,2026-03-26,51
FAC-015,MED-008,2026-03-26,78
FAC-016,MED-001,2026-03-26,1166
FAC-016,MED-002,2026-03-26,2073
FAC-016,MED-003,2026-03-26,249
FAC-016,MED-004,2026-03-26,1753
FAC-016,MED-005,2026-03-26,414
FAC-016,MED-006,2026-03-26,668
FAC-016,MED-007,2026-03-26,1228
FAC-016,MED-008,2026-03-26,754
FAC-017,MED-001,2026-03-26,100
FAC-017,MED-002,2026-03-26,236
FAC-017,MED-003,2026-03-26,54
FAC-017,MED-004,2026-03-26,107
FAC-017,MED-005,2026-03-26,30
FAC-017,MED-006,2026-03-26,28
FAC-017,MED-007,2026-03-26,75
FAC-017,MED-008,2026-03-26,212
FAC-018,MED-001,2026-03-26,57
FAC-018,MED-002,2026-03-26,54
FAC-018,MED-003,2026-03-26,43
FAC-018,MED-004,2026-03-26,41
FAC-018,MED-005,2026-03-26,31
FAC-018,MED-006,2026-03-26,42
FAC-018,MED-007,2026-03-26,17
FAC-018,MED-008,2026-03-26,62
FAC-019,MED-001,2026-03-26,185
FAC-019,MED-002,2026-03-26,253
FAC-019,MED-003,2026-03-26,39
FAC-019,MED-004,2026-03-26,62
FAC-019,MED-005,2026-03-26,72
FAC-019,MED-006,2026-03-26,20
FAC-019,MED-007,2026-03-26,106
FAC-019,MED-008,2026-03-26,87
FAC-020,MED-001,2026-03-26,188
FAC-020,MED-002,2026-03-26,231
FAC-020,MED-003,2026-03-26,32
FAC-020,MED-004,2026-03-26,116
FAC-020,MED-005,2026-03-26,82
FAC-020,MED-006,2026-03-26,44
FAC-020,MED-007,2026-03-26,119
FAC-020,MED-008,2026-03-26,162
FAC-001,MED-001,2026-03-27,425
FAC-001,MED-002,2026-03-27,189
FAC-001,MED-003,2026-03-27,103
FAC-001,MED-004,2026-03-27,0
FAC-001,MED-005,2026-03-27,280
FAC-001,MED-006,2026-03-27,0
FAC-001,MED-007,2026-03-27,1079
FAC-001,MED-008,2026-03-27,393
FAC-002,MED-001,2026-03-27,102
FAC-002,MED-002,2026-03-27,51
FAC-002,MED-003,2026-03-27,31
FAC-002,MED-004,2026-03-27,60
FAC-002,MED-005,2026-03-27,10
FAC-002,MED-006,2026-03-27,24
FAC-002,MED-007,2026-03-27,21
FAC-002,MED-008,2026-03-27,14
FAC-003,MED-001,2026-03-27,51
FAC-003,MED-002,2026-03-27,76
FAC-003,MED-003,2026-03-27,38
FAC-003,MED-004,2026-03-27,43
FAC-003,MED-005,2026-03-27,43
FAC-003,MED-006,2026-03-27,32
FAC-003,MED-007,2026-03-27,26
FAC-003,MED-008,2026-03-27,28
FAC-004,MED-001,2026-03-27,125
FAC-004,MED-002,2026-03-27,30
FAC-004,MED-003,2026-03-27,37
FAC-004,MED-004,2026-03-27,56
FAC-004,MED-005,2026-03-27,0
FAC-004,MED-006,2026-03-27,10
FAC-004,MED-007,2026-03-27,100
FAC-004,MED-008,2026-03-27,25
FAC-005,MED-001,2026-03-27,1352
FAC-005,MED-002,2026-03-27,1578
FAC-005,MED-003,2026-03-27,426
FAC-005,MED-004,2026-03-27,1448
FAC-005,MED-005,2026-03-27,393
FAC-005,MED-006,2026-03-27,268
FAC-005,MED-007,2026-03-27,566
FAC-005,MED-008,2026-03-27,385
FAC-006,MED-001,2026-03-27,0
FAC-006,MED-002,2026-03-27,1502
FAC-006,MED-003,2026-03-27,283
FAC-006,MED-004,2026-03-27,564
FAC-006,MED-005,2026-03-27,627
FAC-006,MED-006,2026-03-27,529
FAC-006,MED-007,2026-03-27,775
FAC-006,MED-008,2026-03-27,260
FAC-007,MED-001,2026-03-27,128
FAC-007,MED-002,2026-03-27,27
FAC-007,MED-003,2026-03-27,21
FAC-007,MED-004,2026-03-27,33
FAC-007,MED-005,2026-03-27,19
FAC-007,MED-006,2026-03-27,30
FAC-007,MED-007,2026-03-27,64
FAC-007,MED-008,2026-03-27,65
FAC-008,MED-001,2026-03-27,98
FAC-008,MED-002,2026-03-27,94
FAC-008,MED-003,2026-03-27,49
FAC-008,MED-004,2026-03-27,53
FAC-008,MED-005,2026-03-27,50
FAC-008,MED-006,2026-03-27,27
FAC-008,MED-007,2026-03-27,6
FAC-008,MED-008,2026-03-27,76
FAC-009,MED-001,2026-03-27,18
FAC-009,MED-002,2026-03-27,85
FAC-009,MED-003,2026-03-27,34
FAC-009,MED-004,2026-03-27,78
FAC-009,MED-005,2026-03-27,5
FAC-009,MED-006,2026-03-27,3
FAC-009,MED-007,2026-03-27,43
FAC-009,MED-008,2026-03-27,20
FAC-010,MED-001,2026-03-27,42
FAC-010,MED-002,2026-03-27,157
FAC-010,MED-003,2026-03-27,25
FAC-010,MED-004,2026-03-27,78
FAC-010,MED-005,2026-03-27,60
FAC-010,MED-006,2026-03-27,39
FAC-010,MED-007,2026-03-27,39
FAC-010,MED-008,2026-03-27,86
FAC-011,MED-001,2026-03-27,1923
FAC-011,MED-002,2026-03-27,1878
FAC-011,MED-003,2026-03-27,382
FAC-011,MED-004,2026-03-27,1357
FAC-011,MED-005,2026-03-27,602
FAC-011,MED-006,2026-03-27,636
FAC-011,MED-007,2026-03-27,360
FAC-011,MED-008,2026-03-27,1126
FAC-012,MED-001,2026-03-27,99
FAC-012,MED-002,2026-03-27,307
FAC-012,MED-003,2026-03-27,34
FAC-012,MED-004,2026-03-27,103
FAC-012,MED-005,2026-03-27,77
FAC-012,MED-006,2026-03-27,56
FAC-012,MED-007,2026-03-27,49
FAC-012,MED-008,2026-03-27,64
FAC-013,MED-001,2026-03-27,19
FAC-013,MED-002,2026-03-27,77
FAC-013,MED-003,2026-03-27,30
FAC-013,MED-004,2026-03-27,8
FAC-013,MED-005,2026-03-27,50
FAC-013,MED-006,2026-03-27,12
FAC-013,MED-007,2026-03-27,44
FAC-013,MED-008,2026-03-27,21
FAC-014,MED-001,2026-03-27,69
FAC-014,MED-002,2026-03-27,118
FAC-014,MED-003,2026-03-27,46
FAC-014,MED-004,2026-03-27,163
FAC-014,MED-005,2026-03-27,80
FAC-014,MED-006,2026-03-27,23
FAC-014,MED-007,2026-03-27,66
FAC-014,MED-008,2026-03-27,122
FAC-015,MED-001,2026-03-27,154
FAC-015,MED-002,2026-03-27,192
FAC-015,MED-003,2026-03-27,14
FAC-015,MED-004,2026-03-27,127
FAC-015,MED-005,2026-03-27,38
FAC-015,MED-006,2026-03-27,18
FAC-015,MED-007,2026-03-27,46
FAC-015,MED-008,2026-03-27,67
FAC-016,MED-001,2026-03-27,1024
FAC-016,MED-002,2026-03-27,1909
FAC-016,MED-003,2026-03-27,203
FAC-016,MED-004,2026-03-27,1644
FAC-016,MED-005,2026-03-27,337
FAC-016,MED-006,2026-03-27,624
FAC-016,MED-007,2026-03-27,1143
FAC-016,MED-008,2026-03-27,620
FAC-017,MED-001,2026-03-27,90
FAC-017,MED-002,2026-03-27,222
FAC-017,MED-003,2026-03-27,51
FAC-017,MED-004,2026-03-27,96
FAC-017,MED-005,2026-03-27,23
FAC-017,MED-006,2026-03-27,22
FAC-017,MED-007,2026-03-27,64
FAC-017,MED-008,2026-03-27,196
FAC-018,MED-001,2026-03-27,52
FAC-018,MED-002,2026-03-27,48
FAC-018,MED-003,2026-03-27,43
FAC-018,MED-004,2026-03-27,41
FAC-018,MED-005,2026-03-27,29
FAC-018,MED-006,2026-03-27,41
FAC-018,MED-007,2026-03-27,50
FAC-018,MED-008,2026-03-27,58
FAC-019,MED-001,2026-03-27,169
FAC-019,MED-002,2026-03-27,243
FAC-019,MED-003,2026-03-27,34
FAC-019,MED-004,2026-03-27,182
FAC-019,MED-005,2026-03-27,64
FAC-019,MED-006,2026-03-27,59
FAC-019,MED-007,2026-03-27,101
FAC-019,MED-008,2026-03-27,74
FAC-020,MED-001,2026-03-27,172
FAC-020,MED-002,2026-03-27,217
FAC-020,MED-003,2026-03-27,31
FAC-020,MED-004,2026-03-27,108
FAC-020,MED-005,2026-03-27,74
FAC-020,MED-006,2026-03-27,40
FAC-020,MED-007,2026-03-27,115
FAC-020,MED-008,2026-03-27,155
FAC-001,MED-001,2026-03-28,299
FAC-001,MED-002,2026-03-28,21
FAC-001,MED-003,2026-03-28,67
FAC-001,MED-004,2026-03-28,0
FAC-001,MED-005,2026-03-28,211
FAC-001,MED-006,2026-03-28,0
FAC-001,MED-007,2026-03-28,989
FAC-001,MED-008,2026-03-28,279
FAC-002,MED-001,2026-03-28,92
FAC-002,MED-002,2026-03-28,45
FAC-002,MED-003,2026-03-28,31
FAC-002,MED-004,2026-03-28,52
FAC-002,MED-005,2026-03-28,3
FAC-002,MED-006,2026-03-28,18
FAC-002,MED-007,2026-03-28,16
FAC-002,MED-008,2026-03-28,7
FAC-003,MED-001,2026-03-28,44
FAC-003,MED-002,2026-03-28,67
FAC-003,MED-003,2026-03-28,35
FAC-003,MED-004,2026-03-28,41
FAC-003,MED-005,2026-03-28,40
FAC-003,MED-006,2026-03-28,31
FAC-003,MED-007,2026-03-28,24
FAC-003,MED-008,2026-03-28,24
FAC-004,MED-001,2026-03-28,116
FAC-004,MED-002,2026-03-28,19
FAC-004,MED-003,2026-03-28,37
FAC-004,MED-004,2026-03-28,48
FAC-004,MED-005,2026-03-28,81
FAC-004,MED-006,2026-03-28,8
FAC-004,MED-007,2026-03-28,94
FAC-004,MED-008,2026-03-28,8
FAC-005,MED-001,2026-03-28,1253
FAC-005,MED-002,2026-03-28,1452
FAC-005,MED-003,2026-03-28,396
FAC-005,MED-004,2026-03-28,1357
FAC-005,MED-005,2026-03-28,341
FAC-005,MED-006,2026-03-28,224
FAC-005,MED-007,2026-03-28,499
FAC-005,MED-008,2026-03-28,1430
FAC-006,MED-001,2026-03-28,1346
FAC-006,MED-002,2026-03-28,1341
FAC-006,MED-003,2026-03-28,252
FAC-006,MED-004,2026-03-28,462
FAC-006,MED-005,2026-03-28,570
FAC-006,MED-006,2026-03-28,485
FAC-006,MED-007,2026-03-28,706
FAC-006,MED-008,2026-03-28,158
FAC-007,MED-001,2026-03-28,125
FAC-007,MED-002,2026-03-28,11
FAC-007,MED-003,2026-03-28,19
FAC-007,MED-004,2026-03-28,22
FAC-007,MED-005,2026-03-28,17
FAC-007,MED-006,2026-03-28,30
FAC-007,MED-007,2026-03-28,58
FAC-007,MED-008,2026-03-28,60
FAC-008,MED-001,2026-03-28,93
FAC-008,MED-002,2026-03-28,85
FAC-008,MED-003,2026-03-28,46
FAC-008,MED-004,2026-03-28,49
FAC-008,MED-005,2026-03-28,47
FAC-008,MED-006,2026-03-28,22
FAC-008,MED-007,2026-03-28,3
FAC-008,MED-008,2026-03-28,68
FAC-009,MED-001,2026-03-28,126
FAC-009,MED-002,2026-03-28,78
FAC-009,MED-003,2026-03-28,31
FAC-009,MED-004,2026-03-28,71
FAC-009,MED-005,2026-03-28,0
FAC-009,MED-006,2026-03-28,2
FAC-009,MED-007,2026-03-28,40
FAC-009,MED-008,2026-03-28,11
FAC-010,MED-001,2026-03-28,35
FAC-010,MED-002,2026-03-28,146
FAC-010,MED-003,2026-03-28,23
FAC-010,MED-004,2026-03-28,74
FAC-010,MED-005,2026-03-28,56
FAC-010,MED-006,2026-03-28,38
FAC-010,MED-007,2026-03-28,36
FAC-010,MED-008,2026-03-28,82
FAC-011,MED-001,2026-03-28,1813
FAC-011,MED-002,2026-03-28,1734
FAC-011,MED-003,2026-03-28,348
FAC-011,MED-004,2026-03-28,1271
FAC-011,MED-005,2026-03-28,550
FAC-011,MED-006,2026-03-28,598
FAC-011,MED-007,2026-03-28,1207
FAC-011,MED-008,2026-03-28,1030
FAC-012,MED-001,2026-03-28,84
FAC-012,MED-002,2026-03-28,296
FAC-012,MED-003,2026-03-28,33
FAC-012,MED-004,2026-03-28,93
FAC-012,MED-005,2026-03-28,74
FAC-012,MED-006,2026-03-28,53
FAC-012,MED-007,2026-03-28,44
FAC-012,MED-008,2026-03-28,58
FAC-013,MED-001,2026-03-28,13
FAC-013,MED-002,2026-03-28,76
FAC-013,MED-003,2026-03-28,29
FAC-013,MED-004,2026-03-28,49
FAC-013,MED-005,2026-03-28,48
FAC-013,MED-006,2026-03-28,11
FAC-013,MED-007,2026-03-28,40
FAC-013,MED-008,2026-03-28,18
FAC-014,MED-001,2026-03-28,51
FAC-014,MED-002,2026-03-28,105
FAC-014,MED-003,2026-03-28,44
FAC-014,MED-004,2026-03-28,160
FAC-014,MED-005,2026-03-28,77
FAC-014,MED-006,2026-03-28,21
FAC-014,MED-007,2026-03-28,65
FAC-014,MED-008,2026-03-28,115
FAC-015,MED-001,2026-03-28,140
FAC-015,MED-002,2026-03-28,188
FAC-015,MED-003,2026-03-28,49
FAC-015,MED-004,2026-03-28,125
FAC-015,MED-005,2026-03-28,37
FAC-015,MED-006,2026-03-28,54
FAC-015,MED-007,2026-03-28,41
FAC-015,MED-008,2026-03-28,65
FAC-016,MED-001,2026-03-28,889
FAC-016,MED-002,2026-03-28,1741
FAC-016,MED-003,2026-03-28,559
FAC-016,MED-004,2026-03-28,1487
FAC-016,MED-005,2026-03-28,275
FAC-016,MED-006,2026-03-28,594
FAC-016,MED-007,2026-03-28,1032
FAC-016,MED-008,2026-03-28,486
FAC-017,MED-001,2026-03-28,79
FAC-017,MED-002,2026-03-28,207
FAC-017,MED-003,2026-03-28,48
FAC-017,MED-004,2026-03-28,82
FAC-017,MED-005,2026-03-28,109
FAC-017,MED-006,2026-03-28,76
FAC-017,MED-007,2026-03-28,57
FAC-017,MED-008,2026-03-28,185
FAC-018,MED-001,2026-03-28,48
FAC-018,MED-002,2026-03-28,42
FAC-018,MED-003,2026-03-28,39
FAC-018,MED-004,2026-03-28,38
FAC-018,MED-005,2026-03-28,24
FAC-018,MED-006,2026-03-28,37
FAC-018,MED-007,2026-03-28,50
FAC-018,MED-008,2026-03-28,54
FAC-019,MED-001,2026-03-28,160
FAC-019,MED-002,2026-03-28,241
FAC-019,MED-003,2026-03-28,33
FAC-019,MED-004,2026-03-28,178
FAC-019,MED-005,2026-03-28,62
FAC-019,MED-006,2026-03-28,56
FAC-019,MED-007,2026-03-28,97
FAC-019,MED-008,2026-03-28,186
FAC-020,MED-001,2026-03-28,167
FAC-020,MED-002,2026-03-28,212
FAC-020,MED-003,2026-03-28,28
FAC-020,MED-004,2026-03-28,102
FAC-020,MED-005,2026-03-28,71
FAC-020,MED-006,2026-03-28,38
FAC-020,MED-007,2026-03-28,110
FAC-020,MED-008,2026-03-28,150
FAC-001,MED-001,2026-03-29,121
FAC-001,MED-002,2026-03-29,0
FAC-001,MED-003,2026-03-29,34
FAC-001,MED-004,2026-03-29,1192
FAC-001,MED-005,2026-03-29,150
FAC-001,MED-006,2026-03-29,0
FAC-001,MED-007,2026-03-29,895
FAC-001,MED-008,2026-03-29,153
FAC-002,MED-001,2026-03-29,81
FAC-002,MED-002,2026-03-29,33
FAC-002,MED-003,2026-03-29,25
FAC-002,MED-004,2026-03-29,43
FAC-002,MED-005,2026-03-29,0
FAC-002,MED-006,2026-03-29,16
FAC-002,MED-007,2026-03-29,14
FAC-002,MED-008,2026-03-29,0
FAC-003,MED-001,2026-03-29,38
FAC-003,MED-002,2026-03-29,61
FAC-003,MED-003,2026-03-29,31
FAC-003,MED-004,2026-03-29,39
FAC-003,MED-005,2026-03-29,39
FAC-003,MED-006,2026-03-29,29
FAC-003,MED-007,2026-03-29,56
FAC-003,MED-008,2026-03-29,69
FAC-004,MED-001,2026-03-29,106
FAC-004,MED-002,2026-03-29,3
FAC-004,MED-003,2026-03-29,33
FAC-004,MED-004,2026-03-29,40
FAC-004,MED-005,2026-03-29,73
FAC-004,MED-006,2026-03-29,3
FAC-004,MED-007,2026-03-29,88
FAC-004,MED-008,2026-03-29,0
FAC-005,MED-001,2026-03-29,1124
FAC-005,MED-002,2026-03-29,1294
FAC-005,MED-003,2026-03-29,373
FAC-005,MED-004,2026-03-29,1216
FAC-005,MED-005,2026-03-29,296
FAC-005,MED-006,2026-03-29,182
FAC-005,MED-007,2026-03-29,438
FAC-005,MED-008,2026-03-29,1351
FAC-006,MED-001,2026-03-29,1247
FAC-006,MED-002,2026-03-29,1198
FAC-006,MED-003,2026-03-29,220
FAC-006,MED-004,2026-03-29,378
FAC-006,MED-005,2026-03-29,505
FAC-006,MED-006,2026-03-29,447
FAC-006,MED-007,2026-03-29,631
FAC-006,MED-008,2026-03-29,54
FAC-007,MED-001,2026-03-29,117
FAC-007,MED-002,2026-03-29,0
FAC-007,MED-003,2026-03-29,19
FAC-007,MED-004,2026-03-29,16
FAC-007,MED-005,2026-03-29,15
FAC-007,MED-006,2026-03-29,26
FAC-007,MED-007,2026-03-29,52
FAC-007,MED-008,2026-03-29,58
FAC-008,MED-001,2026-03-29,92
FAC-008,MED-002,2026-03-29,73
FAC-008,MED-003,2026-03-29,43
FAC-008,MED-004,2026-03-29,42
FAC-008,MED-005,2026-03-29,46
FAC-008,MED-006,2026-03-29,19
FAC-008,MED-007,2026-03-29,46
FAC-008,MED-008,2026-03-29,65
FAC-009,MED-001,2026-03-29,111
FAC-009,MED-002,2026-03-29,73
FAC-009,MED-003,2026-03-29,30
FAC-009,MED-004,2026-03-29,65
FAC-009,MED-005,2026-03-29,0
FAC-009,MED-006,2026-03-29,1
FAC-009,MED-007,2026-03-29,37
FAC-009,MED-008,2026-03-29,7
FAC-010,MED-001,2026-03-29,30
FAC-010,MED-002,2026-03-29,138
FAC-010,MED-003,2026-03-29,21
FAC-010,MED-004,2026-03-29,71
FAC-010,MED-005,2026-03-29,52
FAC-010,MED-006,2026-03-29,38
FAC-010,MED-007,2026-03-29,30
FAC-010,MED-008,2026-03-29,78
FAC-011,MED-001,2026-03-29,1702
FAC-011,MED-002,2026-03-29,1594
FAC-011,MED-003,2026-03-29,323
FAC-011,MED-004,2026-03-29,1182
FAC-011,MED-005,2026-03-29,495
FAC-011,MED-006,2026-03-29,564
FAC-011,MED-007,2026-03-29,1150
FAC-011,MED-008,2026-03-29,925
FAC-012,MED-001,2026-03-29,62
FAC-012,MED-002,2026-03-29,282
FAC-012,MED-003,2026-03-29,32
FAC-012,MED-004,2026-03-29,88
FAC-012,MED-005,2026-03-29,65
FAC-012,MED-006,2026-03-29,50
FAC-012,MED-007,2026-03-29,140
FAC-012,MED-008,2026-03-29,220
FAC-013,MED-001,2026-03-29,66
FAC-013,MED-002,2026-03-29,70
FAC-013,MED-003,2026-03-29,26
FAC-013,MED-004,2026-03-29,47
FAC-013,MED-005,2026-03-29,45
FAC-013,MED-006,2026-03-29,6
FAC-013,MED-007,2026-03-29,38
FAC-013,MED-008,2026-03-29,14
FAC-014,MED-001,2026-03-29,191
FAC-014,MED-002,2026-03-29,98
FAC-014,MED-003,2026-03-29,43
FAC-014,MED-004,2026-03-29,153
FAC-014,MED-005,2026-03-29,75
FAC-014,MED-006,2026-03-29,14
FAC-014,MED-007,2026-03-29,61
FAC-014,MED-008,2026-03-29,110
FAC-015,MED-001,2026-03-29,133
FAC-015,MED-002,2026-03-29,182
FAC-015,MED-003,2026-03-29,48
FAC-015,MED-004,2026-03-29,117
FAC-015,MED-005,2026-03-29,32
FAC-015,MED-006,2026-03-29,53
FAC-015,MED-007,2026-03-29,36
FAC-015,MED-008,2026-03-29,60
FAC-016,MED-001,2026-03-29,745
FAC-016,MED-002,2026-03-29,1586
FAC-016,MED-003,2026-03-29,525
FAC-016,MED-004,2026-03-29,1370
FAC-016,MED-005,2026-03-29,982
FAC-016,MED-006,2026-03-29,551
FAC-016,MED-007,2026-03-29,953
FAC-016,MED-008,2026-03-29,1870
FAC-017,MED-001,2026-03-29,229
FAC-017,MED-002,2026-03-29,201
FAC-017,MED-003,2026-03-29,47
FAC-017,MED-004,2026-03-29,74
FAC-017,MED-005,2026-03-29,107
FAC-017,MED-006,2026-03-29,72
FAC-017,MED-007,2026-03-29,158
FAC-017,MED-008,2026-03-29,178
FAC-018,MED-001,2026-03-29,43
FAC-018,MED-002,2026-03-29,36
FAC-018,MED-003,2026-03-29,36
FAC-018,MED-004,2026-03-29,32
FAC-018,MED-005,2026-03-29,23
FAC-018,MED-006,2026-03-29,35
FAC-018,MED-007,2026-03-29,48
FAC-018,MED-008,2026-03-29,47
FAC-019,MED-001,2026-03-29,155
FAC-019,MED-002,2026-03-29,233
FAC-019,MED-003,2026-03-29,32
FAC-019,MED-004,2026-03-29,175
FAC-019,MED-005,2026-03-29,55
FAC-019,MED-006,2026-03-29,54
FAC-019,MED-007,2026-03-29,96
FAC-019,MED-008,2026-03-29,174
FAC-020,MED-001,2026-03-29,159
FAC-020,MED-002,2026-03-29,204
FAC-020,MED-003,2026-03-29,28
FAC-020,MED-004,2026-03-29,94
FAC-020,MED-005,2026-03-29,66
FAC-020,MED-006,2026-03-29,36
FAC-020,MED-007,2026-03-29,109
FAC-020,MED-008,2026-03-29,145
FAC-001,MED-001,2026-03-30,0
FAC-001,MED-002,2026-03-30,2168
FAC-001,MED-003,2026-03-30,0
FAC-001,MED-004,2026-03-30,1065
FAC-001,MED-005,2026-03-30,83
FAC-001,MED-006,2026-03-30,0
FAC-001,MED-007,2026-03-30,797
FAC-001,MED-008,2026-03-30,1748
FAC-002,MED-001,2026-03-30,70
FAC-002,MED-002,2026-03-30,7
FAC-002,MED-003,2026-03-30,18
FAC-002,MED-004,2026-03-30,31
FAC-002,MED-005,2026-03-30,0
FAC-002,MED-006,2026-03-30,11
FAC-002,MED-007,2026-03-30,3
FAC-002,MED-008,2026-03-30,0
FAC-003,MED-001,2026-03-30,34
FAC-003,MED-002,2026-03-30,52
FAC-003,MED-003,2026-03-30,28
FAC-003,MED-004,2026-03-30,35
FAC-003,MED-005,2026-03-30,36
FAC-003,MED-006,2026-03-30,29
FAC-003,MED-007,2026-03-30,52
FAC-003,MED-008,2026-03-30,62
FAC-004,MED-001,2026-03-30,86
FAC-004,MED-002,2026-03-30,0
FAC-004,MED-003,2026-03-30,28
FAC-004,MED-004,2026-03-30,24
FAC-004,MED-005,2026-03-30,63
FAC-004,MED-006,2026-03-30,1
FAC-004,MED-007,2026-03-30,78
FAC-004,MED-008,2026-03-30,0
FAC-005,MED-001,2026-03-30,1024
FAC-005,MED-002,2026-03-30,1156
FAC-005,MED-003,2026-03-30,343
FAC-005,MED-004,2026-03-30,1141
FAC-005,MED-005,2026-03-30,245
FAC-005,MED-006,2026-03-30,565
FAC-005,MED-007,2026-03-30,370
FAC-005,MED-008,2026-03-30,1247
FAC-006,MED-001,2026-03-30,1127
FAC-006,MED-002,2026-03-30,1028
FAC-006,MED-003,2026-03-30,186
FAC-006,MED-004,2026-03-30,268
FAC-006,MED-005,2026-03-30,443
FAC-006,MED-006,2026-03-30,404
FAC-006,MED-007,2026-03-30,564
FAC-006,MED-008,2026-03-30,0
FAC-007,MED-001,2026-03-30,107
FAC-007,MED-002,2026-03-30,0
FAC-007,MED-003,2026-03-30,16
FAC-007,MED-004,2026-03-30,8
FAC-007,MED-005,2026-03-30,5
FAC-007,MED-006,2026-03-30,21
FAC-007,MED-007,2026-03-30,46
FAC-007,MED-008,2026-03-30,50
FAC-008,MED-001,2026-03-30,83
FAC-008,MED-002,2026-03-30,65
FAC-008,MED-003,2026-03-30,39
FAC-008,MED-004,2026-03-30,36
FAC-008,MED-005,2026-03-30,43
FAC-008,MED-006,2026-03-30,16
FAC-008,MED-007,2026-03-30,44
FAC-008,MED-008,2026-03-30,58
FAC-009,MED-001,2026-03-30,100
FAC-009,MED-002,2026-03-30,58
FAC-009,MED-003,2026-03-30,30
FAC-009,MED-004,2026-03-30,59
FAC-009,MED-005,2026-03-30,54
FAC-009,MED-006,2026-03-30,0
FAC-009,MED-007,2026-03-30,29
FAC-009,MED-008,2026-03-30,0
FAC-010,MED-001,2026-03-30,127
FAC-010,MED-002,2026-03-30,129
FAC-010,MED-003,2026-03-30,56
FAC-010,MED-004,2026-03-30,63
FAC-010,MED-005,2026-03-30,46
FAC-010,MED-006,2026-03-30,35
FAC-010,MED-007,2026-03-30,76
FAC-010,MED-008,2026-03-30,69
FAC-011,MED-001,2026-03-30,1593
FAC-011,MED-002,2026-03-30,1449
FAC-011,MED-003,2026-03-30,300
FAC-011,MED-004,2026-03-30,1080
FAC-011,MED-005,2026-03-30,430
FAC-011,MED-006,2026-03-30,521
FAC-011,MED-007,2026-03-30,1086
FAC-011,MED-008,2026-03-30,796
FAC-012,MED-001,2026-03-30,215
FAC-012,MED-002,2026-03-30,264
FAC-012,MED-003,2026-03-30,28
FAC-012,MED-004,2026-03-30,78
FAC-012,MED-005,2026-03-30,62
FAC-012,MED-006,2026-03-30,45
FAC-012,MED-007,2026-03-30,133
FAC-012,MED-008,2026-03-30,206
FAC-013,MED-001,2026-03-30,62
FAC-013,MED-002,2026-03-30,65
FAC-013,MED-003,2026-03-30,23
FAC-013,MED-004,2026-03-30,42
FAC-013,MED-005,2026-03-30,43
FAC-013,MED-006,2026-03-30,41
FAC-013,MED-007,2026-03-30,35
FAC-013,MED-008,2026-03-30,56
FAC-014,MED-001,2026-03-30,172
FAC-014,MED-002,2026-03-30,84
FAC-014,MED-003,2026-03-30,42
FAC-014,MED-004,2026-03-30,148
FAC-014,MED-005,2026-03-30,68
FAC-014,MED-006,2026-03-30,59
FAC-014,MED-007,2026-03-30,57
FAC-014,MED-008,2026-03-30,101
FAC-015,MED-001,2026-03-30,126
FAC-015,MED-002,2026-03-30,172
FAC-015,MED-003,2026-03-30,46
FAC-015,MED-004,2026-03-30,110
FAC-015,MED-005,2026-03-30,86
FAC-015,MED-006,2026-03-30,51
FAC-015,MED-007,2026-03-30,34
FAC-015,MED-008,2026-03-30,54
FAC-016,MED-001,2026-03-30,2115
FAC-016,MED-002,2026-03-30,1411
FAC-016,MED-003,2026-03-30,491
FAC-016,MED-004,2026-03-30,1267
FAC-016,MED-005,2026-03-30,910
FAC-016,MED-006,2026-03-30,516
FAC-016,MED-007,2026-03-30,855
FAC-016,MED-008,2026-03-30,1743
FAC-017,MED-001,2026-03-30,221
FAC-017,MED-002,2026-03-30,180
FAC-017,MED-003,2026-03-30,44
FAC-017,MED-004,2026-03-30,66
FAC-017,MED-005,2026-03-30,103
FAC-017,MED-006,2026-03-30,69
FAC-017,MED-007,2026-03-30,149
FAC-017,MED-008,2026-03-30,159
FAC-018,MED-001,2026-03-30,35
FAC-018,MED-002,2026-03-30,110
FAC-018,MED-003,2026-03-30,33
FAC-018,MED-004,2026-03-30,27
FAC-018,MED-005,2026-03-30,16
FAC-018,MED-006,2026-03-30,33
FAC-018,MED-007,2026-03-30,48
FAC-018,MED-008,2026-03-30,41
FAC-019,MED-001,2026-03-30,146
FAC-019,MED-002,2026-03-30,216
FAC-019,MED-003,2026-03-30,29
FAC-019,MED-004,2026-03-30,163
FAC-019,MED-005,2026-03-30,46
FAC-019,MED-006,2026-03-30,49
FAC-019,MED-007,2026-03-30,88
FAC-019,MED-008,2026-03-30,163
FAC-020,MED-001,2026-03-30,146
FAC-020,MED-002,2026-03-30,189
FAC-020,MED-003,2026-03-30,24
FAC-020,MED-004,2026-03-30,88
FAC-020,MED-005,2026-03-30,60
FAC-020,MED-006,2026-03-30,30
FAC-020,MED-007,2026-03-30,102
FAC-020,MED-008,2026-03-30,133
FAC-001,MED-001,2026-03-31,1637
FAC-001,MED-002,2026-03-31,1981
FAC-001,MED-003,2026-03-31,0
FAC-001,MED-004,2026-03-31,942
FAC-001,MED-005,2026-03-31,0
FAC-001,MED-006,2026-03-31,0
FAC-001,MED-007,2026-03-31,735
FAC-001,MED-008,2026-03-31,1612
FAC-002,MED-001,2026-03-31,60
FAC-002,MED-002,2026-03-31,0
FAC-002,MED-003,2026-03-31,12
FAC-002,MED-004,2026-03-31,18
FAC-002,MED-005,2026-03-31,0
FAC-002,MED-006,2026-03-31,5
FAC-002,MED-007,2026-03-31,0
FAC-002,MED-008,2026-03-31,0
FAC-003,MED-001,2026-03-31,30
FAC-003,MED-002,2026-03-31,46
FAC-003,MED-003,2026-03-31,27
FAC-003,MED-004,2026-03-31,33
FAC-003,MED-005,2026-03-31,35
FAC-003,MED-006,2026-03-31,24
FAC-003,MED-007,2026-03-31,50
FAC-003,MED-008,2026-03-31,60
FAC-004,MED-001,2026-03-31,64
FAC-004,MED-002,2026-03-31,0
FAC-004,MED-003,2026-03-31,27
FAC-004,MED-004,2026-03-31,12
FAC-004,MED-005,2026-03-31,58
FAC-004,MED-006,2026-03-31,0
FAC-004,MED-007,2026-03-31,72
FAC-004,MED-008,2026-03-31,155
FAC-005,MED-001,2026-03-31,911
FAC-005,MED-002,2026-03-31,1006
FAC-005,MED-003,2026-03-31,303
FAC-005,MED-004,2026-03-31,1074
FAC-005,MED-005,2026-03-31,183
FAC-005,MED-006,2026-03-31,526
FAC-005,MED-007,2026-03-31,1041
FAC-005,MED-008,2026-03-31,1142
FAC-006,MED-001,2026-03-31,1008
FAC-006,MED-002,2026-03-31,864
FAC-006,MED-003,2026-03-31,159
FAC-006,MED-004,2026-03-31,157
FAC-006,MED-005,2026-03-31,369
FAC-006,MED-006,2026-03-31,366
FAC-006,MED-007,2026-03-31,495
FAC-006,MED-008,2026-03-31,0
FAC-007,MED-001,2026-03-31,100
FAC-007,MED-002,2026-03-31,0
FAC-007,MED-003,2026-03-31,12
FAC-007,MED-004,2026-03-31,0
FAC-007,MED-005,2026-03-31,0
FAC-007,MED-006,2026-03-31,15
FAC-007,MED-007,2026-03-31,38
FAC-007,MED-008,2026-03-31,41
FAC-008,MED-001,2026-03-31,76
FAC-008,MED-002,2026-03-31,59
FAC-008,MED-003,2026-03-31,34
FAC-008,MED-004,2026-03-31,29
FAC-008,MED-005,2026-03-31,40
FAC-008,MED-006,2026-03-31,50
FAC-008,MED-007,2026-03-31,42
FAC-008,MED-008,2026-03-31,49
FAC-009,MED-001,2026-03-31,88
FAC-009,MED-002,2026-03-31,49
FAC-009,MED-003,2026-03-31,27
FAC-009,MED-004,2026-03-31,48
FAC-009,MED-005,2026-03-31,46
FAC-009,MED-006,2026-03-31,38
FAC-009,MED-007,2026-03-31,23
FAC-009,MED-008,2026-03-31,0
FAC-010,MED-001,2026-03-31,119
FAC-010,MED-002,2026-03-31,104
FAC-010,MED-003,2026-03-31,53
FAC-010,MED-004,2026-03-31,56
FAC-010,MED-005,2026-03-31,44
FAC-010,MED-006,2026-03-31,32
FAC-010,MED-007,2026-03-31,68
FAC-010,MED-008,2026-03-31,64
FAC-011,MED-001,2026-03-31,1482
FAC-011,MED-002,2026-03-31,1313
FAC-011,MED-003,2026-03-31,270
FAC-011,MED-004,2026-03-31,990
FAC-011,MED-005,2026-03-31,368
FAC-011,MED-006,2026-03-31,476
FAC-011,MED-007,2026-03-31,1011
FAC-011,MED-008,2026-03-31,685
FAC-012,MED-001,2026-03-31,187
FAC-012,MED-002,2026-03-31,246
FAC-012,MED-003,2026-03-31,67
FAC-012,MED-004,2026-03-31,209
FAC-012,MED-005,2026-03-31,127
FAC-012,MED-006,2026-03-31,43
FAC-012,MED-007,2026-03-31,120
FAC-012,MED-008,2026-03-31,193
FAC-013,MED-001,2026-03-31,61
FAC-013,MED-002,2026-03-31,51
FAC-013,MED-003,2026-03-31,20
FAC-013,MED-004,2026-03-31,41
FAC-013,MED-005,2026-03-31,36
FAC-013,MED-006,2026-03-31,38
FAC-013,MED-007,2026-03-31,32
FAC-013,MED-008,2026-03-31,53
FAC-014,MED-001,2026-03-31,160
FAC-014,MED-002,2026-03-31,233
FAC-014,MED-003,2026-03-31,38
FAC-014,MED-004,2026-03-31,130
FAC-014,MED-005,2026-03-31,58
FAC-014,MED-006,2026-03-31,52
FAC-014,MED-007,2026-03-31,49
FAC-014,MED-008,2026-03-31,90
FAC-015,MED-001,2026-03-31,119
FAC-015,MED-002,2026-03-31,157
FAC-015,MED-003,2026-03-31,44
FAC-015,MED-004,2026-03-31,107
FAC-015,MED-005,2026-03-31,82
FAC-015,MED-006,2026-03-31,47
FAC-015,MED-007,2026-03-31,92
FAC-015,MED-008,2026-03-31,42
FAC-016,MED-001,2026-03-31,1983
FAC-016,MED-002,2026-03-31,1237
FAC-016,MED-003,2026-03-31,451
FAC-016,MED-004,2026-03-31,1154
FAC-016,MED-005,2026-03-31,836
FAC-016,MED-006,2026-03-31,466
FAC-016,MED-007,2026-03-31,757
FAC-016,MED-008,2026-03-31,1633
FAC-017,MED-001,2026-03-31,210
FAC-017,MED-002,2026-03-31,160
FAC-017,MED-003,2026-03-31,39
FAC-017,MED-004,2026-03-31,54
FAC-017,MED-005,2026-03-31,98
FAC-017,MED-006,2026-03-31,61
FAC-017,MED-007,2026-03-31,144
FAC-017,MED-008,2026-03-31,144
FAC-018,MED-001,2026-03-31,29
FAC-018,MED-002,2026-03-31,106
FAC-018,MED-003,2026-03-31,29
FAC-018,MED-004,2026-03-31,21
FAC-018,MED-005,2026-03-31,11
FAC-018,MED-006,2026-03-31,32
FAC-018,MED-007,2026-03-31,41
FAC-018,MED-008,2026-03-31,37
FAC-019,MED-001,2026-03-31,131
FAC-019,MED-002,2026-03-31,197
FAC-019,MED-003,2026-03-31,29
FAC-019,MED-004,2026-03-31,151
FAC-019,MED-005,2026-03-31,43
FAC-019,MED-006,2026-03-31,46
FAC-019,MED-007,2026-03-31,82
FAC-019,MED-008,2026-03-31,155
FAC-020,MED-001,2026-03-31,138
FAC-020,MED-002,2026-03-31,176
FAC-020,MED-003,2026-03-31,21
FAC-020,MED-004,2026-03-31,75
FAC-020,MED-005,2026-03-31,53
FAC-020,MED-006,2026-03-31,24
FAC-020,MED-007,2026-03-31,97
FAC-020,MED-008,2026-03-31,120
