facility_id,medicine_id,date,quantity_dispensed
FAC-001,MED-001,2026-01-01,149
FAC-001,MED-002,2026-01-01,172
FAC-001,MED-003,2026-01-01,33
FAC-001,MED-004,2026-01-01,135
FAC-001,MED-005,2026-01-01,60
FAC-001,MED-006,2026-01-01,47
FAC-001,MED-007,2026-01-01,94
FAC-001,MED-008,2026-01-01,134
FAC-002,MED-001,2026-01-01,12
FAC-002,MED-002,2026-01-01,16
FAC-002,MED-003,2026-01-01,7
FAC-002,MED-004,2026-01-01,14
FAC-002,MED-005,2026-01-01,14
FAC-002,MED-006,2026-01-01,7
FAC-002,MED-007,2026-01-01,5
FAC-002,MED-008,2026-01-01,17
FAC-003,MED-001,2026-01-01,4
FAC-003,MED-002,2026-01-01,9
FAC-003,MED-003,2026-01-01,0
FAC-003,MED-004,2026-01-01,4
FAC-003,MED-005,2026-01-01,6
FAC-003,MED-006,2026-01-01,2
FAC-003,MED-007,2026-01-01,0
FAC-003,MED-008,2026-01-01,1
FAC-004,MED-001,2026-01-01,19
FAC-004,MED-002,2026-01-01,20
FAC-004,MED-003,2026-01-01,4
FAC-004,MED-004,2026-01-01,15
FAC-004,MED-005,2026-01-01,4
FAC-004,MED-006,2026-01-01,10
FAC-004,MED-007,2026-01-01,4
FAC-004,MED-008,2026-01-01,19
FAC-005,MED-001,2026-01-01,105
FAC-005,MED-002,2026-01-01,145
FAC-005,MED-003,2026-01-01,33
FAC-005,MED-004,2026-01-01,101
FAC-005,MED-005,2026-01-01,54
FAC-005,MED-006,2026-01-01,45
FAC-005,MED-007,2026-01-01,72
FAC-005,MED-008,2026-01-01,103
FAC-006,MED-001,2026-01-01,257
FAC-006,MED-002,2026-01-01,142
FAC-006,MED-003,2026-01-01,45
FAC-006,MED-004,2026-01-01,106
FAC-006,MED-005,2026-01-01,69
FAC-006,MED-006,2026-01-01,49
FAC-006,MED-007,2026-01-01,58
FAC-006,MED-008,2026-01-01,134
FAC-007,MED-001,2026-01-01,8
FAC-007,MED-002,2026-01-01,10
FAC-007,MED-003,2026-01-01,3
FAC-007,MED-004,2026-01-01,9
FAC-007,MED-005,2026-01-01,8
FAC-007,MED-006,2026-01-01,0
FAC-007,MED-007,2026-01-01,3
FAC-007,MED-008,2026-01-01,10
FAC-008,MED-001,2026-01-01,4
FAC-008,MED-002,2026-01-01,12
FAC-008,MED-003,2026-01-01,5
FAC-008,MED-004,2026-01-01,6
FAC-008,MED-005,2026-01-01,6
FAC-008,MED-006,2026-01-01,3
FAC-008,MED-007,2026-01-01,4
FAC-008,MED-008,2026-01-01,6
FAC-009,MED-001,2026-01-01,14
FAC-009,MED-002,2026-01-01,14
FAC-009,MED-003,2026-01-01,2
FAC-009,MED-004,2026-01-01,9
FAC-009,MED-005,2026-01-01,4
FAC-009,MED-006,2026-01-01,5
FAC-009,MED-007,2026-01-01,8
FAC-009,MED-008,2026-01-01,6
FAC-010,MED-001,2026-01-01,7
FAC-010,MED-002,2026-01-01,2
FAC-010,MED-003,2026-01-01,1
FAC-010,MED-004,2026-01-01,5
FAC-010,MED-005,2026-01-01,4
FAC-010,MED-006,2026-01-01,3
FAC-010,MED-007,2026-01-01,5
FAC-010,MED-008,2026-01-01,8
FAC-011,MED-001,2026-01-01,111
FAC-011,MED-002,2026-01-01,169
FAC-011,MED-003,2026-01-01,35
FAC-011,MED-004,2026-01-01,102
FAC-011,MED-005,2026-01-01,59
FAC-011,MED-006,2026-01-01,38
FAC-011,MED-007,2026-01-01,73
FAC-011,MED-008,2026-01-01,98
FAC-012,MED-001,2026-01-01,11
FAC-012,MED-002,2026-01-01,25
FAC-012,MED-003,2026-01-01,3
FAC-012,MED-004,2026-01-01,10
FAC-012,MED-005,2026-01-01,9
FAC-012,MED-006,2026-01-01,5
FAC-012,MED-007,2026-01-01,7
FAC-012,MED-008,2026-01-01,15
FAC-013,MED-001,2026-01-01,7
FAC-013,MED-002,2026-01-01,6
FAC-013,MED-003,2026-01-01,5
FAC-013,MED-004,2026-01-01,3
FAC-013,MED-005,2026-01-01,3
FAC-013,MED-006,2026-01-01,4
FAC-013,MED-007,2026-01-01,3
FAC-013,MED-008,2026-01-01,3
FAC-014,MED-001,2026-01-01,10
FAC-014,MED-002,2026-01-01,19
FAC-014,MED-003,2026-01-01,2
FAC-014,MED-004,2026-01-01,12
FAC-014,MED-005,2026-01-01,5
FAC-014,MED-006,2026-01-01,5
FAC-014,MED-007,2026-01-01,10
FAC-014,MED-008,2026-01-01,4
FAC-015,MED-001,2026-01-01,6
FAC-015,MED-002,2026-01-01,11
FAC-015,MED-003,2026-01-01,1
FAC-015,MED-004,2026-01-01,6
FAC-015,MED-005,2026-01-01,3
FAC-015,MED-006,2026-01-01,2
FAC-015,MED-007,2026-01-01,4
FAC-015,MED-008,2026-01-01,8
FAC-016,MED-001,2026-01-01,134
FAC-016,MED-002,2026-01-01,169
FAC-016,MED-003,2026-01-01,38
FAC-016,MED-004,2026-01-01,106
FAC-016,MED-005,2026-01-01,77
FAC-016,MED-006,2026-01-01,40
FAC-016,MED-007,2026-01-01,87
FAC-016,MED-008,2026-01-01,123
FAC-017,MED-001,2026-01-01,10
FAC-017,MED-002,2026-01-01,18
FAC-017,MED-003,2026-01-01,3
FAC-017,MED-004,2026-01-01,9
FAC-017,MED-005,2026-01-01,10
FAC-017,MED-006,2026-01-01,4
FAC-017,MED-007,2026-01-01,6
FAC-017,MED-008,2026-01-01,10
FAC-018,MED-001,2026-01-01,2
FAC-018,MED-002,2026-01-01,10
FAC-018,MED-003,2026-01-01,2
FAC-018,MED-004,2026-01-01,4
FAC-018,MED-005,2026-01-01,4
FAC-018,MED-006,2026-01-01,2
FAC-018,MED-007,2026-01-01,3
FAC-018,MED-008,2026-01-01,8
FAC-019,MED-001,2026-01-01,11
FAC-019,MED-002,2026-01-01,14
FAC-019,MED-003,2026-01-01,7
FAC-019,MED-004,2026-01-01,16
FAC-019,MED-005,2026-01-01,8
FAC-019,MED-006,2026-01-01,2
FAC-019,MED-007,2026-01-01,4
FAC-019,MED-008,2026-01-01,5
FAC-020,MED-001,2026-01-01,14
FAC-020,MED-002,2026-01-01,19
FAC-020,MED-003,2026-01-01,0
FAC-020,MED-004,2026-01-01,14
FAC-020,MED-005,2026-01-01,4
FAC-020,MED-006,2026-01-01,1
FAC-020,MED-007,2026-01-01,7
FAC-020,MED-008,2026-01-01,10
FAC-001,MED-001,2026-01-02,172
FAC-001,MED-002,2026-01-02,184
FAC-001,MED-003,2026-01-02,31
FAC-001,MED-004,2026-01-02,117
FAC-001,MED-005,2026-01-02,71
FAC-001,MED-006,2026-01-02,41
FAC-001,MED-007,2026-01-02,78
FAC-001,MED-008,2026-01-02,137
FAC-002,MED-001,2026-01-02,12
FAC-002,MED-002,2026-01-02,22
FAC-002,MED-003,2026-01-02,2
FAC-002,MED-004,2026-01-02,14
FAC-002,MED-005,2026-01-02,8
FAC-002,MED-006,2026-01-02,12
FAC-002,MED-007,2026-01-02,7
FAC-002,MED-008,2026-01-02,25
FAC-003,MED-001,2026-01-02,7
FAC-003,MED-002,2026-01-02,8
FAC-003,MED-003,2026-01-02,1
FAC-003,MED-004,2026-01-02,2
FAC-003,MED-005,2026-01-02,5
FAC-003,MED-006,2026-01-02,4
FAC-003,MED-007,2026-01-02,3
FAC-003,MED-008,2026-01-02,3
FAC-004,MED-001,2026-01-02,11
FAC-004,MED-002,2026-01-02,19
FAC-004,MED-003,2026-01-02,5
FAC-004,MED-004,2026-01-02,15
FAC-004,MED-005,2026-01-02,10
FAC-004,MED-006,2026-01-02,4
FAC-004,MED-007,2026-01-02,11
FAC-004,MED-008,2026-01-02,13
FAC-005,MED-001,2026-01-02,106
FAC-005,MED-002,2026-01-02,151
FAC-005,MED-003,2026-01-02,20
FAC-005,MED-004,2026-01-02,82
FAC-005,MED-005,2026-01-02,93
FAC-005,MED-006,2026-01-02,38
FAC-005,MED-007,2026-01-02,42
FAC-005,MED-008,2026-01-02,90
FAC-006,MED-001,2026-01-02,141
FAC-006,MED-002,2026-01-02,143
FAC-006,MED-003,2026-01-02,20
FAC-006,MED-004,2026-01-02,122
FAC-006,MED-005,2026-01-02,61
FAC-006,MED-006,2026-01-02,53
FAC-006,MED-007,2026-01-02,74
FAC-006,MED-008,2026-01-02,126
FAC-007,MED-001,2026-01-02,10
FAC-007,MED-002,2026-01-02,14
FAC-007,MED-003,2026-01-02,4
FAC-007,MED-004,2026-01-02,7
FAC-007,MED-005,2026-01-02,5
FAC-007,MED-006,2026-01-02,3
FAC-007,MED-007,2026-01-02,11
FAC-007,MED-008,2026-01-02,14
FAC-008,MED-001,2026-01-02,7
FAC-008,MED-002,2026-01-02,8
FAC-008,MED-003,2026-01-02,3
FAC-008,MED-004,2026-01-02,3
FAC-008,MED-005,2026-01-02,3
FAC-008,MED-006,2026-01-02,1
FAC-008,MED-007,2026-01-02,6
FAC-008,MED-008,2026-01-02,4
FAC-009,MED-001,2026-01-02,8
FAC-009,MED-002,2026-01-02,23
FAC-009,MED-003,2026-01-02,5
FAC-009,MED-004,2026-01-02,6
FAC-009,MED-005,2026-01-02,10
FAC-009,MED-006,2026-01-02,5
FAC-009,MED-007,2026-01-02,5
FAC-009,MED-008,2026-01-02,14
FAC-010,MED-001,2026-01-02,8
FAC-010,MED-002,2026-01-02,12
FAC-010,MED-003,2026-01-02,4
FAC-010,MED-004,2026-01-02,9
FAC-010,MED-005,2026-01-02,0
FAC-010,MED-006,2026-01-02,3
FAC-010,MED-007,2026-01-02,3
FAC-010,MED-008,2026-01-02,8
FAC-011,MED-001,2026-01-02,127
FAC-011,MED-002,2026-01-02,159
FAC-011,MED-003,2026-01-02,30
FAC-011,MED-004,2026-01-02,124
FAC-011,MED-005,2026-01-02,71
FAC-011,MED-006,2026-01-02,42
FAC-011,MED-007,2026-01-02,83
FAC-011,MED-008,2026-01-02,120
FAC-012,MED-001,2026-01-02,14
FAC-012,MED-002,2026-01-02,20
FAC-012,MED-003,2026-01-02,3
FAC-012,MED-004,2026-01-02,14
FAC-012,MED-005,2026-01-02,11
FAC-012,MED-006,2026-01-02,4
FAC-012,MED-007,2026-01-02,6
FAC-012,MED-008,2026-01-02,10
FAC-013,MED-001,2026-01-02,7
FAC-013,MED-002,2026-01-02,4
FAC-013,MED-003,2026-01-02,2
FAC-013,MED-004,2026-01-02,6
FAC-013,MED-005,2026-01-02,6
FAC-013,MED-006,2026-01-02,4
FAC-013,MED-007,2026-01-02,2
FAC-013,MED-008,2026-01-02,5
FAC-014,MED-001,2026-01-02,16
FAC-014,MED-002,2026-01-02,13
FAC-014,MED-003,2026-01-02,3
FAC-014,MED-004,2026-01-02,13
FAC-014,MED-005,2026-01-02,3
FAC-014,MED-006,2026-01-02,6
FAC-014,MED-007,2026-01-02,5
FAC-014,MED-008,2026-01-02,10
FAC-015,MED-001,2026-01-02,6
FAC-015,MED-002,2026-01-02,14
FAC-015,MED-003,2026-01-02,6
FAC-015,MED-004,2026-01-02,8
FAC-015,MED-005,2026-01-02,1
FAC-015,MED-006,2026-01-02,4
FAC-015,MED-007,2026-01-02,8
FAC-015,MED-008,2026-01-02,11
FAC-016,MED-001,2026-01-02,136
FAC-016,MED-002,2026-01-02,171
FAC-016,MED-003,2026-01-02,43
FAC-016,MED-004,2026-01-02,95
FAC-016,MED-005,2026-01-02,75
FAC-016,MED-006,2026-01-02,29
FAC-016,MED-007,2026-01-02,114
FAC-016,MED-008,2026-01-02,135
FAC-017,MED-001,2026-01-02,12
FAC-017,MED-002,2026-01-02,13
FAC-017,MED-003,2026-01-02,3
FAC-017,MED-004,2026-01-02,21
FAC-017,MED-005,2026-01-02,7
FAC-017,MED-006,2026-01-02,9
FAC-017,MED-007,2026-01-02,8
FAC-017,MED-008,2026-01-02,18
FAC-018,MED-001,2026-01-02,11
FAC-018,MED-002,2026-01-02,4
FAC-018,MED-003,2026-01-02,5
FAC-018,MED-004,2026-01-02,7
FAC-018,MED-005,2026-01-02,0
FAC-018,MED-006,2026-01-02,3
FAC-018,MED-007,2026-01-02,4
FAC-018,MED-008,2026-01-02,2
FAC-019,MED-001,2026-01-02,11
FAC-019,MED-002,2026-01-02,13
FAC-019,MED-003,2026-01-02,5
FAC-019,MED-004,2026-01-02,12
FAC-019,MED-005,2026-01-02,6
FAC-019,MED-006,2026-01-02,7
FAC-019,MED-007,2026-01-02,7
FAC-019,MED-008,2026-01-02,10
FAC-020,MED-001,2026-01-02,12
FAC-020,MED-002,2026-01-02,21
FAC-020,MED-003,2026-01-02,3
FAC-020,MED-004,2026-01-02,6
FAC-020,MED-005,2026-01-02,6
FAC-020,MED-006,2026-01-02,5
FAC-020,MED-007,2026-01-02,7
FAC-020,MED-008,2026-01-02,4
FAC-001,MED-001,2026-01-03,131
FAC-001,MED-002,2026-01-03,164
FAC-001,MED-003,2026-01-03,34
FAC-001,MED-004,2026-01-03,116
FAC-001,MED-005,2026-01-03,83
FAC-001,MED-006,2026-01-03,45
FAC-001,MED-007,2026-01-03,99
FAC-001,MED-008,2026-01-03,120
FAC-002,MED-001,2026-01-03,9
FAC-002,MED-002,2026-01-03,9
FAC-002,MED-003,2026-01-03,1
FAC-002,MED-004,2026-01-03,6
FAC-002,MED-005,2026-01-03,7
FAC-002,MED-006,2026-01-03,2
FAC-002,MED-007,2026-01-03,3
FAC-002,MED-008,2026-01-03,9
FAC-003,MED-001,2026-01-03,4
FAC-003,MED-002,2026-01-03,7
FAC-003,MED-003,2026-01-03,5
FAC-003,MED-004,2026-01-03,6
FAC-003,MED-005,2026-01-03,3
FAC-003,MED-006,2026-01-03,1
FAC-003,MED-007,2026-01-03,6
FAC-003,MED-008,2026-01-03,3
FAC-004,MED-001,2026-01-03,11
FAC-004,MED-002,2026-01-03,7
FAC-004,MED-003,2026-01-03,5
FAC-004,MED-004,2026-01-03,9
FAC-004,MED-005,2026-01-03,9
FAC-004,MED-006,2026-01-03,3
FAC-004,MED-007,2026-01-03,8
FAC-004,MED-008,2026-01-03,15
FAC-005,MED-001,2026-01-03,104
FAC-005,MED-002,2026-01-03,153
FAC-005,MED-003,2026-01-03,30
FAC-005,MED-004,2026-01-03,83
FAC-005,MED-005,2026-01-03,58
FAC-005,MED-006,2026-01-03,31
FAC-005,MED-007,2026-01-03,57
FAC-005,MED-008,2026-01-03,92
FAC-006,MED-001,2026-01-03,140
FAC-006,MED-002,2026-01-03,157
FAC-006,MED-003,2026-01-03,21
FAC-006,MED-004,2026-01-03,103
FAC-006,MED-005,2026-01-03,64
FAC-006,MED-006,2026-01-03,51
FAC-006,MED-007,2026-01-03,83
FAC-006,MED-008,2026-01-03,111
FAC-007,MED-001,2026-01-03,11
FAC-007,MED-002,2026-01-03,11
FAC-007,MED-003,2026-01-03,1
FAC-007,MED-004,2026-01-03,4
FAC-007,MED-005,2026-01-03,4
FAC-007,MED-006,2026-01-03,1
FAC-007,MED-007,2026-01-03,1
FAC-007,MED-008,2026-01-03,8
FAC-008,MED-001,2026-01-03,6
FAC-008,MED-002,2026-01-03,9
FAC-008,MED-003,2026-01-03,0
FAC-008,MED-004,2026-01-03,3
FAC-008,MED-005,2026-01-03,2
FAC-008,MED-006,2026-01-03,1
FAC-008,MED-007,2026-01-03,8
FAC-008,MED-008,2026-01-03,6
FAC-009,MED-001,2026-01-03,2
FAC-009,MED-002,2026-01-03,6
FAC-009,MED-003,2026-01-03,4
FAC-009,MED-004,2026-01-03,10
FAC-009,MED-005,2026-01-03,3
FAC-009,MED-006,2026-01-03,2
FAC-009,MED-007,2026-01-03,3
FAC-009,MED-008,2026-01-03,8
FAC-010,MED-001,2026-01-03,3
FAC-010,MED-002,2026-01-03,3
FAC-010,MED-003,2026-01-03,1
FAC-010,MED-004,2026-01-03,7
FAC-010,MED-005,2026-01-03,2
FAC-010,MED-006,2026-01-03,1
FAC-010,MED-007,2026-01-03,4
FAC-010,MED-008,2026-01-03,2
FAC-011,MED-001,2026-01-03,117
FAC-011,MED-002,2026-01-03,129
FAC-011,MED-003,2026-01-03,28
FAC-011,MED-004,2026-01-03,109
FAC-011,MED-005,2026-01-03,60
FAC-011,MED-006,2026-01-03,39
FAC-011,MED-007,2026-01-03,80
FAC-011,MED-008,2026-01-03,119
FAC-012,MED-001,2026-01-03,12
FAC-012,MED-002,2026-01-03,15
FAC-012,MED-003,2026-01-03,5
FAC-012,MED-004,2026-01-03,8
FAC-012,MED-005,2026-01-03,4
FAC-012,MED-006,2026-01-03,4
FAC-012,MED-007,2026-01-03,4
FAC-012,MED-008,2026-01-03,8
FAC-013,MED-001,2026-01-03,5
FAC-013,MED-002,2026-01-03,3
FAC-013,MED-003,2026-01-03,2
FAC-013,MED-004,2026-01-03,2
FAC-013,MED-005,2026-01-03,2
FAC-013,MED-006,2026-01-03,2
FAC-013,MED-007,2026-01-03,5
FAC-013,MED-008,2026-01-03,5
FAC-014,MED-001,2026-01-03,9
FAC-014,MED-002,2026-01-03,8
FAC-014,MED-003,2026-01-03,1
FAC-014,MED-004,2026-01-03,3
FAC-014,MED-005,2026-01-03,0
FAC-014,MED-006,2026-01-03,2
FAC-014,MED-007,2026-01-03,7
FAC-014,MED-008,2026-01-03,6
FAC-015,MED-001,2026-01-03,10
FAC-015,MED-002,2026-01-03,7
FAC-015,MED-003,2026-01-03,3
FAC-015,MED-004,2026-01-03,6
FAC-015,MED-005,2026-01-03,4
FAC-015,MED-006,2026-01-03,2
FAC-015,MED-007,2026-01-03,2
FAC-015,MED-008,2026-01-03,2
FAC-016,MED-001,2026-01-03,116
FAC-016,MED-002,2026-01-03,161
FAC-016,MED-003,2026-01-03,48
FAC-016,MED-004,2026-01-03,103
FAC-016,MED-005,2026-01-03,55
FAC-016,MED-006,2026-01-03,50
FAC-016,MED-007,2026-01-03,84
FAC-016,MED-008,2026-01-03,116
FAC-017,MED-001,2026-01-03,10
FAC-017,MED-002,2026-01-03,8
FAC-017,MED-003,2026-01-03,1
FAC-017,MED-004,2026-01-03,8
FAC-017,MED-005,2026-01-03,6
FAC-017,MED-006,2026-01-03,3
FAC-017,MED-007,2026-01-03,4
FAC-017,MED-008,2026-01-03,7
FAC-018,MED-001,2026-01-03,4
FAC-018,MED-002,2026-01-03,5
FAC-018,MED-003,2026-01-03,2
FAC-018,MED-004,2026-01-03,7
FAC-018,MED-005,2026-01-03,6
FAC-018,MED-006,2026-01-03,2
FAC-018,MED-007,2026-01-03,3
FAC-018,MED-008,2026-01-03,3
FAC-019,MED-001,2026-01-03,8
FAC-019,MED-002,2026-01-03,9
FAC-019,MED-003,2026-01-03,4
FAC-019,MED-004,2026-01-03,6
FAC-019,MED-005,2026-01-03,2
FAC-019,MED-006,2026-01-03,2
FAC-019,MED-007,2026-01-03,6
FAC-019,MED-008,2026-01-03,9
FAC-020,MED-001,2026-01-03,4
FAC-020,MED-002,2026-01-03,11
FAC-020,MED-003,2026-01-03,1
FAC-020,MED-004,2026-01-03,4
FAC-020,MED-005,2026-01-03,1
FAC-020,MED-006,2026-01-03,4
FAC-020,MED-007,2026-01-03,4
FAC-020,MED-008,2026-01-03,10
FAC-001,MED-001,2026-01-04,142
FAC-001,MED-002,2026-01-04,165
FAC-001,MED-003,2026-01-04,39
FAC-001,MED-004,2026-01-04,117
FAC-001,MED-005,2026-01-04,75
FAC-001,MED-006,2026-01-04,58
FAC-001,MED-007,2026-01-04,93
FAC-001,MED-008,2026-01-04,117
FAC-002,MED-001,2026-01-04,12
FAC-002,MED-002,2026-01-04,9
FAC-002,MED-003,2026-01-04,2
FAC-002,MED-004,2026-01-04,8
FAC-002,MED-005,2026-01-04,13
FAC-002,MED-006,2026-01-04,1
FAC-002,MED-007,2026-01-04,6
FAC-002,MED-008,2026-01-04,9
FAC-003,MED-001,2026-01-04,3
FAC-003,MED-002,2026-01-04,4
FAC-003,MED-003,2026-01-04,1
FAC-003,MED-004,2026-01-04,4
FAC-003,MED-005,2026-01-04,2
FAC-003,MED-006,2026-01-04,2
FAC-003,MED-007,2026-01-04,2
FAC-003,MED-008,2026-01-04,6
FAC-004,MED-001,2026-01-04,8
FAC-004,MED-002,2026-01-04,8
FAC-004,MED-003,2026-01-04,2
FAC-004,MED-004,2026-01-04,10
FAC-004,MED-005,2026-01-04,6
FAC-004,MED-006,2026-01-04,6
FAC-004,MED-007,2026-01-04,6
FAC-004,MED-008,2026-01-04,5
FAC-005,MED-001,2026-01-04,109
FAC-005,MED-002,2026-01-04,150
FAC-005,MED-003,2026-01-04,25
FAC-005,MED-004,2026-01-04,97
FAC-005,MED-005,2026-01-04,60
FAC-005,MED-006,2026-01-04,45
FAC-005,MED-007,2026-01-04,69
FAC-005,MED-008,2026-01-04,102
FAC-006,MED-001,2026-01-04,124
FAC-006,MED-002,2026-01-04,165
FAC-006,MED-003,2026-01-04,32
FAC-006,MED-004,2026-01-04,150
FAC-006,MED-005,2026-01-04,75
FAC-006,MED-006,2026-01-04,46
FAC-006,MED-007,2026-01-04,123
FAC-006,MED-008,2026-01-04,111
FAC-007,MED-001,2026-01-04,10
FAC-007,MED-002,2026-01-04,15
FAC-007,MED-003,2026-01-04,4
FAC-007,MED-004,2026-01-04,10
FAC-007,MED-005,2026-01-04,5
FAC-007,MED-006,2026-01-04,2
FAC-007,MED-007,2026-01-04,3
FAC-007,MED-008,2026-01-04,12
FAC-008,MED-001,2026-01-04,8
FAC-008,MED-002,2026-01-04,15
FAC-008,MED-003,2026-01-04,2
FAC-008,MED-004,2026-01-04,2
FAC-008,MED-005,2026-01-04,1
FAC-008,MED-006,2026-01-04,1
FAC-008,MED-007,2026-01-04,5
FAC-008,MED-008,2026-01-04,4
FAC-009,MED-001,2026-01-04,6
FAC-009,MED-002,2026-01-04,7
FAC-009,MED-003,2026-01-04,2
FAC-009,MED-004,2026-01-04,3
FAC-009,MED-005,2026-01-04,4
FAC-009,MED-006,2026-01-04,4
FAC-009,MED-007,2026-01-04,5
FAC-009,MED-008,2026-01-04,10
FAC-010,MED-001,2026-01-04,7
FAC-010,MED-002,2026-01-04,9
FAC-010,MED-003,2026-01-04,1
FAC-010,MED-004,2026-01-04,8
FAC-010,MED-005,2026-01-04,1
FAC-010,MED-006,2026-01-04,8
FAC-010,MED-007,2026-01-04,5
FAC-010,MED-008,2026-01-04,1
FAC-011,MED-001,2026-01-04,133
FAC-011,MED-002,2026-01-04,227
FAC-011,MED-003,2026-01-04,27
FAC-011,MED-004,2026-01-04,77
FAC-011,MED-005,2026-01-04,61
FAC-011,MED-006,2026-01-04,40
FAC-011,MED-007,2026-01-04,64
FAC-011,MED-008,2026-01-04,104
FAC-012,MED-001,2026-01-04,14
FAC-012,MED-002,2026-01-04,11
FAC-012,MED-003,2026-01-04,3
FAC-012,MED-004,2026-01-04,8
FAC-012,MED-005,2026-01-04,4
FAC-012,MED-006,2026-01-04,2
FAC-012,MED-007,2026-01-04,10
FAC-012,MED-008,2026-01-04,12
FAC-013,MED-001,2026-01-04,4
FAC-013,MED-002,2026-01-04,4
FAC-013,MED-003,2026-01-04,0
FAC-013,MED-004,2026-01-04,2
FAC-013,MED-005,2026-01-04,3
FAC-013,MED-006,2026-01-04,3
FAC-013,MED-007,2026-01-04,1
FAC-013,MED-008,2026-01-04,4
FAC-014,MED-001,2026-01-04,2
FAC-014,MED-002,2026-01-04,11
FAC-014,MED-003,2026-01-04,0
FAC-014,MED-004,2026-01-04,5
FAC-014,MED-005,2026-01-04,4
FAC-014,MED-006,2026-01-04,5
FAC-014,MED-007,2026-01-04,7
FAC-014,MED-008,2026-01-04,10
FAC-015,MED-001,2026-01-04,6
FAC-015,MED-002,2026-01-04,8
FAC-015,MED-003,2026-01-04,1
FAC-015,MED-004,2026-01-04,7
FAC-015,MED-005,2026-01-04,6
FAC-015,MED-006,2026-01-04,3
FAC-015,MED-007,2026-01-04,4
FAC-015,MED-008,2026-01-04,9
FAC-016,MED-001,2026-01-04,120
FAC-016,MED-002,2026-01-04,168
FAC-016,MED-003,2026-01-04,27
FAC-016,MED-004,2026-01-04,105
FAC-016,MED-005,2026-01-04,64
FAC-016,MED-006,2026-01-04,42
FAC-016,MED-007,2026-01-04,71
FAC-016,MED-008,2026-01-04,123
FAC-017,MED-001,2026-01-04,12
FAC-017,MED-002,2026-01-04,7
FAC-017,MED-003,2026-01-04,0
FAC-017,MED-004,2026-01-04,8
FAC-017,MED-005,2026-01-04,3
FAC-017,MED-006,2026-01-04,3
FAC-017,MED-007,2026-01-04,7
FAC-017,MED-008,2026-01-04,10
FAC-018,MED-001,2026-01-04,3
FAC-018,MED-002,2026-01-04,4
FAC-018,MED-003,2026-01-04,0
FAC-018,MED-004,2026-01-04,4
FAC-018,MED-005,2026-01-04,1
FAC-018,MED-006,2026-01-04,1
FAC-018,MED-007,2026-01-04,1
FAC-018,MED-008,2026-01-04,6
FAC-019,MED-001,2026-01-04,8
FAC-019,MED-002,2026-01-04,6
FAC-019,MED-003,2026-01-04,2
FAC-019,MED-004,2026-01-04,4
FAC-019,MED-005,2026-01-04,4
FAC-019,MED-006,2026-01-04,3
FAC-019,MED-007,2026-01-04,5
FAC-019,MED-008,2026-01-04,9
FAC-020,MED-001,2026-01-04,6
FAC-020,MED-002,2026-01-04,9
FAC-020,MED-003,2026-01-04,1
FAC-020,MED-004,2026-01-04,5
FAC-020,MED-005,2026-01-04,1
FAC-020,MED-006,2026-01-04,1
FAC-020,MED-007,2026-01-04,1
FAC-020,MED-008,2026-01-04,4
FAC-001,MED-001,2026-01-05,137
FAC-001,MED-002,2026-01-05,184
FAC-001,MED-003,2026-01-05,37
FAC-001,MED-004,2026-01-05,124
FAC-001,MED-005,2026-01-05,78
FAC-001,MED-006,2026-01-05,56
FAC-001,MED-007,2026-01-05,82
FAC-001,MED-008,2026-01-05,123
FAC-002,MED-001,2026-01-05,12
FAC-002,MED-002,2026-01-05,18
FAC-002,MED-003,2026-01-05,3
FAC-002,MED-004,2026-01-05,14
FAC-002,MED-005,2026-01-05,3
FAC-002,MED-006,2026-01-05,5
FAC-002,MED-007,2026-01-05,8
FAC-002,MED-008,2026-01-05,15
FAC-003,MED-001,2026-01-05,0
FAC-003,MED-002,2026-01-05,6
FAC-003,MED-003,2026-01-05,1
FAC-003,MED-004,2026-01-05,2
FAC-003,MED-005,2026-01-05,1
FAC-003,MED-006,2026-01-05,4
FAC-003,MED-007,2026-01-05,3
FAC-003,MED-008,2026-01-05,6
FAC-004,MED-001,2026-01-05,21
FAC-004,MED-002,2026-01-05,25
FAC-004,MED-003,2026-01-05,3
FAC-004,MED-004,2026-01-05,17
FAC-004,MED-005,2026-01-05,5
FAC-004,MED-006,2026-01-05,3
FAC-004,MED-007,2026-01-05,10
FAC-004,MED-008,2026-01-05,9
FAC-005,MED-001,2026-01-05,104
FAC-005,MED-002,2026-01-05,129
FAC-005,MED-003,2026-01-05,33
FAC-005,MED-004,2026-01-05,74
FAC-005,MED-005,2026-01-05,76
FAC-005,MED-006,2026-01-05,66
FAC-005,MED-007,2026-01-05,55
FAC-005,MED-008,2026-01-05,124
FAC-006,MED-001,2026-01-05,135
FAC-006,MED-002,2026-01-05,150
FAC-006,MED-003,2026-01-05,26
FAC-006,MED-004,2026-01-05,94
FAC-006,MED-005,2026-01-05,64
FAC-006,MED-006,2026-01-05,48
FAC-006,MED-007,2026-01-05,84
FAC-006,MED-008,2026-01-05,122
FAC-007,MED-001,2026-01-05,11
FAC-007,MED-002,2026-01-05,15
FAC-007,MED-003,2026-01-05,6
FAC-007,MED-004,2026-01-05,8
FAC-007,MED-005,2026-01-05,4
FAC-007,MED-006,2026-01-05,4
FAC-007,MED-007,2026-01-05,8
FAC-007,MED-008,2026-01-05,16
FAC-008,MED-001,2026-01-05,8
FAC-008,MED-002,2026-01-05,3
FAC-008,MED-003,2026-01-05,6
FAC-008,MED-004,2026-01-05,5
FAC-008,MED-005,2026-01-05,7
FAC-008,MED-006,2026-01-05,0
FAC-008,MED-007,2026-01-05,4
FAC-008,MED-008,2026-01-05,4
FAC-009,MED-001,2026-01-05,11
FAC-009,MED-002,2026-01-05,17
FAC-009,MED-003,2026-01-05,3
FAC-009,MED-004,2026-01-05,11
FAC-009,MED-005,2026-01-05,5
FAC-009,MED-006,2026-01-05,4
FAC-009,MED-007,2026-01-05,5
FAC-009,MED-008,2026-01-05,11
FAC-010,MED-001,2026-01-05,9
FAC-010,MED-002,2026-01-05,7
FAC-010,MED-003,2026-01-05,5
FAC-010,MED-004,2026-01-05,6
FAC-010,MED-005,2026-01-05,5
FAC-010,MED-006,2026-01-05,5
FAC-010,MED-007,2026-01-05,3
FAC-010,MED-008,2026-01-05,9
FAC-011,MED-001,2026-01-05,114
FAC-011,MED-002,2026-01-05,156
FAC-011,MED-003,2026-01-05,32
FAC-011,MED-004,2026-01-05,112
FAC-011,MED-005,2026-01-05,68
FAC-011,MED-006,2026-01-05,43
FAC-011,MED-007,2026-01-05,68
FAC-011,MED-008,2026-01-05,114
FAC-012,MED-001,2026-01-05,16
FAC-012,MED-002,2026-01-05,20
FAC-012,MED-003,2026-01-05,2
FAC-012,MED-004,2026-01-05,8
FAC-012,MED-005,2026-01-05,7
FAC-012,MED-006,2026-01-05,1
FAC-012,MED-007,2026-01-05,6
FAC-012,MED-008,2026-01-05,14
FAC-013,MED-001,2026-01-05,2
FAC-013,MED-002,2026-01-05,5
FAC-013,MED-003,2026-01-05,2
FAC-013,MED-004,2026-01-05,5
FAC-013,MED-005,2026-01-05,0
FAC-013,MED-006,2026-01-05,3
FAC-013,MED-007,2026-01-05,1
FAC-013,MED-008,2026-01-05,3
FAC-014,MED-001,2026-01-05,13
FAC-014,MED-002,2026-01-05,12
FAC-014,MED-003,2026-01-05,5
FAC-014,MED-004,2026-01-05,11
FAC-014,MED-005,2026-01-05,5
FAC-014,MED-006,2026-01-05,3
FAC-014,MED-007,2026-01-05,8
FAC-014,MED-008,2026-01-05,8
FAC-015,MED-001,2026-01-05,7
FAC-015,MED-002,2026-01-05,7
FAC-015,MED-003,2026-01-05,2
FAC-015,MED-004,2026-01-05,5
FAC-015,MED-005,2026-01-05,1
FAC-015,MED-006,2026-01-05,1
FAC-015,MED-007,2026-01-05,5
FAC-015,MED-008,2026-01-05,7
FAC-016,MED-001,2026-01-05,141
FAC-016,MED-002,2026-01-05,159
FAC-016,MED-003,2026-01-05,58
FAC-016,MED-004,2026-01-05,118
FAC-016,MED-005,2026-01-05,64
FAC-016,MED-006,2026-01-05,43
FAC-016,MED-007,2026-01-05,85
FAC-016,MED-008,2026-01-05,138
FAC-017,MED-001,2026-01-05,10
FAC-017,MED-002,2026-01-05,15
FAC-017,MED-003,2026-01-05,0
FAC-017,MED-004,2026-01-05,11
FAC-017,MED-005,2026-01-05,8
FAC-017,MED-006,2026-01-05,2
FAC-017,MED-007,2026-01-05,12
FAC-017,MED-008,2026-01-05,11
FAC-018,MED-001,2026-01-05,5
FAC-018,MED-002,2026-01-05,9
FAC-018,MED-003,2026-01-05,1
FAC-018,MED-004,2026-01-05,3
FAC-018,MED-005,2026-01-05,0
FAC-018,MED-006,2026-01-05,2
FAC-018,MED-007,2026-01-05,6
FAC-018,MED-008,2026-01-05,6
FAC-019,MED-001,2026-01-05,13
FAC-019,MED-002,2026-01-05,13
FAC-019,MED-003,2026-01-05,7
FAC-019,MED-004,2026-01-05,6
FAC-019,MED-005,2026-01-05,4
FAC-019,MED-006,2026-01-05,7
FAC-019,MED-007,2026-01-05,5
FAC-019,MED-008,2026-01-05,10
FAC-020,MED-001,2026-01-05,11
FAC-020,MED-002,2026-01-05,14
FAC-020,MED-003,2026-01-05,5
FAC-020,MED-004,2026-01-05,6
FAC-020,MED-005,2026-01-05,7
FAC-020,MED-006,2026-01-05,4
FAC-020,MED-007,2026-01-05,7
FAC-020,MED-008,2026-01-05,10
FAC-001,MED-001,2026-01-06,159
FAC-001,MED-002,2026-01-06,190
FAC-001,MED-003,2026-01-06,33
FAC-001,MED-004,2026-01-06,119
FAC-001,MED-005,2026-01-06,74
FAC-001,MED-006,2026-01-06,65
FAC-001,MED-007,2026-01-06,100
FAC-001,MED-008,2026-01-06,161
FAC-002,MED-001,2026-01-06,7
FAC-002,MED-002,2026-01-06,22
FAC-002,MED-003,2026-01-06,8
FAC-002,MED-004,2026-01-06,10
FAC-002,MED-005,2026-01-06,4
FAC-002,MED-006,2026-01-06,3
FAC-002,MED-007,2026-01-06,12
FAC-002,MED-008,2026-01-06,13
FAC-003,MED-001,2026-01-06,5
FAC-003,MED-002,2026-01-06,8
FAC-003,MED-003,2026-01-06,5
FAC-003,MED-004,2026-01-06,12
FAC-003,MED-005,2026-01-06,6
FAC-003,MED-006,2026-01-06,3
FAC-003,MED-007,2026-01-06,2
FAC-003,MED-008,2026-01-06,4
FAC-004,MED-001,2026-01-06,12
FAC-004,MED-002,2026-01-06,21
FAC-004,MED-003,2026-01-06,4
FAC-004,MED-004,2026-01-06,14
FAC-004,MED-005,2026-01-06,7
FAC-004,MED-006,2026-01-06,1
FAC-004,MED-007,2026-01-06,7
FAC-004,MED-008,2026-01-06,17
FAC-005,MED-001,2026-01-06,124
FAC-005,MED-002,2026-01-06,142
FAC-005,MED-003,2026-01-06,25
FAC-005,MED-004,2026-01-06,103
FAC-005,MED-005,2026-01-06,57
FAC-005,MED-006,2026-01-06,36
FAC-005,MED-007,2026-01-06,63
FAC-005,MED-008,2026-01-06,106
FAC-006,MED-001,2026-01-06,119
FAC-006,MED-002,2026-01-06,161
FAC-006,MED-003,2026-01-06,24
FAC-006,MED-004,2026-01-06,111
FAC-006,MED-005,2026-01-06,86
FAC-006,MED-006,2026-01-06,47
FAC-006,MED-007,2026-01-06,74
FAC-006,MED-008,2026-01-06,114
FAC-007,MED-001,2026-01-06,8
FAC-007,MED-002,2026-01-06,24
FAC-007,MED-003,2026-01-06,4
FAC-007,MED-004,2026-01-06,12
FAC-007,MED-005,2026-01-06,5
FAC-007,MED-006,2026-01-06,5
FAC-007,MED-007,2026-01-06,10
FAC-007,MED-008,2026-01-06,15
FAC-008,MED-001,2026-01-06,6
FAC-008,MED-002,2026-01-06,5
FAC-008,MED-003,2026-01-06,1
FAC-008,MED-004,2026-01-06,8
FAC-008,MED-005,2026-01-06,5
FAC-008,MED-006,2026-01-06,3
FAC-008,MED-007,2026-01-06,6
FAC-008,MED-008,2026-01-06,9
FAC-009,MED-001,2026-01-06,8
FAC-009,MED-002,2026-01-06,14
FAC-009,MED-003,2026-01-06,4
FAC-009,MED-004,2026-01-06,11
FAC-009,MED-005,2026-01-06,3
FAC-009,MED-006,2026-01-06,2
FAC-009,MED-007,2026-01-06,5
FAC-009,MED-008,2026-01-06,8
FAC-010,MED-001,2026-01-06,9
FAC-010,MED-002,2026-01-06,10
FAC-010,MED-003,2026-01-06,5
FAC-010,MED-004,2026-01-06,2
FAC-010,MED-005,2026-01-06,2
FAC-010,MED-006,2026-01-06,3
FAC-010,MED-007,2026-01-06,5
FAC-010,MED-008,2026-01-06,6
FAC-011,MED-001,2026-01-06,95
FAC-011,MED-002,2026-01-06,141
FAC-011,MED-003,2026-01-06,31
FAC-011,MED-004,2026-01-06,103
FAC-011,MED-005,2026-01-06,54
FAC-011,MED-006,2026-01-06,35
FAC-011,MED-007,2026-01-06,75
FAC-011,MED-008,2026-01-06,124
FAC-012,MED-001,2026-01-06,19
FAC-012,MED-002,2026-01-06,20
FAC-012,MED-003,2026-01-06,4
FAC-012,MED-004,2026-01-06,17
FAC-012,MED-005,2026-01-06,11
FAC-012,MED-006,2026-01-06,4
FAC-012,MED-007,2026-01-06,11
FAC-012,MED-008,2026-01-06,18
FAC-013,MED-001,2026-01-06,2
FAC-013,MED-002,2026-01-06,7
FAC-013,MED-003,2026-01-06,0
FAC-013,MED-004,2026-01-06,5
FAC-013,MED-005,2026-01-06,6
FAC-013,MED-006,2026-01-06,3
FAC-013,MED-007,2026-01-06,6
FAC-013,MED-008,2026-01-06,3
FAC-014,MED-001,2026-01-06,10
FAC-014,MED-002,2026-01-06,23
FAC-014,MED-003,2026-01-06,2
FAC-014,MED-004,2026-01-06,14
FAC-014,MED-005,2026-01-06,7
FAC-014,MED-006,2026-01-06,6
FAC-014,MED-007,2026-01-06,2
FAC-014,MED-008,2026-01-06,11
FAC-015,MED-001,2026-01-06,10
FAC-015,MED-002,2026-01-06,20
FAC-015,MED-003,2026-01-06,5
FAC-015,MED-004,2026-01-06,4
FAC-015,MED-005,2026-01-06,3
FAC-015,MED-006,2026-01-06,4
FAC-015,MED-007,2026-01-06,2
FAC-015,MED-008,2026-01-06,7
FAC-016,MED-001,2026-01-06,117
FAC-016,MED-002,2026-01-06,177
FAC-016,MED-003,2026-01-06,31
FAC-016,MED-004,2026-01-06,112
FAC-016,MED-005,2026-01-06,66
FAC-016,MED-006,2026-01-06,40
FAC-016,MED-007,2026-01-06,88
FAC-016,MED-008,2026-01-06,122
FAC-017,MED-001,2026-01-06,12
FAC-017,MED-002,2026-01-06,15
FAC-017,MED-003,2026-01-06,6
FAC-017,MED-004,2026-01-06,12
FAC-017,MED-005,2026-01-06,7
FAC-017,MED-006,2026-01-06,3
FAC-017,MED-007,2026-01-06,9
FAC-017,MED-008,2026-01-06,17
FAC-018,MED-001,2026-01-06,4
FAC-018,MED-002,2026-01-06,6
FAC-018,MED-003,2026-01-06,3
FAC-018,MED-004,2026-01-06,4
FAC-018,MED-005,2026-01-06,2
FAC-018,MED-006,2026-01-06,3
FAC-018,MED-007,2026-01-06,3
FAC-018,MED-008,2026-01-06,8
FAC-019,MED-001,2026-01-06,11
FAC-019,MED-002,2026-01-06,19
FAC-019,MED-003,2026-01-06,1
FAC-019,MED-004,2026-01-06,16
FAC-019,MED-005,2026-01-06,5
FAC-019,MED-006,2026-01-06,4
FAC-019,MED-007,2026-01-06,6
FAC-019,MED-008,2026-01-06,15
FAC-020,MED-001,2026-01-06,8
FAC-020,MED-002,2026-01-06,13
FAC-020,MED-003,2026-01-06,2
FAC-020,MED-004,2026-01-06,5
FAC-020,MED-005,2026-01-06,6
FAC-020,MED-006,2026-01-06,4
FAC-020,MED-007,2026-01-06,9
FAC-020,MED-008,2026-01-06,14
FAC-001,MED-001,2026-01-07,152
FAC-001,MED-002,2026-01-07,169
FAC-001,MED-003,2026-01-07,32
FAC-001,MED-004,2026-01-07,112
FAC-001,MED-005,2026-01-07,73
FAC-001,MED-006,2026-01-07,52
FAC-001,MED-007,2026-01-07,91
FAC-001,MED-008,2026-01-07,128
FAC-002,MED-001,2026-01-07,12
FAC-002,MED-002,2026-01-07,15
FAC-002,MED-003,2026-01-07,4
FAC-002,MED-004,2026-01-07,14
FAC-002,MED-005,2026-01-07,9
FAC-002,MED-006,2026-01-07,2
FAC-002,MED-007,2026-01-07,2
FAC-002,MED-008,2026-01-07,9
FAC-003,MED-001,2026-01-07,4
FAC-003,MED-002,2026-01-07,6
FAC-003,MED-003,2026-01-07,1
FAC-003,MED-004,2026-01-07,4
FAC-003,MED-005,2026-01-07,3
FAC-003,MED-006,2026-01-07,4
FAC-003,MED-007,2026-01-07,4
FAC-003,MED-008,2026-01-07,2
FAC-004,MED-001,2026-01-07,9
FAC-004,MED-002,2026-01-07,16
FAC-004,MED-003,2026-01-07,3
FAC-004,MED-004,2026-01-07,14
FAC-004,MED-005,2026-01-07,6
FAC-004,MED-006,2026-01-07,2
FAC-004,MED-007,2026-01-07,11
FAC-004,MED-008,2026-01-07,16
FAC-005,MED-001,2026-01-07,116
FAC-005,MED-002,2026-01-07,137
FAC-005,MED-003,2026-01-07,32
FAC-005,MED-004,2026-01-07,87
FAC-005,MED-005,2026-01-07,48
FAC-005,MED-006,2026-01-07,53
FAC-005,MED-007,2026-01-07,69
FAC-005,MED-008,2026-01-07,107
FAC-006,MED-001,2026-01-07,119
FAC-006,MED-002,2026-01-07,158
FAC-006,MED-003,2026-01-07,31
FAC-006,MED-004,2026-01-07,111
FAC-006,MED-005,2026-01-07,66
FAC-006,MED-006,2026-01-07,47
FAC-006,MED-007,2026-01-07,64
FAC-006,MED-008,2026-01-07,136
FAC-007,MED-001,2026-01-07,15
FAC-007,MED-002,2026-01-07,12
FAC-007,MED-003,2026-01-07,6
FAC-007,MED-004,2026-01-07,10
FAC-007,MED-005,2026-01-07,6
FAC-007,MED-006,2026-01-07,8
FAC-007,MED-007,2026-01-07,3
FAC-007,MED-008,2026-01-07,8
FAC-008,MED-001,2026-01-07,6
FAC-008,MED-002,2026-01-07,9
FAC-008,MED-003,2026-01-07,3
FAC-008,MED-004,2026-01-07,2
FAC-008,MED-005,2026-01-07,3
FAC-008,MED-006,2026-01-07,4
FAC-008,MED-007,2026-01-07,5
FAC-008,MED-008,2026-01-07,2
FAC-009,MED-001,2026-01-07,11
FAC-009,MED-002,2026-01-07,8
FAC-009,MED-003,2026-01-07,4
FAC-009,MED-004,2026-01-07,6
FAC-009,MED-005,2026-01-07,14
FAC-009,MED-006,2026-01-07,3
FAC-009,MED-007,2026-01-07,5
FAC-009,MED-008,2026-01-07,8
FAC-010,MED-001,2026-01-07,7
FAC-010,MED-002,2026-01-07,13
FAC-010,MED-003,2026-01-07,8
FAC-010,MED-004,2026-01-07,3
FAC-010,MED-005,2026-01-07,5
FAC-010,MED-006,2026-01-07,3
FAC-010,MED-007,2026-01-07,1
FAC-010,MED-008,2026-01-07,6
FAC-011,MED-001,2026-01-07,116
FAC-011,MED-002,2026-01-07,170
FAC-011,MED-003,2026-01-07,30
FAC-011,MED-004,2026-01-07,97
FAC-011,MED-005,2026-01-07,55
FAC-011,MED-006,2026-01-07,44
FAC-011,MED-007,2026-01-07,79
FAC-011,MED-008,2026-01-07,104
FAC-012,MED-001,2026-01-07,13
FAC-012,MED-002,2026-01-07,11
FAC-012,MED-003,2026-01-07,6
FAC-012,MED-004,2026-01-07,16
FAC-012,MED-005,2026-01-07,5
FAC-012,MED-006,2026-01-07,5
FAC-012,MED-007,2026-01-07,6
FAC-012,MED-008,2026-01-07,15
FAC-013,MED-001,2026-01-07,4
FAC-013,MED-002,2026-01-07,4
FAC-013,MED-003,2026-01-07,2
FAC-013,MED-004,2026-01-07,6
FAC-013,MED-005,2026-01-07,4
FAC-013,MED-006,2026-01-07,2
FAC-013,MED-007,2026-01-07,2
FAC-013,MED-008,2026-01-07,4
FAC-014,MED-001,2026-01-07,8
FAC-014,MED-002,2026-01-07,16
FAC-014,MED-003,2026-01-07,4
FAC-014,MED-004,2026-01-07,13
FAC-014,MED-005,2026-01-07,2
FAC-014,MED-006,2026-01-07,5
FAC-014,MED-007,2026-01-07,7
FAC-014,MED-008,2026-01-07,16
FAC-015,MED-001,2026-01-07,13
FAC-015,MED-002,2026-01-07,11
FAC-015,MED-003,2026-01-07,5
FAC-015,MED-004,2026-01-07,10
FAC-015,MED-005,2026-01-07,7
FAC-015,MED-006,2026-01-07,4
FAC-015,MED-007,2026-01-07,4
FAC-015,MED-008,2026-01-07,7
FAC-016,MED-001,2026-01-07,143
FAC-016,MED-002,2026-01-07,170
FAC-016,MED-003,2026-01-07,38
FAC-016,MED-004,2026-01-07,116
FAC-016,MED-005,2026-01-07,68
FAC-016,MED-006,2026-01-07,45
FAC-016,MED-007,2026-01-07,70
FAC-016,MED-008,2026-01-07,132
FAC-017,MED-001,2026-01-07,20
FAC-017,MED-002,2026-01-07,20
FAC-017,MED-003,2026-01-07,1
FAC-017,MED-004,2026-01-07,11
FAC-017,MED-005,2026-01-07,8
FAC-017,MED-006,2026-01-07,7
FAC-017,MED-007,2026-01-07,7
FAC-017,MED-008,2026-01-07,12
FAC-018,MED-001,2026-01-07,8
FAC-018,MED-002,2026-01-07,6
FAC-018,MED-003,2026-01-07,1
FAC-018,MED-004,2026-01-07,4
FAC-018,MED-005,2026-01-07,4
FAC-018,MED-006,2026-01-07,1
FAC-018,MED-007,2026-01-07,3
FAC-018,MED-008,2026-01-07,2
FAC-019,MED-001,2026-01-07,15
FAC-019,MED-002,2026-01-07,15
FAC-019,MED-003,2026-01-07,2
FAC-019,MED-004,2026-01-07,9
FAC-019,MED-005,2026-01-07,5
FAC-019,MED-006,2026-01-07,1
FAC-019,MED-007,2026-01-07,3
FAC-019,MED-008,2026-01-07,14
FAC-020,MED-001,2026-01-07,15
FAC-020,MED-002,2026-01-07,8
FAC-020,MED-003,2026-01-07,4
FAC-020,MED-004,2026-01-07,10
FAC-020,MED-005,2026-01-07,8
FAC-020,MED-006,2026-01-07,6
FAC-020,MED-007,2026-01-07,3
FAC-020,MED-008,2026-01-07,14
FAC-001,MED-001,2026-01-08,143
FAC-001,MED-002,2026-01-08,198
FAC-001,MED-003,2026-01-08,34
FAC-001,MED-004,2026-01-08,121
FAC-001,MED-005,2026-01-08,56
FAC-001,MED-006,2026-01-08,49
FAC-001,MED-007,2026-01-08,98
FAC-001,MED-008,2026-01-08,129
FAC-002,MED-001,2026-01-08,11
FAC-002,MED-002,2026-01-08,21
FAC-002,MED-003,2026-01-08,1
FAC-002,MED-004,2026-01-08,10
FAC-002,MED-005,2026-01-08,7
FAC-002,MED-006,2026-01-08,3
FAC-002,MED-007,2026-01-08,10
FAC-002,MED-008,2026-01-08,13
FAC-003,MED-001,2026-01-08,6
FAC-003,MED-002,2026-01-08,8
FAC-003,MED-003,2026-01-08,2
FAC-003,MED-004,2026-01-08,3
FAC-003,MED-005,2026-01-08,5
FAC-003,MED-006,2026-01-08,3
FAC-003,MED-007,2026-01-08,4
FAC-003,MED-008,2026-01-08,4
FAC-004,MED-001,2026-01-08,14
FAC-004,MED-002,2026-01-08,24
FAC-004,MED-003,2026-01-08,7
FAC-004,MED-004,2026-01-08,12
FAC-004,MED-005,2026-01-08,11
FAC-004,MED-006,2026-01-08,3
FAC-004,MED-007,2026-01-08,8
FAC-004,MED-008,2026-01-08,13
FAC-005,MED-001,2026-01-08,135
FAC-005,MED-002,2026-01-08,124
FAC-005,MED-003,2026-01-08,31
FAC-005,MED-004,2026-01-08,91
FAC-005,MED-005,2026-01-08,65
FAC-005,MED-006,2026-01-08,33
FAC-005,MED-007,2026-01-08,56
FAC-005,MED-008,2026-01-08,94
FAC-006,MED-001,2026-01-08,113
FAC-006,MED-002,2026-01-08,148
FAC-006,MED-003,2026-01-08,37
FAC-006,MED-004,2026-01-08,86
FAC-006,MED-005,2026-01-08,65
FAC-006,MED-006,2026-01-08,44
FAC-006,MED-007,2026-01-08,73
FAC-006,MED-008,2026-01-08,112
FAC-007,MED-001,2026-01-08,7
FAC-007,MED-002,2026-01-08,10
FAC-007,MED-003,2026-01-08,4
FAC-007,MED-004,2026-01-08,22
FAC-007,MED-005,2026-01-08,10
FAC-007,MED-006,2026-01-08,4
FAC-007,MED-007,2026-01-08,8
FAC-007,MED-008,2026-01-08,17
FAC-008,MED-001,2026-01-08,7
FAC-008,MED-002,2026-01-08,7
FAC-008,MED-003,2026-01-08,4
FAC-008,MED-004,2026-01-08,4
FAC-008,MED-005,2026-01-08,2
FAC-008,MED-006,2026-01-08,4
FAC-008,MED-007,2026-01-08,6
FAC-008,MED-008,2026-01-08,3
FAC-009,MED-001,2026-01-08,8
FAC-009,MED-002,2026-01-08,13
FAC-009,MED-003,2026-01-08,1
FAC-009,MED-004,2026-01-08,7
FAC-009,MED-005,2026-01-08,4
FAC-009,MED-006,2026-01-08,1
FAC-009,MED-007,2026-01-08,6
FAC-009,MED-008,2026-01-08,8
FAC-010,MED-001,2026-01-08,5
FAC-010,MED-002,2026-01-08,10
FAC-010,MED-003,2026-01-08,2
FAC-010,MED-004,2026-01-08,5
FAC-010,MED-005,2026-01-08,5
FAC-010,MED-006,2026-01-08,5
FAC-010,MED-007,2026-01-08,1
FAC-010,MED-008,2026-01-08,7
FAC-011,MED-001,2026-01-08,92
FAC-011,MED-002,2026-01-08,161
FAC-011,MED-003,2026-01-08,31
FAC-011,MED-004,2026-01-08,91
FAC-011,MED-005,2026-01-08,61
FAC-011,MED-006,2026-01-08,29
FAC-011,MED-007,2026-01-08,73
FAC-011,MED-008,2026-01-08,98
FAC-012,MED-001,2026-01-08,16
FAC-012,MED-002,2026-01-08,15
FAC-012,MED-003,2026-01-08,0
FAC-012,MED-004,2026-01-08,8
FAC-012,MED-005,2026-01-08,9
FAC-012,MED-006,2026-01-08,5
FAC-012,MED-007,2026-01-08,2
FAC-012,MED-008,2026-01-08,28
FAC-013,MED-001,2026-01-08,3
FAC-013,MED-002,2026-01-08,4
FAC-013,MED-003,2026-01-08,1
FAC-013,MED-004,2026-01-08,5
FAC-013,MED-005,2026-01-08,3
FAC-013,MED-006,2026-01-08,4
FAC-013,MED-007,2026-01-08,2
FAC-013,MED-008,2026-01-08,0
FAC-014,MED-001,2026-01-08,7
FAC-014,MED-002,2026-01-08,18
FAC-014,MED-003,2026-01-08,2
FAC-014,MED-004,2026-01-08,11
FAC-014,MED-005,2026-01-08,6
FAC-014,MED-006,2026-01-08,4
FAC-014,MED-007,2026-01-08,7
FAC-014,MED-008,2026-01-08,13
FAC-015,MED-001,2026-01-08,11
FAC-015,MED-002,2026-01-08,11
FAC-015,MED-003,2026-01-08,1
FAC-015,MED-004,2026-01-08,9
FAC-015,MED-005,2026-01-08,5
FAC-015,MED-006,2026-01-08,5
FAC-015,MED-007,2026-01-08,4
FAC-015,MED-008,2026-01-08,11
FAC-016,MED-001,2026-01-08,155
FAC-016,MED-002,2026-01-08,180
FAC-016,MED-003,2026-01-08,38
FAC-016,MED-004,2026-01-08,115
FAC-016,MED-005,2026-01-08,65
FAC-016,MED-006,2026-01-08,59
FAC-016,MED-007,2026-01-08,89
FAC-016,MED-008,2026-01-08,124
FAC-017,MED-001,2026-01-08,13
FAC-017,MED-002,2026-01-08,12
FAC-017,MED-003,2026-01-08,0
FAC-017,MED-004,2026-01-08,13
FAC-017,MED-005,2026-01-08,10
FAC-017,MED-006,2026-01-08,6
FAC-017,MED-007,2026-01-08,9
FAC-017,MED-008,2026-01-08,8
FAC-018,MED-001,2026-01-08,1
FAC-018,MED-002,2026-01-08,7
FAC-018,MED-003,2026-01-08,4
FAC-018,MED-004,2026-01-08,2
FAC-018,MED-005,2026-01-08,5
FAC-018,MED-006,2026-01-08,3
FAC-018,MED-007,2026-01-08,5
FAC-018,MED-008,2026-01-08,4
FAC-019,MED-001,2026-01-08,9
FAC-019,MED-002,2026-01-08,14
FAC-019,MED-003,2026-01-08,3
FAC-019,MED-004,2026-01-08,10
FAC-019,MED-005,2026-01-08,4
FAC-019,MED-006,2026-01-08,8
FAC-019,MED-007,2026-01-08,7
FAC-019,MED-008,2026-01-08,13
FAC-020,MED-001,2026-01-08,7
FAC-020,MED-002,2026-01-08,15
FAC-020,MED-003,2026-01-08,1
FAC-020,MED-004,2026-01-08,8
FAC-020,MED-005,2026-01-08,5
FAC-020,MED-006,2026-01-08,3
FAC-020,MED-007,2026-01-08,5
FAC-020,MED-008,2026-01-08,15
FAC-001,MED-001,2026-01-09,157
FAC-001,MED-002,2026-01-09,169
FAC-001,MED-003,2026-01-09,46
FAC-001,MED-004,2026-01-09,122
FAC-001,MED-005,2026-01-09,83
FAC-001,MED-006,2026-01-09,60
FAC-001,MED-007,2026-01-09,96
FAC-001,MED-008,2026-01-09,127
FAC-002,MED-001,2026-01-09,14
FAC-002,MED-002,2026-01-09,11
FAC-002,MED-003,2026-01-09,8
FAC-002,MED-004,2026-01-09,13
FAC-002,MED-005,2026-01-09,11
FAC-002,MED-006,2026-01-09,8
FAC-002,MED-007,2026-01-09,12
FAC-002,MED-008,2026-01-09,11
FAC-003,MED-001,2026-01-09,7
FAC-003,MED-002,2026-01-09,8
FAC-003,MED-003,2026-01-09,3
FAC-003,MED-004,2026-01-09,3
FAC-003,MED-005,2026-01-09,4
FAC-003,MED-006,2026-01-09,5
FAC-003,MED-007,2026-01-09,2
FAC-003,MED-008,2026-01-09,4
FAC-004,MED-001,2026-01-09,15
FAC-004,MED-002,2026-01-09,17
FAC-004,MED-003,2026-01-09,9
FAC-004,MED-004,2026-01-09,13
FAC-004,MED-005,2026-01-09,7
FAC-004,MED-006,2026-01-09,2
FAC-004,MED-007,2026-01-09,10
FAC-004,MED-008,2026-01-09,18
FAC-005,MED-001,2026-01-09,112
FAC-005,MED-002,2026-01-09,143
FAC-005,MED-003,2026-01-09,23
FAC-005,MED-004,2026-01-09,82
FAC-005,MED-005,2026-01-09,65
FAC-005,MED-006,2026-01-09,41
FAC-005,MED-007,2026-01-09,75
FAC-005,MED-008,2026-01-09,92
FAC-006,MED-001,2026-01-09,151
FAC-006,MED-002,2026-01-09,153
FAC-006,MED-003,2026-01-09,34
FAC-006,MED-004,2026-01-09,108
FAC-006,MED-005,2026-01-09,68
FAC-006,MED-006,2026-01-09,48
FAC-006,MED-007,2026-01-09,75
FAC-006,MED-008,2026-01-09,111
FAC-007,MED-001,2026-01-09,11
FAC-007,MED-002,2026-01-09,14
FAC-007,MED-003,2026-01-09,1
FAC-007,MED-004,2026-01-09,12
FAC-007,MED-005,2026-01-09,3
FAC-007,MED-006,2026-01-09,4
FAC-007,MED-007,2026-01-09,9
FAC-007,MED-008,2026-01-09,19
FAC-008,MED-001,2026-01-09,10
FAC-008,MED-002,2026-01-09,15
FAC-008,MED-003,2026-01-09,4
FAC-008,MED-004,2026-01-09,6
FAC-008,MED-005,2026-01-09,3
FAC-008,MED-006,2026-01-09,2
FAC-008,MED-007,2026-01-09,5
FAC-008,MED-008,2026-01-09,7
FAC-009,MED-001,2026-01-09,12
FAC-009,MED-002,2026-01-09,21
FAC-009,MED-003,2026-01-09,4
FAC-009,MED-004,2026-01-09,6
FAC-009,MED-005,2026-01-09,5
FAC-009,MED-006,2026-01-09,3
FAC-009,MED-007,2026-01-09,5
FAC-009,MED-008,2026-01-09,8
FAC-010,MED-001,2026-01-09,9
FAC-010,MED-002,2026-01-09,9
FAC-010,MED-003,2026-01-09,4
FAC-010,MED-004,2026-01-09,9
FAC-010,MED-005,2026-01-09,5
FAC-010,MED-006,2026-01-09,2
FAC-010,MED-007,2026-01-09,9
FAC-010,MED-008,2026-01-09,5
FAC-011,MED-001,2026-01-09,104
FAC-011,MED-002,2026-01-09,134
FAC-011,MED-003,2026-01-09,38
FAC-011,MED-004,2026-01-09,105
FAC-011,MED-005,2026-01-09,64
FAC-011,MED-006,2026-01-09,29
FAC-011,MED-007,2026-01-09,64
FAC-011,MED-008,2026-01-09,127
FAC-012,MED-001,2026-01-09,17
FAC-012,MED-002,2026-01-09,15
FAC-012,MED-003,2026-01-09,0
FAC-012,MED-004,2026-01-09,18
FAC-012,MED-005,2026-01-09,6
FAC-012,MED-006,2026-01-09,5
FAC-012,MED-007,2026-01-09,10
FAC-012,MED-008,2026-01-09,13
FAC-013,MED-001,2026-01-09,9
FAC-013,MED-002,2026-01-09,7
FAC-013,MED-003,2026-01-09,2
FAC-013,MED-004,2026-01-09,4
FAC-013,MED-005,2026-01-09,1
FAC-013,MED-006,2026-01-09,0
FAC-013,MED-007,2026-01-09,1
FAC-013,MED-008,2026-01-09,5
FAC-014,MED-001,2026-01-09,12
FAC-014,MED-002,2026-01-09,23
FAC-014,MED-003,2026-01-09,0
FAC-014,MED-004,2026-01-09,13
FAC-014,MED-005,2026-01-09,6
FAC-014,MED-006,2026-01-09,5
FAC-014,MED-007,2026-01-09,7
FAC-014,MED-008,2026-01-09,10
FAC-015,MED-001,2026-01-09,9
FAC-015,MED-002,2026-01-09,9
FAC-015,MED-003,2026-01-09,6
FAC-015,MED-004,2026-01-09,5
FAC-015,MED-005,2026-01-09,3
FAC-015,MED-006,2026-01-09,2
FAC-015,MED-007,2026-01-09,4
FAC-015,MED-008,2026-01-09,6
FAC-016,MED-001,2026-01-09,142
FAC-016,MED-002,2026-01-09,162
FAC-016,MED-003,2026-01-09,27
FAC-016,MED-004,2026-01-09,102
FAC-016,MED-005,2026-01-09,70
FAC-016,MED-006,2026-01-09,44
FAC-016,MED-007,2026-01-09,77
FAC-016,MED-008,2026-01-09,119
FAC-017,MED-001,2026-01-09,10
FAC-017,MED-002,2026-01-09,16
FAC-017,MED-003,2026-01-09,1
FAC-017,MED-004,2026-01-09,7
FAC-017,MED-005,2026-01-09,4
FAC-017,MED-006,2026-01-09,4
FAC-017,MED-007,2026-01-09,7
FAC-017,MED-008,2026-01-09,14
FAC-018,MED-001,2026-01-09,6
FAC-018,MED-002,2026-01-09,8
FAC-018,MED-003,2026-01-09,5
FAC-018,MED-004,2026-01-09,2
FAC-018,MED-005,2026-01-09,0
FAC-018,MED-006,2026-01-09,4
FAC-018,MED-007,2026-01-09,5
FAC-018,MED-008,2026-01-09,7
FAC-019,MED-001,2026-01-09,14
FAC-019,MED-002,2026-01-09,16
FAC-019,MED-003,2026-01-09,2
FAC-019,MED-004,2026-01-09,7
FAC-019,MED-005,2026-01-09,4
FAC-019,MED-006,2026-01-09,6
FAC-019,MED-007,2026-01-09,4
FAC-019,MED-008,2026-01-09,15
FAC-020,MED-001,2026-01-09,12
FAC-020,MED-002,2026-01-09,17
FAC-020,MED-003,2026-01-09,5
FAC-020,MED-004,2026-01-09,10
FAC-020,MED-005,2026-01-09,3
FAC-020,MED-006,2026-01-09,2
FAC-020,MED-007,2026-01-09,6
FAC-020,MED-008,2026-01-09,12
FAC-001,MED-001,2026-01-10,127
FAC-001,MED-002,2026-01-10,171
FAC-001,MED-003,2026-01-10,38
FAC-001,MED-004,2026-01-10,116
FAC-001,MED-005,2026-01-10,72
FAC-001,MED-006,2026-01-10,51
FAC-001,MED-007,2026-01-10,84
FAC-001,MED-008,2026-01-10,156
FAC-002,MED-001,2026-01-10,5
FAC-002,MED-002,2026-01-10,10
FAC-002,MED-003,2026-01-10,2
FAC-002,MED-004,2026-01-10,7
FAC-002,MED-005,2026-01-10,4
FAC-002,MED-006,2026-01-10,1
FAC-002,MED-007,2026-01-10,3
FAC-002,MED-008,2026-01-10,9
FAC-003,MED-001,2026-01-10,5
FAC-003,MED-002,2026-01-10,8
FAC-003,MED-003,2026-01-10,0
FAC-003,MED-004,2026-01-10,2
FAC-003,MED-005,2026-01-10,1
FAC-003,MED-006,2026-01-10,2
FAC-003,MED-007,2026-01-10,4
FAC-003,MED-008,2026-01-10,3
FAC-004,MED-001,2026-01-10,17
FAC-004,MED-002,2026-01-10,9
FAC-004,MED-003,2026-01-10,3
FAC-004,MED-004,2026-01-10,3
FAC-004,MED-005,2026-01-10,9
FAC-004,MED-006,2026-01-10,3
FAC-004,MED-007,2026-01-10,7
FAC-004,MED-008,2026-01-10,13
FAC-005,MED-001,2026-01-10,90
FAC-005,MED-002,2026-01-10,130
FAC-005,MED-003,2026-01-10,28
FAC-005,MED-004,2026-01-10,79
FAC-005,MED-005,2026-01-10,63
FAC-005,MED-006,2026-01-10,35
FAC-005,MED-007,2026-01-10,57
FAC-005,MED-008,2026-01-10,103
FAC-006,MED-001,2026-01-10,139
FAC-006,MED-002,2026-01-10,153
FAC-006,MED-003,2026-01-10,31
FAC-006,MED-004,2026-01-10,119
FAC-006,MED-005,2026-01-10,62
FAC-006,MED-006,2026-01-10,45
FAC-006,MED-007,2026-01-10,71
FAC-006,MED-008,2026-01-10,127
FAC-007,MED-001,2026-01-10,6
FAC-007,MED-002,2026-01-10,10
FAC-007,MED-003,2026-01-10,3
FAC-007,MED-004,2026-01-10,4
FAC-007,MED-005,2026-01-10,6
FAC-007,MED-006,2026-01-10,3
FAC-007,MED-007,2026-01-10,3
FAC-007,MED-008,2026-01-10,7
FAC-008,MED-001,2026-01-10,5
FAC-008,MED-002,2026-01-10,4
FAC-008,MED-003,2026-01-10,2
FAC-008,MED-004,2026-01-10,0
FAC-008,MED-005,2026-01-10,2
FAC-008,MED-006,2026-01-10,1
FAC-008,MED-007,2026-01-10,4
FAC-008,MED-008,2026-01-10,7
FAC-009,MED-001,2026-01-10,8
FAC-009,MED-002,2026-01-10,11
FAC-009,MED-003,2026-01-10,1
FAC-009,MED-004,2026-01-10,5
FAC-009,MED-005,2026-01-10,4
FAC-009,MED-006,2026-01-10,1
FAC-009,MED-007,2026-01-10,1
FAC-009,MED-008,2026-01-10,5
FAC-010,MED-001,2026-01-10,2
FAC-010,MED-002,2026-01-10,7
FAC-010,MED-003,2026-01-10,2
FAC-010,MED-004,2026-01-10,4
FAC-010,MED-005,2026-01-10,4
FAC-010,MED-006,2026-01-10,1
FAC-010,MED-007,2026-01-10,3
FAC-010,MED-008,2026-01-10,4
FAC-011,MED-001,2026-01-10,121
FAC-011,MED-002,2026-01-10,154
FAC-011,MED-003,2026-01-10,23
FAC-011,MED-004,2026-01-10,91
FAC-011,MED-005,2026-01-10,59
FAC-011,MED-006,2026-01-10,35
FAC-011,MED-007,2026-01-10,56
FAC-011,MED-008,2026-01-10,100
FAC-012,MED-001,2026-01-10,9
FAC-012,MED-002,2026-01-10,16
FAC-012,MED-003,2026-01-10,0
FAC-012,MED-004,2026-01-10,6
FAC-012,MED-005,2026-01-10,3
FAC-012,MED-006,2026-01-10,3
FAC-012,MED-007,2026-01-10,7
FAC-012,MED-008,2026-01-10,6
FAC-013,MED-001,2026-01-10,6
FAC-013,MED-002,2026-01-10,1
FAC-013,MED-003,2026-01-10,2
FAC-013,MED-004,2026-01-10,7
FAC-013,MED-005,2026-01-10,5
FAC-013,MED-006,2026-01-10,4
FAC-013,MED-007,2026-01-10,3
FAC-013,MED-008,2026-01-10,1
FAC-014,MED-001,2026-01-10,6
FAC-014,MED-002,2026-01-10,14
FAC-014,MED-003,2026-01-10,1
FAC-014,MED-004,2026-01-10,6
FAC-014,MED-005,2026-01-10,4
FAC-014,MED-006,2026-01-10,2
FAC-014,MED-007,2026-01-10,7
FAC-014,MED-008,2026-01-10,6
FAC-015,MED-001,2026-01-10,6
FAC-015,MED-002,2026-01-10,10
FAC-015,MED-003,2026-01-10,0
FAC-015,MED-004,2026-01-10,2
FAC-015,MED-005,2026-01-10,0
FAC-015,MED-006,2026-01-10,2
FAC-015,MED-007,2026-01-10,3
FAC-015,MED-008,2026-01-10,7
FAC-016,MED-001,2026-01-10,140
FAC-016,MED-002,2026-01-10,155
FAC-016,MED-003,2026-01-10,31
FAC-016,MED-004,2026-01-10,110
FAC-016,MED-005,2026-01-10,45
FAC-016,MED-006,2026-01-10,38
FAC-016,MED-007,2026-01-10,92
FAC-016,MED-008,2026-01-10,117
FAC-017,MED-001,2026-01-10,7
FAC-017,MED-002,2026-01-10,14
FAC-017,MED-003,2026-01-10,2
FAC-017,MED-004,2026-01-10,7
FAC-017,MED-005,2026-01-10,4
FAC-017,MED-006,2026-01-10,4
FAC-017,MED-007,2026-01-10,5
FAC-017,MED-008,2026-01-10,18
FAC-018,MED-001,2026-01-10,6
FAC-018,MED-002,2026-01-10,7
FAC-018,MED-003,2026-01-10,1
FAC-018,MED-004,2026-01-10,1
FAC-018,MED-005,2026-01-10,5
FAC-018,MED-006,2026-01-10,4
FAC-018,MED-007,2026-01-10,2
FAC-018,MED-008,2026-01-10,2
FAC-019,MED-001,2026-01-10,4
FAC-019,MED-002,2026-01-10,3
FAC-019,MED-003,2026-01-10,2
FAC-019,MED-004,2026-01-10,12
FAC-019,MED-005,2026-01-10,5
FAC-019,MED-006,2026-01-10,0
FAC-019,MED-007,2026-01-10,4
FAC-019,MED-008,2026-01-10,9
FAC-020,MED-001,2026-01-10,4
FAC-020,MED-002,2026-01-10,11
FAC-020,MED-003,2026-01-10,1
FAC-020,MED-004,2026-01-10,4
FAC-020,MED-005,2026-01-10,4
FAC-020,MED-006,2026-01-10,1
FAC-020,MED-007,2026-01-10,5
FAC-020,MED-008,2026-01-10,2
FAC-001,MED-001,2026-01-11,164
FAC-001,MED-002,2026-01-11,190
FAC-001,MED-003,2026-01-11,41
FAC-001,MED-004,2026-01-11,117
FAC-001,MED-005,2026-01-11,71
FAC-001,MED-006,2026-01-11,61
FAC-001,MED-007,2026-01-11,81
FAC-001,MED-008,2026-01-11,136
FAC-002,MED-001,2026-01-11,8
FAC-002,MED-002,2026-01-11,10
FAC-002,MED-003,2026-01-11,3
FAC-002,MED-004,2026-01-11,11
FAC-002,MED-005,2026-01-11,6
FAC-002,MED-006,2026-01-11,4
FAC-002,MED-007,2026-01-11,5
FAC-002,MED-008,2026-01-11,12
FAC-003,MED-001,2026-01-11,2
FAC-003,MED-002,2026-01-11,3
FAC-003,MED-003,2026-01-11,5
FAC-003,MED-004,2026-01-11,9
FAC-003,MED-005,2026-01-11,1
FAC-003,MED-006,2026-01-11,1
FAC-003,MED-007,2026-01-11,2
FAC-003,MED-008,2026-01-11,3
FAC-004,MED-001,2026-01-11,8
FAC-004,MED-002,2026-01-11,19
FAC-004,MED-003,2026-01-11,4
FAC-004,MED-004,2026-01-11,9
FAC-004,MED-005,2026-01-11,2
FAC-004,MED-006,2026-01-11,1
FAC-004,MED-007,2026-01-11,6
FAC-004,MED-008,2026-01-11,11
FAC-005,MED-001,2026-01-11,107
FAC-005,MED-002,2026-01-11,140
FAC-005,MED-003,2026-01-11,35
FAC-005,MED-004,2026-01-11,102
FAC-005,MED-005,2026-01-11,43
FAC-005,MED-006,2026-01-11,38
FAC-005,MED-007,2026-01-11,50
FAC-005,MED-008,2026-01-11,74
FAC-006,MED-001,2026-01-11,128
FAC-006,MED-002,2026-01-11,151
FAC-006,MED-003,2026-01-11,31
FAC-006,MED-004,2026-01-11,121
FAC-006,MED-005,2026-01-11,49
FAC-006,MED-006,2026-01-11,34
FAC-006,MED-007,2026-01-11,57
FAC-006,MED-008,2026-01-11,102
FAC-007,MED-001,2026-01-11,9
FAC-007,MED-002,2026-01-11,17
FAC-007,MED-003,2026-01-11,3
FAC-007,MED-004,2026-01-11,4
FAC-007,MED-005,2026-01-11,3
FAC-007,MED-006,2026-01-11,2
FAC-007,MED-007,2026-01-11,7
FAC-007,MED-008,2026-01-11,9
FAC-008,MED-001,2026-01-11,1
FAC-008,MED-002,2026-01-11,5
FAC-008,MED-003,2026-01-11,3
FAC-008,MED-004,2026-01-11,5
FAC-008,MED-005,2026-01-11,2
FAC-008,MED-006,2026-01-11,0
FAC-008,MED-007,2026-01-11,1
FAC-008,MED-008,2026-01-11,6
FAC-009,MED-001,2026-01-11,8
FAC-009,MED-002,2026-01-11,7
FAC-009,MED-003,2026-01-11,0
FAC-009,MED-004,2026-01-11,3
FAC-009,MED-005,2026-01-11,0
FAC-009,MED-006,2026-01-11,2
FAC-009,MED-007,2026-01-11,5
FAC-009,MED-008,2026-01-11,6
FAC-010,MED-001,2026-01-11,3
FAC-010,MED-002,2026-01-11,6
FAC-010,MED-003,2026-01-11,1
FAC-010,MED-004,2026-01-11,3
FAC-010,MED-005,2026-01-11,0
FAC-010,MED-006,2026-01-11,3
FAC-010,MED-007,2026-01-11,5
FAC-010,MED-008,2026-01-11,6
FAC-011,MED-001,2026-01-11,125
FAC-011,MED-002,2026-01-11,138
FAC-011,MED-003,2026-01-11,35
FAC-011,MED-004,2026-01-11,95
FAC-011,MED-005,2026-01-11,52
FAC-011,MED-006,2026-01-11,44
FAC-011,MED-007,2026-01-11,73
FAC-011,MED-008,2026-01-11,116
FAC-012,MED-001,2026-01-11,8
FAC-012,MED-002,2026-01-11,14
FAC-012,MED-003,2026-01-11,4
FAC-012,MED-004,2026-01-11,6
FAC-012,MED-005,2026-01-11,5
FAC-012,MED-006,2026-01-11,6
FAC-012,MED-007,2026-01-11,7
FAC-012,MED-008,2026-01-11,9
FAC-013,MED-001,2026-01-11,1
FAC-013,MED-002,2026-01-11,8
FAC-013,MED-003,2026-01-11,2
FAC-013,MED-004,2026-01-11,1
FAC-013,MED-005,2026-01-11,3
FAC-013,MED-006,2026-01-11,4
FAC-013,MED-007,2026-01-11,5
FAC-013,MED-008,2026-01-11,3
FAC-014,MED-001,2026-01-11,11
FAC-014,MED-002,2026-01-11,7
FAC-014,MED-003,2026-01-11,4
FAC-014,MED-004,2026-01-11,5
FAC-014,MED-005,2026-01-11,2
FAC-014,MED-006,2026-01-11,4
FAC-014,MED-007,2026-01-11,3
FAC-014,MED-008,2026-01-11,13
FAC-015,MED-001,2026-01-11,4
FAC-015,MED-002,2026-01-11,9
FAC-015,MED-003,2026-01-11,4
FAC-015,MED-004,2026-01-11,9
FAC-015,MED-005,2026-01-11,2
FAC-015,MED-006,2026-01-11,0
FAC-015,MED-007,2026-01-11,6
FAC-015,MED-008,2026-01-11,7
FAC-016,MED-001,2026-01-11,140
FAC-016,MED-002,2026-01-11,157
FAC-016,MED-003,2026-01-11,37
FAC-016,MED-004,2026-01-11,106
FAC-016,MED-005,2026-01-11,55
FAC-016,MED-006,2026-01-11,43
FAC-016,MED-007,2026-01-11,69
FAC-016,MED-008,2026-01-11,115
FAC-017,MED-001,2026-01-11,9
FAC-017,MED-002,2026-01-11,16
FAC-017,MED-003,2026-01-11,8
FAC-017,MED-004,2026-01-11,4
FAC-017,MED-005,2026-01-11,5
FAC-017,MED-006,2026-01-11,5
FAC-017,MED-007,2026-01-11,3
FAC-017,MED-008,2026-01-11,3
FAC-018,MED-001,2026-01-11,9
FAC-018,MED-002,2026-01-11,3
FAC-018,MED-003,2026-01-11,7
FAC-018,MED-004,2026-01-11,2
FAC-018,MED-005,2026-01-11,4
FAC-018,MED-006,2026-01-11,3
FAC-018,MED-007,2026-01-11,1
FAC-018,MED-008,2026-01-11,5
FAC-019,MED-001,2026-01-11,6
FAC-019,MED-002,2026-01-11,5
FAC-019,MED-003,2026-01-11,0
FAC-019,MED-004,2026-01-11,4
FAC-019,MED-005,2026-01-11,7
FAC-019,MED-006,2026-01-11,0
FAC-019,MED-007,2026-01-11,3
FAC-019,MED-008,2026-01-11,11
FAC-020,MED-001,2026-01-11,10
FAC-020,MED-002,2026-01-11,7
FAC-020,MED-003,2026-01-11,4
FAC-020,MED-004,2026-01-11,7
FAC-020,MED-005,2026-01-11,1
FAC-020,MED-006,2026-01-11,4
FAC-020,MED-007,2026-01-11,3
FAC-020,MED-008,2026-01-11,3
FAC-001,MED-001,2026-01-12,130
FAC-001,MED-002,2026-01-12,196
FAC-001,MED-003,2026-01-12,37
FAC-001,MED-004,2026-01-12,114
FAC-001,MED-005,2026-01-12,79
FAC-001,MED-006,2026-01-12,44
FAC-001,MED-007,2026-01-12,97
FAC-001,MED-008,2026-01-12,137
FAC-002,MED-001,2026-01-12,19
FAC-002,MED-002,2026-01-12,14
FAC-002,MED-003,2026-01-12,5
FAC-002,MED-004,2026-01-12,9
FAC-002,MED-005,2026-01-12,5
FAC-002,MED-006,2026-01-12,5
FAC-002,MED-007,2026-01-12,10
FAC-002,MED-008,2026-01-12,12
FAC-003,MED-001,2026-01-12,3
FAC-003,MED-002,2026-01-12,3
FAC-003,MED-003,2026-01-12,3
FAC-003,MED-004,2026-01-12,3
FAC-003,MED-005,2026-01-12,0
FAC-003,MED-006,2026-01-12,0
FAC-003,MED-007,2026-01-12,3
FAC-003,MED-008,2026-01-12,5
FAC-004,MED-001,2026-01-12,13
FAC-004,MED-002,2026-01-12,35
FAC-004,MED-003,2026-01-12,4
FAC-004,MED-004,2026-01-12,17
FAC-004,MED-005,2026-01-12,8
FAC-004,MED-006,2026-01-12,5
FAC-004,MED-007,2026-01-12,9
FAC-004,MED-008,2026-01-12,19
FAC-005,MED-001,2026-01-12,98
FAC-005,MED-002,2026-01-12,115
FAC-005,MED-003,2026-01-12,31
FAC-005,MED-004,2026-01-12,82
FAC-005,MED-005,2026-01-12,50
FAC-005,MED-006,2026-01-12,37
FAC-005,MED-007,2026-01-12,61
FAC-005,MED-008,2026-01-12,107
FAC-006,MED-001,2026-01-12,133
FAC-006,MED-002,2026-01-12,158
FAC-006,MED-003,2026-01-12,18
FAC-006,MED-004,2026-01-12,110
FAC-006,MED-005,2026-01-12,60
FAC-006,MED-006,2026-01-12,41
FAC-006,MED-007,2026-01-12,76
FAC-006,MED-008,2026-01-12,127
FAC-007,MED-001,2026-01-12,11
FAC-007,MED-002,2026-01-12,14
FAC-007,MED-003,2026-01-12,7
FAC-007,MED-004,2026-01-12,9
FAC-007,MED-005,2026-01-12,4
FAC-007,MED-006,2026-01-12,4
FAC-007,MED-007,2026-01-12,3
FAC-007,MED-008,2026-01-12,8
FAC-008,MED-001,2026-01-12,8
FAC-008,MED-002,2026-01-12,6
FAC-008,MED-003,2026-01-12,3
FAC-008,MED-004,2026-01-12,8
FAC-008,MED-005,2026-01-12,1
FAC-008,MED-006,2026-01-12,3
FAC-008,MED-007,2026-01-12,4
FAC-008,MED-008,2026-01-12,7
FAC-009,MED-001,2026-01-12,15
FAC-009,MED-002,2026-01-12,14
FAC-009,MED-003,2026-01-12,3
FAC-009,MED-004,2026-01-12,9
FAC-009,MED-005,2026-01-12,5
FAC-009,MED-006,2026-01-12,1
FAC-009,MED-007,2026-01-12,8
FAC-009,MED-008,2026-01-12,8
FAC-010,MED-001,2026-01-12,5
FAC-010,MED-002,2026-01-12,14
FAC-010,MED-003,2026-01-12,3
FAC-010,MED-004,2026-01-12,4
FAC-010,MED-005,2026-01-12,5
FAC-010,MED-006,2026-01-12,6
FAC-010,MED-007,2026-01-12,0
FAC-010,MED-008,2026-01-12,5
FAC-011,MED-001,2026-01-12,111
FAC-011,MED-002,2026-01-12,183
FAC-011,MED-003,2026-01-12,35
FAC-011,MED-004,2026-01-12,116
FAC-011,MED-005,2026-01-12,53
FAC-011,MED-006,2026-01-12,42
FAC-011,MED-007,2026-01-12,69
FAC-011,MED-008,2026-01-12,113
FAC-012,MED-001,2026-01-12,23
FAC-012,MED-002,2026-01-12,21
FAC-012,MED-003,2026-01-12,3
FAC-012,MED-004,2026-01-12,17
FAC-012,MED-005,2026-01-12,8
FAC-012,MED-006,2026-01-12,4
FAC-012,MED-007,2026-01-12,9
FAC-012,MED-008,2026-01-12,15
FAC-013,MED-001,2026-01-12,6
FAC-013,MED-002,2026-01-12,1
FAC-013,MED-003,2026-01-12,4
FAC-013,MED-004,2026-01-12,3
FAC-013,MED-005,2026-01-12,4
FAC-013,MED-006,2026-01-12,2
FAC-013,MED-007,2026-01-12,3
FAC-013,MED-008,2026-01-12,3
FAC-014,MED-001,2026-01-12,13
FAC-014,MED-002,2026-01-12,10
FAC-014,MED-003,2026-01-12,3
FAC-014,MED-004,2026-01-12,18
FAC-014,MED-005,2026-01-12,7
FAC-014,MED-006,2026-01-12,4
FAC-014,MED-007,2026-01-12,6
FAC-014,MED-008,2026-01-12,5
FAC-015,MED-001,2026-01-12,13
FAC-015,MED-002,2026-01-12,12
FAC-015,MED-003,2026-01-12,3
FAC-015,MED-004,2026-01-12,11
FAC-015,MED-005,2026-01-12,5
FAC-015,MED-006,2026-01-12,4
FAC-015,MED-007,2026-01-12,5
FAC-015,MED-008,2026-01-12,6
FAC-016,MED-001,2026-01-12,136
FAC-016,MED-002,2026-01-12,175
FAC-016,MED-003,2026-01-12,36
FAC-016,MED-004,2026-01-12,106
FAC-016,MED-005,2026-01-12,60
FAC-016,MED-006,2026-01-12,40
FAC-016,MED-007,2026-01-12,81
FAC-016,MED-008,2026-01-12,132
FAC-017,MED-001,2026-01-12,13
FAC-017,MED-002,2026-01-12,14
FAC-017,MED-003,2026-01-12,3
FAC-017,MED-004,2026-01-12,11
FAC-017,MED-005,2026-01-12,5
FAC-017,MED-006,2026-01-12,7
FAC-017,MED-007,2026-01-12,3
FAC-017,MED-008,2026-01-12,14
FAC-018,MED-001,2026-01-12,4
FAC-018,MED-002,2026-01-12,8
FAC-018,MED-003,2026-01-12,3
FAC-018,MED-004,2026-01-12,5
FAC-018,MED-005,2026-01-12,6
FAC-018,MED-006,2026-01-12,3
FAC-018,MED-007,2026-01-12,0
FAC-018,MED-008,2026-01-12,9
FAC-019,MED-001,2026-01-12,12
FAC-019,MED-002,2026-01-12,13
FAC-019,MED-003,2026-01-12,5
FAC-019,MED-004,2026-01-12,16
FAC-019,MED-005,2026-01-12,6
FAC-019,MED-006,2026-01-12,1
FAC-019,MED-007,2026-01-12,2
FAC-019,MED-008,2026-01-12,18
FAC-020,MED-001,2026-01-12,12
FAC-020,MED-002,2026-01-12,16
FAC-020,MED-003,2026-01-12,0
FAC-020,MED-004,2026-01-12,6
FAC-020,MED-005,2026-01-12,6
FAC-020,MED-006,2026-01-12,1
FAC-020,MED-007,2026-01-12,6
FAC-020,MED-008,2026-01-12,10
FAC-001,MED-001,2026-01-13,131
FAC-001,MED-002,2026-01-13,177
FAC-001,MED-003,2026-01-13,46
FAC-001,MED-004,2026-01-13,133
FAC-001,MED-005,2026-01-13,73
FAC-001,MED-006,2026-01-13,56
FAC-001,MED-007,2026-01-13,79
FAC-001,MED-008,2026-01-13,130
FAC-002,MED-001,2026-01-13,18
FAC-002,MED-002,2026-01-13,20
FAC-002,MED-003,2026-01-13,1
FAC-002,MED-004,2026-01-13,12
FAC-002,MED-005,2026-01-13,4
FAC-002,MED-006,2026-01-13,7
FAC-002,MED-007,2026-01-13,10
FAC-002,MED-008,2026-01-13,18
FAC-003,MED-001,2026-01-13,5
FAC-003,MED-002,2026-01-13,7
FAC-003,MED-003,2026-01-13,1
FAC-003,MED-004,2026-01-13,8
FAC-003,MED-005,2026-01-13,3
FAC-003,MED-006,2026-01-13,3
FAC-003,MED-007,2026-01-13,2
FAC-003,MED-008,2026-01-13,5
FAC-004,MED-001,2026-01-13,20
FAC-004,MED-002,2026-01-13,19
FAC-004,MED-003,2026-01-13,5
FAC-004,MED-004,2026-01-13,12
FAC-004,MED-005,2026-01-13,10
FAC-004,MED-006,2026-01-13,6
FAC-004,MED-007,2026-01-13,12
FAC-004,MED-008,2026-01-13,20
FAC-005,MED-001,2026-01-13,106
FAC-005,MED-002,2026-01-13,146
FAC-005,MED-003,2026-01-13,24
FAC-005,MED-004,2026-01-13,95
FAC-005,MED-005,2026-01-13,52
FAC-005,MED-006,2026-01-13,44
FAC-005,MED-007,2026-01-13,62
FAC-005,MED-008,2026-01-13,105
FAC-006,MED-001,2026-01-13,218
FAC-006,MED-002,2026-01-13,145
FAC-006,MED-003,2026-01-13,36
FAC-006,MED-004,2026-01-13,102
FAC-006,MED-005,2026-01-13,64
FAC-006,MED-006,2026-01-13,35
FAC-006,MED-007,2026-01-13,80
FAC-006,MED-008,2026-01-13,214
FAC-007,MED-001,2026-01-13,14
FAC-007,MED-002,2026-01-13,13
FAC-007,MED-003,2026-01-13,3
FAC-007,MED-004,2026-01-13,14
FAC-007,MED-005,2026-01-13,7
FAC-007,MED-006,2026-01-13,1
FAC-007,MED-007,2026-01-13,4
FAC-007,MED-008,2026-01-13,6
FAC-008,MED-001,2026-01-13,3
FAC-008,MED-002,2026-01-13,7
FAC-008,MED-003,2026-01-13,0
FAC-008,MED-004,2026-01-13,6
FAC-008,MED-005,2026-01-13,3
FAC-008,MED-006,2026-01-13,4
FAC-008,MED-007,2026-01-13,2
FAC-008,MED-008,2026-01-13,7
FAC-009,MED-001,2026-01-13,8
FAC-009,MED-002,2026-01-13,10
FAC-009,MED-003,2026-01-13,1
FAC-009,MED-004,2026-01-13,12
FAC-009,MED-005,2026-01-13,9
FAC-009,MED-006,2026-01-13,4
FAC-009,MED-007,2026-01-13,5
FAC-009,MED-008,2026-01-13,14
FAC-010,MED-001,2026-01-13,12
FAC-010,MED-002,2026-01-13,5
FAC-010,MED-003,2026-01-13,5
FAC-010,MED-004,2026-01-13,3
FAC-010,MED-005,2026-01-13,3
FAC-010,MED-006,2026-01-13,7
FAC-010,MED-007,2026-01-13,4
FAC-010,MED-008,2026-01-13,9
FAC-011,MED-001,2026-01-13,120
FAC-011,MED-002,2026-01-13,121
FAC-011,MED-003,2026-01-13,31
FAC-011,MED-004,2026-01-13,100
FAC-011,MED-005,2026-01-13,54
FAC-011,MED-006,2026-01-13,37
FAC-011,MED-007,2026-01-13,59
FAC-011,MED-008,2026-01-13,96
FAC-012,MED-001,2026-01-13,19
FAC-012,MED-002,2026-01-13,17
FAC-012,MED-003,2026-01-13,3
FAC-012,MED-004,2026-01-13,12
FAC-012,MED-005,2026-01-13,12
FAC-012,MED-006,2026-01-13,5
FAC-012,MED-007,2026-01-13,12
FAC-012,MED-008,2026-01-13,16
FAC-013,MED-001,2026-01-13,4
FAC-013,MED-002,2026-01-13,4
FAC-013,MED-003,2026-01-13,1
FAC-013,MED-004,2026-01-13,5
FAC-013,MED-005,2026-01-13,1
FAC-013,MED-006,2026-01-13,3
FAC-013,MED-007,2026-01-13,4
FAC-013,MED-008,2026-01-13,6
FAC-014,MED-001,2026-01-13,9
FAC-014,MED-002,2026-01-13,8
FAC-014,MED-003,2026-01-13,4
FAC-014,MED-004,2026-01-13,8
FAC-014,MED-005,2026-01-13,4
FAC-014,MED-006,2026-01-13,2
FAC-014,MED-007,2026-01-13,10
FAC-014,MED-008,2026-01-13,7
FAC-015,MED-001,2026-01-13,8
FAC-015,MED-002,2026-01-13,22
FAC-015,MED-003,2026-01-13,2
FAC-015,MED-004,2026-01-13,13
FAC-015,MED-005,2026-01-13,4
FAC-015,MED-006,2026-01-13,5
FAC-015,MED-007,2026-01-13,7
FAC-015,MED-008,2026-01-13,7
FAC-016,MED-001,2026-01-13,125
FAC-016,MED-002,2026-01-13,181
FAC-016,MED-003,2026-01-13,39
FAC-016,MED-004,2026-01-13,106
FAC-016,MED-005,2026-01-13,73
FAC-016,MED-006,2026-01-13,45
FAC-016,MED-007,2026-01-13,89
FAC-016,MED-008,2026-01-13,132
FAC-017,MED-001,2026-01-13,14
FAC-017,MED-002,2026-01-13,15
FAC-017,MED-003,2026-01-13,4
FAC-017,MED-004,2026-01-13,6
FAC-017,MED-005,2026-01-13,6
FAC-017,MED-006,2026-01-13,9
FAC-017,MED-007,2026-01-13,12
FAC-017,MED-008,2026-01-13,16
FAC-018,MED-001,2026-01-13,12
FAC-018,MED-002,2026-01-13,5
FAC-018,MED-003,2026-01-13,4
FAC-018,MED-004,2026-01-13,3
FAC-018,MED-005,2026-01-13,3
FAC-018,MED-006,2026-01-13,3
FAC-018,MED-007,2026-01-13,4
FAC-018,MED-008,2026-01-13,5
FAC-019,MED-001,2026-01-13,13
FAC-019,MED-002,2026-01-13,17
FAC-019,MED-003,2026-01-13,2
FAC-019,MED-004,2026-01-13,14
FAC-019,MED-005,2026-01-13,11
FAC-019,MED-006,2026-01-13,3
FAC-019,MED-007,2026-01-13,3
FAC-019,MED-008,2026-01-13,9
FAC-020,MED-001,2026-01-13,9
FAC-020,MED-002,2026-01-13,9
FAC-020,MED-003,2026-01-13,5
FAC-020,MED-004,2026-01-13,8
FAC-020,MED-005,2026-01-13,5
FAC-020,MED-006,2026-01-13,4
FAC-020,MED-007,2026-01-13,5
FAC-020,MED-008,2026-01-13,9
FAC-001,MED-001,2026-01-14,141
FAC-001,MED-002,2026-01-14,171
FAC-001,MED-003,2026-01-14,44
FAC-001,MED-004,2026-01-14,119
FAC-001,MED-005,2026-01-14,56
FAC-001,MED-006,2026-01-14,48
FAC-001,MED-007,2026-01-14,87
FAC-001,MED-008,2026-01-14,125
FAC-002,MED-001,2026-01-14,11
FAC-002,MED-002,2026-01-14,23
FAC-002,MED-003,2026-01-14,4
FAC-002,MED-004,2026-01-14,10
FAC-002,MED-005,2026-01-14,12
FAC-002,MED-006,2026-01-14,4
FAC-002,MED-007,2026-01-14,8
FAC-002,MED-008,2026-01-14,7
FAC-003,MED-001,2026-01-14,5
FAC-003,MED-002,2026-01-14,7
FAC-003,MED-003,2026-01-14,4
FAC-003,MED-004,2026-01-14,2
FAC-003,MED-005,2026-01-14,3
FAC-003,MED-006,2026-01-14,6
FAC-003,MED-007,2026-01-14,5
FAC-003,MED-008,2026-01-14,2
FAC-004,MED-001,2026-01-14,17
FAC-004,MED-002,2026-01-14,22
FAC-004,MED-003,2026-01-14,2
FAC-004,MED-004,2026-01-14,10
FAC-004,MED-005,2026-01-14,4
FAC-004,MED-006,2026-01-14,5
FAC-004,MED-007,2026-01-14,11
FAC-004,MED-008,2026-01-14,15
FAC-005,MED-001,2026-01-14,128
FAC-005,MED-002,2026-01-14,119
FAC-005,MED-003,2026-01-14,30
FAC-005,MED-004,2026-01-14,96
FAC-005,MED-005,2026-01-14,58
FAC-005,MED-006,2026-01-14,43
FAC-005,MED-007,2026-01-14,70
FAC-005,MED-008,2026-01-14,90
FAC-006,MED-001,2026-01-14,132
FAC-006,MED-002,2026-01-14,166
FAC-006,MED-003,2026-01-14,31
FAC-006,MED-004,2026-01-14,89
FAC-006,MED-005,2026-01-14,64
FAC-006,MED-006,2026-01-14,40
FAC-006,MED-007,2026-01-14,69
FAC-006,MED-008,2026-01-14,103
FAC-007,MED-001,2026-01-14,18
FAC-007,MED-002,2026-01-14,10
FAC-007,MED-003,2026-01-14,2
FAC-007,MED-004,2026-01-14,6
FAC-007,MED-005,2026-01-14,13
FAC-007,MED-006,2026-01-14,1
FAC-007,MED-007,2026-01-14,7
FAC-007,MED-008,2026-01-14,13
FAC-008,MED-001,2026-01-14,7
FAC-008,MED-002,2026-01-14,5
FAC-008,MED-003,2026-01-14,2
FAC-008,MED-004,2026-01-14,8
FAC-008,MED-005,2026-01-14,3
FAC-008,MED-006,2026-01-14,3
FAC-008,MED-007,2026-01-14,4
FAC-008,MED-008,2026-01-14,8
FAC-009,MED-001,2026-01-14,7
FAC-009,MED-002,2026-01-14,8
FAC-009,MED-003,2026-01-14,4
FAC-009,MED-004,2026-01-14,10
FAC-009,MED-005,2026-01-14,3
FAC-009,MED-006,2026-01-14,2
FAC-009,MED-007,2026-01-14,7
FAC-009,MED-008,2026-01-14,15
FAC-010,MED-001,2026-01-14,7
FAC-010,MED-002,2026-01-14,6
FAC-010,MED-003,2026-01-14,5
FAC-010,MED-004,2026-01-14,8
FAC-010,MED-005,2026-01-14,4
FAC-010,MED-006,2026-01-14,6
FAC-010,MED-007,2026-01-14,5
FAC-010,MED-008,2026-01-14,5
FAC-011,MED-001,2026-01-14,131
FAC-011,MED-002,2026-01-14,140
FAC-011,MED-003,2026-01-14,32
FAC-011,MED-004,2026-01-14,94
FAC-011,MED-005,2026-01-14,57
FAC-011,MED-006,2026-01-14,36
FAC-011,MED-007,2026-01-14,81
FAC-011,MED-008,2026-01-14,119
FAC-012,MED-001,2026-01-14,7
FAC-012,MED-002,2026-01-14,23
FAC-012,MED-003,2026-01-14,1
FAC-012,MED-004,2026-01-14,14
FAC-012,MED-005,2026-01-14,5
FAC-012,MED-006,2026-01-14,6
FAC-012,MED-007,2026-01-14,10
FAC-012,MED-008,2026-01-14,15
FAC-013,MED-001,2026-01-14,2
FAC-013,MED-002,2026-01-14,5
FAC-013,MED-003,2026-01-14,3
FAC-013,MED-004,2026-01-14,4
FAC-013,MED-005,2026-01-14,6
FAC-013,MED-006,2026-01-14,4
FAC-013,MED-007,2026-01-14,3
FAC-013,MED-008,2026-01-14,2
FAC-014,MED-001,2026-01-14,10
FAC-014,MED-002,2026-01-14,18
FAC-014,MED-003,2026-01-14,6
FAC-014,MED-004,2026-01-14,15
FAC-014,MED-005,2026-01-14,4
FAC-014,MED-006,2026-01-14,6
FAC-014,MED-007,2026-01-14,5
FAC-014,MED-008,2026-01-14,13
FAC-015,MED-001,2026-01-14,13
FAC-015,MED-002,2026-01-14,9
FAC-015,MED-003,2026-01-14,2
FAC-015,MED-004,2026-01-14,10
FAC-015,MED-005,2026-01-14,5
FAC-015,MED-006,2026-01-14,3
FAC-015,MED-007,2026-01-14,9
FAC-015,MED-008,2026-01-14,6
FAC-016,MED-001,2026-01-14,149
FAC-016,MED-002,2026-01-14,143
FAC-016,MED-003,2026-01-14,31
FAC-016,MED-004,2026-01-14,125
FAC-016,MED-005,2026-01-14,55
FAC-016,MED-006,2026-01-14,39
FAC-016,MED-007,2026-01-14,81
FAC-016,MED-008,2026-01-14,117
FAC-017,MED-001,2026-01-14,13
FAC-017,MED-002,2026-01-14,18
FAC-017,MED-003,2026-01-14,1
FAC-017,MED-004,2026-01-14,12
FAC-017,MED-005,2026-01-14,4
FAC-017,MED-006,2026-01-14,11
FAC-017,MED-007,2026-01-14,10
FAC-017,MED-008,2026-01-14,9
FAC-018,MED-001,2026-01-14,2
FAC-018,MED-002,2026-01-14,0
FAC-018,MED-003,2026-01-14,5
FAC-018,MED-004,2026-01-14,3
FAC-018,MED-005,2026-01-14,2
FAC-018,MED-006,2026-01-14,4
FAC-018,MED-007,2026-01-14,2
FAC-018,MED-008,2026-01-14,6
FAC-019,MED-001,2026-01-14,13
FAC-019,MED-002,2026-01-14,13
FAC-019,MED-003,2026-01-14,3
FAC-019,MED-004,2026-01-14,9
FAC-019,MED-005,2026-01-14,9
FAC-019,MED-006,2026-01-14,4
FAC-019,MED-007,2026-01-14,10
FAC-019,MED-008,2026-01-14,11
FAC-020,MED-001,2026-01-14,11
FAC-020,MED-002,2026-01-14,15
FAC-020,MED-003,2026-01-14,4
FAC-020,MED-004,2026-01-14,7
FAC-020,MED-005,2026-01-14,5
FAC-020,MED-006,2026-01-14,5
FAC-020,MED-007,2026-01-14,7
FAC-020,MED-008,2026-01-14,16
FAC-001,MED-001,2026-01-15,137
FAC-001,MED-002,2026-01-15,176
FAC-001,MED-003,2026-01-15,42
FAC-001,MED-004,2026-01-15,99
FAC-001,MED-005,2026-01-15,78
FAC-001,MED-006,2026-01-15,57
FAC-001,MED-007,2026-01-15,76
FAC-001,MED-008,2026-01-15,119
FAC-002,MED-001,2026-01-15,9
FAC-002,MED-002,2026-01-15,19
FAC-002,MED-003,2026-01-15,2
FAC-002,MED-004,2026-01-15,7
FAC-002,MED-005,2026-01-15,9
FAC-002,MED-006,2026-01-15,3
FAC-002,MED-007,2026-01-15,9
FAC-002,MED-008,2026-01-15,20
FAC-003,MED-001,2026-01-15,7
FAC-003,MED-002,2026-01-15,7
FAC-003,MED-003,2026-01-15,4
FAC-003,MED-004,2026-01-15,5
FAC-003,MED-005,2026-01-15,2
FAC-003,MED-006,2026-01-15,2
FAC-003,MED-007,2026-01-15,4
FAC-003,MED-008,2026-01-15,5
FAC-004,MED-001,2026-01-15,17
FAC-004,MED-002,2026-01-15,18
FAC-004,MED-003,2026-01-15,3
FAC-004,MED-004,2026-01-15,10
FAC-004,MED-005,2026-01-15,9
FAC-004,MED-006,2026-01-15,5
FAC-004,MED-007,2026-01-15,10
FAC-004,MED-008,2026-01-15,14
FAC-005,MED-001,2026-01-15,108
FAC-005,MED-002,2026-01-15,166
FAC-005,MED-003,2026-01-15,26
FAC-005,MED-004,2026-01-15,100
FAC-005,MED-005,2026-01-15,60
FAC-005,MED-006,2026-01-15,30
FAC-005,MED-007,2026-01-15,65
FAC-005,MED-008,2026-01-15,121
FAC-006,MED-001,2026-01-15,132
FAC-006,MED-002,2026-01-15,156
FAC-006,MED-003,2026-01-15,32
FAC-006,MED-004,2026-01-15,109
FAC-006,MED-005,2026-01-15,62
FAC-006,MED-006,2026-01-15,50
FAC-006,MED-007,2026-01-15,61
FAC-006,MED-008,2026-01-15,120
FAC-007,MED-001,2026-01-15,15
FAC-007,MED-002,2026-01-15,12
FAC-007,MED-003,2026-01-15,2
FAC-007,MED-004,2026-01-15,11
FAC-007,MED-005,2026-01-15,8
FAC-007,MED-006,2026-01-15,4
FAC-007,MED-007,2026-01-15,7
FAC-007,MED-008,2026-01-15,10
FAC-008,MED-001,2026-01-15,7
FAC-008,MED-002,2026-01-15,8
FAC-008,MED-003,2026-01-15,2
FAC-008,MED-004,2026-01-15,5
FAC-008,MED-005,2026-01-15,3
FAC-008,MED-006,2026-01-15,4
FAC-008,MED-007,2026-01-15,4
FAC-008,MED-008,2026-01-15,7
FAC-009,MED-001,2026-01-15,6
FAC-009,MED-002,2026-01-15,9
FAC-009,MED-003,2026-01-15,3
FAC-009,MED-004,2026-01-15,10
FAC-009,MED-005,2026-01-15,5
FAC-009,MED-006,2026-01-15,3
FAC-009,MED-007,2026-01-15,9
FAC-009,MED-008,2026-01-15,5
FAC-010,MED-001,2026-01-15,12
FAC-010,MED-002,2026-01-15,12
FAC-010,MED-003,2026-01-15,5
FAC-010,MED-004,2026-01-15,8
FAC-010,MED-005,2026-01-15,1
FAC-010,MED-006,2026-01-15,4
FAC-010,MED-007,2026-01-15,5
FAC-010,MED-008,2026-01-15,5
FAC-011,MED-001,2026-01-15,130
FAC-011,MED-002,2026-01-15,160
FAC-011,MED-003,2026-01-15,27
FAC-011,MED-004,2026-01-15,104
FAC-011,MED-005,2026-01-15,56
FAC-011,MED-006,2026-01-15,41
FAC-011,MED-007,2026-01-15,74
FAC-011,MED-008,2026-01-15,103
FAC-012,MED-001,2026-01-15,20
FAC-012,MED-002,2026-01-15,13
FAC-012,MED-003,2026-01-15,3
FAC-012,MED-004,2026-01-15,17
FAC-012,MED-005,2026-01-15,9
FAC-012,MED-006,2026-01-15,7
FAC-012,MED-007,2026-01-15,13
FAC-012,MED-008,2026-01-15,26
FAC-013,MED-001,2026-01-15,7
FAC-013,MED-002,2026-01-15,3
FAC-013,MED-003,2026-01-15,4
FAC-013,MED-004,2026-01-15,5
FAC-013,MED-005,2026-01-15,2
FAC-013,MED-006,2026-01-15,3
FAC-013,MED-007,2026-01-15,3
FAC-013,MED-008,2026-01-15,4
FAC-014,MED-001,2026-01-15,14
FAC-014,MED-002,2026-01-15,15
FAC-014,MED-003,2026-01-15,2
FAC-014,MED-004,2026-01-15,11
FAC-014,MED-005,2026-01-15,7
FAC-014,MED-006,2026-01-15,5
FAC-014,MED-007,2026-01-15,7
FAC-014,MED-008,2026-01-15,4
FAC-015,MED-001,2026-01-15,8
FAC-015,MED-002,2026-01-15,12
FAC-015,MED-003,2026-01-15,4
FAC-015,MED-004,2026-01-15,7
FAC-015,MED-005,2026-01-15,6
FAC-015,MED-006,2026-01-15,2
FAC-015,MED-007,2026-01-15,2
FAC-015,MED-008,2026-01-15,9
FAC-016,MED-001,2026-01-15,136
FAC-016,MED-002,2026-01-15,172
FAC-016,MED-003,2026-01-15,36
FAC-016,MED-004,2026-01-15,115
FAC-016,MED-005,2026-01-15,58
FAC-016,MED-006,2026-01-15,49
FAC-016,MED-007,2026-01-15,79
FAC-016,MED-008,2026-01-15,127
FAC-017,MED-001,2026-01-15,14
FAC-017,MED-002,2026-01-15,20
FAC-017,MED-003,2026-01-15,3
FAC-017,MED-004,2026-01-15,10
FAC-017,MED-005,2026-01-15,8
FAC-017,MED-006,2026-01-15,2
FAC-017,MED-007,2026-01-15,13
FAC-017,MED-008,2026-01-15,10
FAC-018,MED-001,2026-01-15,2
FAC-018,MED-002,2026-01-15,4
FAC-018,MED-003,2026-01-15,4
FAC-018,MED-004,2026-01-15,4
FAC-018,MED-005,2026-01-15,1
FAC-018,MED-006,2026-01-15,3
FAC-018,MED-007,2026-01-15,2
FAC-018,MED-008,2026-01-15,6
FAC-019,MED-001,2026-01-15,15
FAC-019,MED-002,2026-01-15,21
FAC-019,MED-003,2026-01-15,2
FAC-019,MED-004,2026-01-15,12
FAC-019,MED-005,2026-01-15,5
FAC-019,MED-006,2026-01-15,6
FAC-019,MED-007,2026-01-15,9
FAC-019,MED-008,2026-01-15,12
FAC-020,MED-001,2026-01-15,9
FAC-020,MED-002,2026-01-15,10
FAC-020,MED-003,2026-01-15,2
FAC-020,MED-004,2026-01-15,12
FAC-020,MED-005,2026-01-15,3
FAC-020,MED-006,2026-01-15,3
FAC-020,MED-007,2026-01-15,5
FAC-020,MED-008,2026-01-15,7
FAC-001,MED-001,2026-01-16,143
FAC-001,MED-002,2026-01-16,188
FAC-001,MED-003,2026-01-16,36
FAC-001,MED-004,2026-01-16,123
FAC-001,MED-005,2026-01-16,72
FAC-001,MED-006,2026-01-16,48
FAC-001,MED-007,2026-01-16,74
FAC-001,MED-008,2026-01-16,117
FAC-002,MED-001,2026-01-16,15
FAC-002,MED-002,2026-01-16,15
FAC-002,MED-003,2026-01-16,6
FAC-002,MED-004,2026-01-16,13
FAC-002,MED-005,2026-01-16,8
FAC-002,MED-006,2026-01-16,3
FAC-002,MED-007,2026-01-16,10
FAC-002,MED-008,2026-01-16,14
FAC-003,MED-001,2026-01-16,4
FAC-003,MED-002,2026-01-16,9
FAC-003,MED-003,2026-01-16,1
FAC-003,MED-004,2026-01-16,1
FAC-003,MED-005,2026-01-16,4
FAC-003,MED-006,2026-01-16,4
FAC-003,MED-007,2026-01-16,1
FAC-003,MED-008,2026-01-16,3
FAC-004,MED-001,2026-01-16,9
FAC-004,MED-002,2026-01-16,18
FAC-004,MED-003,2026-01-16,4
FAC-004,MED-004,2026-01-16,16
FAC-004,MED-005,2026-01-16,7
FAC-004,MED-006,2026-01-16,7
FAC-004,MED-007,2026-01-16,5
FAC-004,MED-008,2026-01-16,14
FAC-005,MED-001,2026-01-16,109
FAC-005,MED-002,2026-01-16,121
FAC-005,MED-003,2026-01-16,26
FAC-005,MED-004,2026-01-16,109
FAC-005,MED-005,2026-01-16,51
FAC-005,MED-006,2026-01-16,30
FAC-005,MED-007,2026-01-16,62
FAC-005,MED-008,2026-01-16,98
FAC-006,MED-001,2026-01-16,107
FAC-006,MED-002,2026-01-16,152
FAC-006,MED-003,2026-01-16,29
FAC-006,MED-004,2026-01-16,95
FAC-006,MED-005,2026-01-16,68
FAC-006,MED-006,2026-01-16,40
FAC-006,MED-007,2026-01-16,90
FAC-006,MED-008,2026-01-16,115
FAC-007,MED-001,2026-01-16,13
FAC-007,MED-002,2026-01-16,15
FAC-007,MED-003,2026-01-16,4
FAC-007,MED-004,2026-01-16,9
FAC-007,MED-005,2026-01-16,5
FAC-007,MED-006,2026-01-16,4
FAC-007,MED-007,2026-01-16,8
FAC-007,MED-008,2026-01-16,14
FAC-008,MED-001,2026-01-16,6
FAC-008,MED-002,2026-01-16,6
FAC-008,MED-003,2026-01-16,0
FAC-008,MED-004,2026-01-16,6
FAC-008,MED-005,2026-01-16,3
FAC-008,MED-006,2026-01-16,1
FAC-008,MED-007,2026-01-16,5
FAC-008,MED-008,2026-01-16,4
FAC-009,MED-001,2026-01-16,8
FAC-009,MED-002,2026-01-16,15
FAC-009,MED-003,2026-01-16,6
FAC-009,MED-004,2026-01-16,8
FAC-009,MED-005,2026-01-16,5
FAC-009,MED-006,2026-01-16,4
FAC-009,MED-007,2026-01-16,6
FAC-009,MED-008,2026-01-16,8
FAC-010,MED-001,2026-01-16,6
FAC-010,MED-002,2026-01-16,11
FAC-010,MED-003,2026-01-16,8
FAC-010,MED-004,2026-01-16,9
FAC-010,MED-005,2026-01-16,4
FAC-010,MED-006,2026-01-16,2
FAC-010,MED-007,2026-01-16,6
FAC-010,MED-008,2026-01-16,6
FAC-011,MED-001,2026-01-16,116
FAC-011,MED-002,2026-01-16,147
FAC-011,MED-003,2026-01-16,34
FAC-011,MED-004,2026-01-16,93
FAC-011,MED-005,2026-01-16,62
FAC-011,MED-006,2026-01-16,44
FAC-011,MED-007,2026-01-16,64
FAC-011,MED-008,2026-01-16,92
FAC-012,MED-001,2026-01-16,17
FAC-012,MED-002,2026-01-16,18
FAC-012,MED-003,2026-01-16,9
FAC-012,MED-004,2026-01-16,19
FAC-012,MED-005,2026-01-16,12
FAC-012,MED-006,2026-01-16,5
FAC-012,MED-007,2026-01-16,13
FAC-012,MED-008,2026-01-16,11
FAC-013,MED-001,2026-01-16,5
FAC-013,MED-002,2026-01-16,4
FAC-013,MED-003,2026-01-16,2
FAC-013,MED-004,2026-01-16,4
FAC-013,MED-005,2026-01-16,7
FAC-013,MED-006,2026-01-16,1
FAC-013,MED-007,2026-01-16,3
FAC-013,MED-008,2026-01-16,3
FAC-014,MED-001,2026-01-16,6
FAC-014,MED-002,2026-01-16,17
FAC-014,MED-003,2026-01-16,1
FAC-014,MED-004,2026-01-16,12
FAC-014,MED-005,2026-01-16,5
FAC-014,MED-006,2026-01-16,1
FAC-014,MED-007,2026-01-16,11
FAC-014,MED-008,2026-01-16,11
FAC-015,MED-001,2026-01-16,8
FAC-015,MED-002,2026-01-16,17
FAC-015,MED-003,2026-01-16,1
FAC-015,MED-004,2026-01-16,8
FAC-015,MED-005,2026-01-16,6
FAC-015,MED-006,2026-01-16,2
FAC-015,MED-007,2026-01-16,6
FAC-015,MED-008,2026-01-16,8
FAC-016,MED-001,2026-01-16,134
FAC-016,MED-002,2026-01-16,199
FAC-016,MED-003,2026-01-16,31
FAC-016,MED-004,2026-01-16,113
FAC-016,MED-005,2026-01-16,68
FAC-016,MED-006,2026-01-16,45
FAC-016,MED-007,2026-01-16,88
FAC-016,MED-008,2026-01-16,117
FAC-017,MED-001,2026-01-16,20
FAC-017,MED-002,2026-01-16,15
FAC-017,MED-003,2026-01-16,7
FAC-017,MED-004,2026-01-16,12
FAC-017,MED-005,2026-01-16,8
FAC-017,MED-006,2026-01-16,5
FAC-017,MED-007,2026-01-16,6
FAC-017,MED-008,2026-01-16,12
FAC-018,MED-001,2026-01-16,7
FAC-018,MED-002,2026-01-16,4
FAC-018,MED-003,2026-01-16,2
FAC-018,MED-004,2026-01-16,2
FAC-018,MED-005,2026-01-16,3
FAC-018,MED-006,2026-01-16,3
FAC-018,MED-007,2026-01-16,1
FAC-018,MED-008,2026-01-16,4
FAC-019,MED-001,2026-01-16,10
FAC-019,MED-002,2026-01-16,14
FAC-019,MED-003,2026-01-16,4
FAC-019,MED-004,2026-01-16,5
FAC-019,MED-005,2026-01-16,2
FAC-019,MED-006,2026-01-16,4
FAC-019,MED-007,2026-01-16,7
FAC-019,MED-008,2026-01-16,14
FAC-020,MED-001,2026-01-16,9
FAC-020,MED-002,2026-01-16,11
FAC-020,MED-003,2026-01-16,3
FAC-020,MED-004,2026-01-16,9
FAC-020,MED-005,2026-01-16,9
FAC-020,MED-006,2026-01-16,3
FAC-020,MED-007,2026-01-16,7
FAC-020,MED-008,2026-01-16,10
FAC-001,MED-001,2026-01-17,142
FAC-001,MED-002,2026-01-17,187
FAC-001,MED-003,2026-01-17,26
FAC-001,MED-004,2026-01-17,121
FAC-001,MED-005,2026-01-17,79
FAC-001,MED-006,2026-01-17,46
FAC-001,MED-007,2026-01-17,71
FAC-001,MED-008,2026-01-17,137
FAC-002,MED-001,2026-01-17,10
FAC-002,MED-002,2026-01-17,11
FAC-002,MED-003,2026-01-17,7
FAC-002,MED-004,2026-01-17,10
FAC-002,MED-005,2026-01-17,5
FAC-002,MED-006,2026-01-17,2
FAC-002,MED-007,2026-01-17,3
FAC-002,MED-008,2026-01-17,12
FAC-003,MED-001,2026-01-17,6
FAC-003,MED-002,2026-01-17,9
FAC-003,MED-003,2026-01-17,2
FAC-003,MED-004,2026-01-17,3
FAC-003,MED-005,2026-01-17,2
FAC-003,MED-006,2026-01-17,2
FAC-003,MED-007,2026-01-17,1
FAC-003,MED-008,2026-01-17,4
FAC-004,MED-001,2026-01-17,8
FAC-004,MED-002,2026-01-17,12
FAC-004,MED-003,2026-01-17,2
FAC-004,MED-004,2026-01-17,8
FAC-004,MED-005,2026-01-17,2
FAC-004,MED-006,2026-01-17,1
FAC-004,MED-007,2026-01-17,5
FAC-004,MED-008,2026-01-17,14
FAC-005,MED-001,2026-01-17,127
FAC-005,MED-002,2026-01-17,131
FAC-005,MED-003,2026-01-17,25
FAC-005,MED-004,2026-01-17,80
FAC-005,MED-005,2026-01-17,37
FAC-005,MED-006,2026-01-17,32
FAC-005,MED-007,2026-01-17,69
FAC-005,MED-008,2026-01-17,104
FAC-006,MED-001,2026-01-17,127
FAC-006,MED-002,2026-01-17,164
FAC-006,MED-003,2026-01-17,29
FAC-006,MED-004,2026-01-17,97
FAC-006,MED-005,2026-01-17,54
FAC-006,MED-006,2026-01-17,42
FAC-006,MED-007,2026-01-17,77
FAC-006,MED-008,2026-01-17,109
FAC-007,MED-001,2026-01-17,11
FAC-007,MED-002,2026-01-17,8
FAC-007,MED-003,2026-01-17,1
FAC-007,MED-004,2026-01-17,5
FAC-007,MED-005,2026-01-17,8
FAC-007,MED-006,2026-01-17,2
FAC-007,MED-007,2026-01-17,6
FAC-007,MED-008,2026-01-17,7
FAC-008,MED-001,2026-01-17,6
FAC-008,MED-002,2026-01-17,7
FAC-008,MED-003,2026-01-17,0
FAC-008,MED-004,2026-01-17,2
FAC-008,MED-005,2026-01-17,0
FAC-008,MED-006,2026-01-17,3
FAC-008,MED-007,2026-01-17,0
FAC-008,MED-008,2026-01-17,2
FAC-009,MED-001,2026-01-17,6
FAC-009,MED-002,2026-01-17,8
FAC-009,MED-003,2026-01-17,2
FAC-009,MED-004,2026-01-17,5
FAC-009,MED-005,2026-01-17,5
FAC-009,MED-006,2026-01-17,3
FAC-009,MED-007,2026-01-17,2
FAC-009,MED-008,2026-01-17,6
FAC-010,MED-001,2026-01-17,3
FAC-010,MED-002,2026-01-17,12
FAC-010,MED-003,2026-01-17,3
FAC-010,MED-004,2026-01-17,4
FAC-010,MED-005,2026-01-17,2
FAC-010,MED-006,2026-01-17,2
FAC-010,MED-007,2026-01-17,5
FAC-010,MED-008,2026-01-17,3
FAC-011,MED-001,2026-01-17,124
FAC-011,MED-002,2026-01-17,132
FAC-011,MED-003,2026-01-17,34
FAC-011,MED-004,2026-01-17,97
FAC-011,MED-005,2026-01-17,45
FAC-011,MED-006,2026-01-17,37
FAC-011,MED-007,2026-01-17,58
FAC-011,MED-008,2026-01-17,125
FAC-012,MED-001,2026-01-17,12
FAC-012,MED-002,2026-01-17,11
FAC-012,MED-003,2026-01-17,3
FAC-012,MED-004,2026-01-17,10
FAC-012,MED-005,2026-01-17,7
FAC-012,MED-006,2026-01-17,5
FAC-012,MED-007,2026-01-17,2
FAC-012,MED-008,2026-01-17,18
FAC-013,MED-001,2026-01-17,6
FAC-013,MED-002,2026-01-17,5
FAC-013,MED-003,2026-01-17,2
FAC-013,MED-004,2026-01-17,2
FAC-013,MED-005,2026-01-17,1
FAC-013,MED-006,2026-01-17,4
FAC-013,MED-007,2026-01-17,3
FAC-013,MED-008,2026-01-17,5
FAC-014,MED-001,2026-01-17,5
FAC-014,MED-002,2026-01-17,9
FAC-014,MED-003,2026-01-17,3
FAC-014,MED-004,2026-01-17,2
FAC-014,MED-005,2026-01-17,0
FAC-014,MED-006,2026-01-17,1
FAC-014,MED-007,2026-01-17,4
FAC-014,MED-008,2026-01-17,6
FAC-015,MED-001,2026-01-17,6
FAC-015,MED-002,2026-01-17,11
FAC-015,MED-003,2026-01-17,2
FAC-015,MED-004,2026-01-17,6
FAC-015,MED-005,2026-01-17,3
FAC-015,MED-006,2026-01-17,3
FAC-015,MED-007,2026-01-17,6
FAC-015,MED-008,2026-01-17,2
FAC-016,MED-001,2026-01-17,118
FAC-016,MED-002,2026-01-17,163
FAC-016,MED-003,2026-01-17,30
FAC-016,MED-004,2026-01-17,99
FAC-016,MED-005,2026-01-17,67
FAC-016,MED-006,2026-01-17,41
FAC-016,MED-007,2026-01-17,80
FAC-016,MED-008,2026-01-17,128
FAC-017,MED-001,2026-01-17,8
FAC-017,MED-002,2026-01-17,8
FAC-017,MED-003,2026-01-17,3
FAC-017,MED-004,2026-01-17,8
FAC-017,MED-005,2026-01-17,10
FAC-017,MED-006,2026-01-17,4
FAC-017,MED-007,2026-01-17,3
FAC-017,MED-008,2026-01-17,9
FAC-018,MED-001,2026-01-17,3
FAC-018,MED-002,2026-01-17,4
FAC-018,MED-003,2026-01-17,4
FAC-018,MED-004,2026-01-17,2
FAC-018,MED-005,2026-01-17,7
FAC-018,MED-006,2026-01-17,1
FAC-018,MED-007,2026-01-17,2
FAC-018,MED-008,2026-01-17,4
FAC-019,MED-001,2026-01-17,9
FAC-019,MED-002,2026-01-17,7
FAC-019,MED-003,2026-01-17,0
FAC-019,MED-004,2026-01-17,7
FAC-019,MED-005,2026-01-17,6
FAC-019,MED-006,2026-01-17,4
FAC-019,MED-007,2026-01-17,8
FAC-019,MED-008,2026-01-17,6
FAC-020,MED-001,2026-01-17,8
FAC-020,MED-002,2026-01-17,9
FAC-020,MED-003,2026-01-17,2
FAC-020,MED-004,2026-01-17,3
FAC-020,MED-005,2026-01-17,5
FAC-020,MED-006,2026-01-17,5
FAC-020,MED-007,2026-01-17,4
FAC-020,MED-008,2026-01-17,7
FAC-001,MED-001,2026-01-18,123
FAC-001,MED-002,2026-01-18,162
FAC-001,MED-003,2026-01-18,36
FAC-001,MED-004,2026-01-18,175
FAC-001,MED-005,2026-01-18,66
FAC-001,MED-006,2026-01-18,34
FAC-001,MED-007,2026-01-18,97
FAC-001,MED-008,2026-01-18,118
FAC-002,MED-001,2026-01-18,11
FAC-002,MED-002,2026-01-18,11
FAC-002,MED-003,2026-01-18,4
FAC-002,MED-004,2026-01-18,13
FAC-002,MED-005,2026-01-18,4
FAC-002,MED-006,2026-01-18,3
FAC-002,MED-007,2026-01-18,7
FAC-002,MED-008,2026-01-18,12
FAC-003,MED-001,2026-01-18,5
FAC-003,MED-002,2026-01-18,4
FAC-003,MED-003,2026-01-18,2
FAC-003,MED-004,2026-01-18,3
FAC-003,MED-005,2026-01-18,2
FAC-003,MED-006,2026-01-18,7
FAC-003,MED-007,2026-01-18,3
FAC-003,MED-008,2026-01-18,3
FAC-004,MED-001,2026-01-18,14
FAC-004,MED-002,2026-01-18,13
FAC-004,MED-003,2026-01-18,3
FAC-004,MED-004,2026-01-18,12
FAC-004,MED-005,2026-01-18,2
FAC-004,MED-006,2026-01-18,2
FAC-004,MED-007,2026-01-18,6
FAC-004,MED-008,2026-01-18,6
FAC-005,MED-001,2026-01-18,98
FAC-005,MED-002,2026-01-18,155
FAC-005,MED-003,2026-01-18,19
FAC-005,MED-004,2026-01-18,82
FAC-005,MED-005,2026-01-18,67
FAC-005,MED-006,2026-01-18,32
FAC-005,MED-007,2026-01-18,58
FAC-005,MED-008,2026-01-18,95
FAC-006,MED-001,2026-01-18,111
FAC-006,MED-002,2026-01-18,152
FAC-006,MED-003,2026-01-18,24
FAC-006,MED-004,2026-01-18,94
FAC-006,MED-005,2026-01-18,50
FAC-006,MED-006,2026-01-18,33
FAC-006,MED-007,2026-01-18,71
FAC-006,MED-008,2026-01-18,114
FAC-007,MED-001,2026-01-18,8
FAC-007,MED-002,2026-01-18,10
FAC-007,MED-003,2026-01-18,2
FAC-007,MED-004,2026-01-18,13
FAC-007,MED-005,2026-01-18,0
FAC-007,MED-006,2026-01-18,4
FAC-007,MED-007,2026-01-18,2
FAC-007,MED-008,2026-01-18,5
FAC-008,MED-001,2026-01-18,9
FAC-008,MED-002,2026-01-18,9
FAC-008,MED-003,2026-01-18,2
FAC-008,MED-004,2026-01-18,2
FAC-008,MED-005,2026-01-18,3
FAC-008,MED-006,2026-01-18,5
FAC-008,MED-007,2026-01-18,1
FAC-008,MED-008,2026-01-18,3
FAC-009,MED-001,2026-01-18,3
FAC-009,MED-002,2026-01-18,6
FAC-009,MED-003,2026-01-18,1
FAC-009,MED-004,2026-01-18,13
FAC-009,MED-005,2026-01-18,2
FAC-009,MED-006,2026-01-18,5
FAC-009,MED-007,2026-01-18,5
FAC-009,MED-008,2026-01-18,5
FAC-010,MED-001,2026-01-18,5
FAC-010,MED-002,2026-01-18,5
FAC-010,MED-003,2026-01-18,2
FAC-010,MED-004,2026-01-18,5
FAC-010,MED-005,2026-01-18,3
FAC-010,MED-006,2026-01-18,3
FAC-010,MED-007,2026-01-18,1
FAC-010,MED-008,2026-01-18,5
FAC-011,MED-001,2026-01-18,105
FAC-011,MED-002,2026-01-18,151
FAC-011,MED-003,2026-01-18,24
FAC-011,MED-004,2026-01-18,109
FAC-011,MED-005,2026-01-18,47
FAC-011,MED-006,2026-01-18,35
FAC-011,MED-007,2026-01-18,80
FAC-011,MED-008,2026-01-18,93
FAC-012,MED-001,2026-01-18,8
FAC-012,MED-002,2026-01-18,13
FAC-012,MED-003,2026-01-18,1
FAC-012,MED-004,2026-01-18,10
FAC-012,MED-005,2026-01-18,7
FAC-012,MED-006,2026-01-18,4
FAC-012,MED-007,2026-01-18,7
FAC-012,MED-008,2026-01-18,7
FAC-013,MED-001,2026-01-18,6
FAC-013,MED-002,2026-01-18,6
FAC-013,MED-003,2026-01-18,7
FAC-013,MED-004,2026-01-18,5
FAC-013,MED-005,2026-01-18,1
FAC-013,MED-006,2026-01-18,4
FAC-013,MED-007,2026-01-18,1
FAC-013,MED-008,2026-01-18,6
FAC-014,MED-001,2026-01-18,5
FAC-014,MED-002,2026-01-18,9
FAC-014,MED-003,2026-01-18,3
FAC-014,MED-004,2026-01-18,3
FAC-014,MED-005,2026-01-18,3
FAC-014,MED-006,2026-01-18,4
FAC-014,MED-007,2026-01-18,2
FAC-014,MED-008,2026-01-18,7
FAC-015,MED-001,2026-01-18,1
FAC-015,MED-002,2026-01-18,6
FAC-015,MED-003,2026-01-18,0
FAC-015,MED-004,2026-01-18,5
FAC-015,MED-005,2026-01-18,3
FAC-015,MED-006,2026-01-18,0
FAC-015,MED-007,2026-01-18,6
FAC-015,MED-008,2026-01-18,6
FAC-016,MED-001,2026-01-18,133
FAC-016,MED-002,2026-01-18,168
FAC-016,MED-003,2026-01-18,36
FAC-016,MED-004,2026-01-18,116
FAC-016,MED-005,2026-01-18,64
FAC-016,MED-006,2026-01-18,48
FAC-016,MED-007,2026-01-18,71
FAC-016,MED-008,2026-01-18,127
FAC-017,MED-001,2026-01-18,11
FAC-017,MED-002,2026-01-18,14
FAC-017,MED-003,2026-01-18,3
FAC-017,MED-004,2026-01-18,6
FAC-017,MED-005,2026-01-18,4
FAC-017,MED-006,2026-01-18,1
FAC-017,MED-007,2026-01-18,4
FAC-017,MED-008,2026-01-18,7
FAC-018,MED-001,2026-01-18,3
FAC-018,MED-002,2026-01-18,6
FAC-018,MED-003,2026-01-18,2
FAC-018,MED-004,2026-01-18,8
FAC-018,MED-005,2026-01-18,3
FAC-018,MED-006,2026-01-18,3
FAC-018,MED-007,2026-01-18,3
FAC-018,MED-008,2026-01-18,5
FAC-019,MED-001,2026-01-18,7
FAC-019,MED-002,2026-01-18,9
FAC-019,MED-003,2026-01-18,5
FAC-019,MED-004,2026-01-18,5
FAC-019,MED-005,2026-01-18,3
FAC-019,MED-006,2026-01-18,5
FAC-019,MED-007,2026-01-18,2
FAC-019,MED-008,2026-01-18,6
FAC-020,MED-001,2026-01-18,10
FAC-020,MED-002,2026-01-18,5
FAC-020,MED-003,2026-01-18,5
FAC-020,MED-004,2026-01-18,6
FAC-020,MED-005,2026-01-18,3
FAC-020,MED-006,2026-01-18,4
FAC-020,MED-007,2026-01-18,4
FAC-020,MED-008,2026-01-18,6
FAC-001,MED-001,2026-01-19,132
FAC-001,MED-002,2026-01-19,172
FAC-001,MED-003,2026-01-19,46
FAC-001,MED-004,2026-01-19,125
FAC-001,MED-005,2026-01-19,80
FAC-001,MED-006,2026-01-19,51
FAC-001,MED-007,2026-01-19,83
FAC-001,MED-008,2026-01-19,115
FAC-002,MED-001,2026-01-19,11
FAC-002,MED-002,2026-01-19,18
FAC-002,MED-003,2026-01-19,4
FAC-002,MED-004,2026-01-19,5
FAC-002,MED-005,2026-01-19,12
FAC-002,MED-006,2026-01-19,5
FAC-002,MED-007,2026-01-19,6
FAC-002,MED-008,2026-01-19,19
FAC-003,MED-001,2026-01-19,9
FAC-003,MED-002,2026-01-19,7
FAC-003,MED-003,2026-01-19,2
FAC-003,MED-004,2026-01-19,3
FAC-003,MED-005,2026-01-19,6
FAC-003,MED-006,2026-01-19,4
FAC-003,MED-007,2026-01-19,1
FAC-003,MED-008,2026-01-19,7
FAC-004,MED-001,2026-01-19,19
FAC-004,MED-002,2026-01-19,14
FAC-004,MED-003,2026-01-19,10
FAC-004,MED-004,2026-01-19,18
FAC-004,MED-005,2026-01-19,6
FAC-004,MED-006,2026-01-19,2
FAC-004,MED-007,2026-01-19,9
FAC-004,MED-008,2026-01-19,16
FAC-005,MED-001,2026-01-19,117
FAC-005,MED-002,2026-01-19,147
FAC-005,MED-003,2026-01-19,24
FAC-005,MED-004,2026-01-19,87
FAC-005,MED-005,2026-01-19,51
FAC-005,MED-006,2026-01-19,38
FAC-005,MED-007,2026-01-19,64
FAC-005,MED-008,2026-01-19,103
FAC-006,MED-001,2026-01-19,133
FAC-006,MED-002,2026-01-19,152
FAC-006,MED-003,2026-01-19,33
FAC-006,MED-004,2026-01-19,114
FAC-006,MED-005,2026-01-19,61
FAC-006,MED-006,2026-01-19,39
FAC-006,MED-007,2026-01-19,72
FAC-006,MED-008,2026-01-19,114
FAC-007,MED-001,2026-01-19,9
FAC-007,MED-002,2026-01-19,15
FAC-007,MED-003,2026-01-19,5
FAC-007,MED-004,2026-01-19,7
FAC-007,MED-005,2026-01-19,4
FAC-007,MED-006,2026-01-19,4
FAC-007,MED-007,2026-01-19,4
FAC-007,MED-008,2026-01-19,18
FAC-008,MED-001,2026-01-19,11
FAC-008,MED-002,2026-01-19,9
FAC-008,MED-003,2026-01-19,5
FAC-008,MED-004,2026-01-19,5
FAC-008,MED-005,2026-01-19,3
FAC-008,MED-006,2026-01-19,4
FAC-008,MED-007,2026-01-19,8
FAC-008,MED-008,2026-01-19,6
FAC-009,MED-001,2026-01-19,9
FAC-009,MED-002,2026-01-19,11
FAC-009,MED-003,2026-01-19,2
FAC-009,MED-004,2026-01-19,10
FAC-009,MED-005,2026-01-19,2
FAC-009,MED-006,2026-01-19,3
FAC-009,MED-007,2026-01-19,5
FAC-009,MED-008,2026-01-19,13
FAC-010,MED-001,2026-01-19,9
FAC-010,MED-002,2026-01-19,8
FAC-010,MED-003,2026-01-19,1
FAC-010,MED-004,2026-01-19,11
FAC-010,MED-005,2026-01-19,3
FAC-010,MED-006,2026-01-19,2
FAC-010,MED-007,2026-01-19,5
FAC-010,MED-008,2026-01-19,16
FAC-011,MED-001,2026-01-19,117
FAC-011,MED-002,2026-01-19,155
FAC-011,MED-003,2026-01-19,33
FAC-011,MED-004,2026-01-19,105
FAC-011,MED-005,2026-01-19,69
FAC-011,MED-006,2026-01-19,35
FAC-011,MED-007,2026-01-19,69
FAC-011,MED-008,2026-01-19,115
FAC-012,MED-001,2026-01-19,11
FAC-012,MED-002,2026-01-19,14
FAC-012,MED-003,2026-01-19,3
FAC-012,MED-004,2026-01-19,16
FAC-012,MED-005,2026-01-19,8
FAC-012,MED-006,2026-01-19,5
FAC-012,MED-007,2026-01-19,13
FAC-012,MED-008,2026-01-19,10
FAC-013,MED-001,2026-01-19,4
FAC-013,MED-002,2026-01-19,3
FAC-013,MED-003,2026-01-19,2
FAC-013,MED-004,2026-01-19,2
FAC-013,MED-005,2026-01-19,6
FAC-013,MED-006,2026-01-19,3
FAC-013,MED-007,2026-01-19,3
FAC-013,MED-008,2026-01-19,3
FAC-014,MED-001,2026-01-19,10
FAC-014,MED-002,2026-01-19,16
FAC-014,MED-003,2026-01-19,6
FAC-014,MED-004,2026-01-19,6
FAC-014,MED-005,2026-01-19,1
FAC-014,MED-006,2026-01-19,7
FAC-014,MED-007,2026-01-19,2
FAC-014,MED-008,2026-01-19,14
FAC-015,MED-001,2026-01-19,8
FAC-015,MED-002,2026-01-19,8
FAC-015,MED-003,2026-01-19,4
FAC-015,MED-004,2026-01-19,8
FAC-015,MED-005,2026-01-19,6
FAC-015,MED-006,2026-01-19,5
FAC-015,MED-007,2026-01-19,8
FAC-015,MED-008,2026-01-19,14
FAC-016,MED-001,2026-01-19,145
FAC-016,MED-002,2026-01-19,183
FAC-016,MED-003,2026-01-19,31
FAC-016,MED-004,2026-01-19,114
FAC-016,MED-005,2026-01-19,60
FAC-016,MED-006,2026-01-19,58
FAC-016,MED-007,2026-01-19,96
FAC-016,MED-008,2026-01-19,119
FAC-017,MED-001,2026-01-19,15
FAC-017,MED-002,2026-01-19,17
FAC-017,MED-003,2026-01-19,5
FAC-017,MED-004,2026-01-19,6
FAC-017,MED-005,2026-01-19,6
FAC-017,MED-006,2026-01-19,3
FAC-017,MED-007,2026-01-19,6
FAC-017,MED-008,2026-01-19,11
FAC-018,MED-001,2026-01-19,3
FAC-018,MED-002,2026-01-19,8
FAC-018,MED-003,2026-01-19,4
FAC-018,MED-004,2026-01-19,2
FAC-018,MED-005,2026-01-19,4
FAC-018,MED-006,2026-01-19,1
FAC-018,MED-007,2026-01-19,4
FAC-018,MED-008,2026-01-19,7
FAC-019,MED-001,2026-01-19,13
FAC-019,MED-002,2026-01-19,11
FAC-019,MED-003,2026-01-19,5
FAC-019,MED-004,2026-01-19,17
FAC-019,MED-005,2026-01-19,10
FAC-019,MED-006,2026-01-19,4
FAC-019,MED-007,2026-01-19,14
FAC-019,MED-008,2026-01-19,14
FAC-020,MED-001,2026-01-19,5
FAC-020,MED-002,2026-01-19,16
FAC-020,MED-003,2026-01-19,4
FAC-020,MED-004,2026-01-19,8
FAC-020,MED-005,2026-01-19,2
FAC-020,MED-006,2026-01-19,2
FAC-020,MED-007,2026-01-19,8
FAC-020,MED-008,2026-01-19,10
FAC-001,MED-001,2026-01-20,163
FAC-001,MED-002,2026-01-20,182
FAC-001,MED-003,2026-01-20,36
FAC-001,MED-004,2026-01-20,122
FAC-001,MED-005,2026-01-20,74
FAC-001,MED-006,2026-01-20,37
FAC-001,MED-007,2026-01-20,78
FAC-001,MED-008,2026-01-20,123
FAC-002,MED-001,2026-01-20,21
FAC-002,MED-002,2026-01-20,20
FAC-002,MED-003,2026-01-20,3
FAC-002,MED-004,2026-01-20,14
FAC-002,MED-005,2026-01-20,8
FAC-002,MED-006,2026-01-20,6
FAC-002,MED-007,2026-01-20,8
FAC-002,MED-008,2026-01-20,16
FAC-003,MED-001,2026-01-20,4
FAC-003,MED-002,2026-01-20,5
FAC-003,MED-003,2026-01-20,2
FAC-003,MED-004,2026-01-20,4
FAC-003,MED-005,2026-01-20,2
FAC-003,MED-006,2026-01-20,7
FAC-003,MED-007,2026-01-20,8
FAC-003,MED-008,2026-01-20,4
FAC-004,MED-001,2026-01-20,21
FAC-004,MED-002,2026-01-20,17
FAC-004,MED-003,2026-01-20,4
FAC-004,MED-004,2026-01-20,12
FAC-004,MED-005,2026-01-20,11
FAC-004,MED-006,2026-01-20,4
FAC-004,MED-007,2026-01-20,7
FAC-004,MED-008,2026-01-20,14
FAC-005,MED-001,2026-01-20,111
FAC-005,MED-002,2026-01-20,132
FAC-005,MED-003,2026-01-20,29
FAC-005,MED-004,2026-01-20,116
FAC-005,MED-005,2026-01-20,62
FAC-005,MED-006,2026-01-20,48
FAC-005,MED-007,2026-01-20,67
FAC-005,MED-008,2026-01-20,104
FAC-006,MED-001,2026-01-20,133
FAC-006,MED-002,2026-01-20,167
FAC-006,MED-003,2026-01-20,28
FAC-006,MED-004,2026-01-20,108
FAC-006,MED-005,2026-01-20,68
FAC-006,MED-006,2026-01-20,36
FAC-006,MED-007,2026-01-20,77
FAC-006,MED-008,2026-01-20,124
FAC-007,MED-001,2026-01-20,5
FAC-007,MED-002,2026-01-20,13
FAC-007,MED-003,2026-01-20,5
FAC-007,MED-004,2026-01-20,17
FAC-007,MED-005,2026-01-20,5
FAC-007,MED-006,2026-01-20,2
FAC-007,MED-007,2026-01-20,5
FAC-007,MED-008,2026-01-20,17
FAC-008,MED-001,2026-01-20,6
FAC-008,MED-002,2026-01-20,7
FAC-008,MED-003,2026-01-20,4
FAC-008,MED-004,2026-01-20,6
FAC-008,MED-005,2026-01-20,3
FAC-008,MED-006,2026-01-20,4
FAC-008,MED-007,2026-01-20,5
FAC-008,MED-008,2026-01-20,3
FAC-009,MED-001,2026-01-20,11
FAC-009,MED-002,2026-01-20,9
FAC-009,MED-003,2026-01-20,2
FAC-009,MED-004,2026-01-20,8
FAC-009,MED-005,2026-01-20,11
FAC-009,MED-006,2026-01-20,7
FAC-009,MED-007,2026-01-20,5
FAC-009,MED-008,2026-01-20,20
FAC-010,MED-001,2026-01-20,6
FAC-010,MED-002,2026-01-20,12
FAC-010,MED-003,2026-01-20,4
FAC-010,MED-004,2026-01-20,12
FAC-010,MED-005,2026-01-20,2
FAC-010,MED-006,2026-01-20,5
FAC-010,MED-007,2026-01-20,4
FAC-010,MED-008,2026-01-20,6
FAC-011,MED-001,2026-01-20,123
FAC-011,MED-002,2026-01-20,147
FAC-011,MED-003,2026-01-20,27
FAC-011,MED-004,2026-01-20,101
FAC-011,MED-005,2026-01-20,61
FAC-011,MED-006,2026-01-20,39
FAC-011,MED-007,2026-01-20,73
FAC-011,MED-008,2026-01-20,110
FAC-012,MED-001,2026-01-20,14
FAC-012,MED-002,2026-01-20,17
FAC-012,MED-003,2026-01-20,4
FAC-012,MED-004,2026-01-20,10
FAC-012,MED-005,2026-01-20,15
FAC-012,MED-006,2026-01-20,6
FAC-012,MED-007,2026-01-20,9
FAC-012,MED-008,2026-01-20,20
FAC-013,MED-001,2026-01-20,6
FAC-013,MED-002,2026-01-20,6
FAC-013,MED-003,2026-01-20,1
FAC-013,MED-004,2026-01-20,4
FAC-013,MED-005,2026-01-20,2
FAC-013,MED-006,2026-01-20,2
FAC-013,MED-007,2026-01-20,1
FAC-013,MED-008,2026-01-20,3
FAC-014,MED-001,2026-01-20,8
FAC-014,MED-002,2026-01-20,10
FAC-014,MED-003,2026-01-20,2
FAC-014,MED-004,2026-01-20,6
FAC-014,MED-005,2026-01-20,6
FAC-014,MED-006,2026-01-20,7
FAC-014,MED-007,2026-01-20,7
FAC-014,MED-008,2026-01-20,7
FAC-015,MED-001,2026-01-20,8
FAC-015,MED-002,2026-01-20,8
FAC-015,MED-003,2026-01-20,3
FAC-015,MED-004,2026-01-20,6
FAC-015,MED-005,2026-01-20,5
FAC-015,MED-006,2026-01-20,4
FAC-015,MED-007,2026-01-20,6
FAC-015,MED-008,2026-01-20,7
FAC-016,MED-001,2026-01-20,144
FAC-016,MED-002,2026-01-20,183
FAC-016,MED-003,2026-01-20,29
FAC-016,MED-004,2026-01-20,115
FAC-016,MED-005,2026-01-20,63
FAC-016,MED-006,2026-01-20,33
FAC-016,MED-007,2026-01-20,81
FAC-016,MED-008,2026-01-20,122
FAC-017,MED-001,2026-01-20,12
FAC-017,MED-002,2026-01-20,19
FAC-017,MED-003,2026-01-20,4
FAC-017,MED-004,2026-01-20,20
FAC-017,MED-005,2026-01-20,5
FAC-017,MED-006,2026-01-20,3
FAC-017,MED-007,2026-01-20,5
FAC-017,MED-008,2026-01-20,11
FAC-018,MED-001,2026-01-20,10
FAC-018,MED-002,2026-01-20,6
FAC-018,MED-003,2026-01-20,1
FAC-018,MED-004,2026-01-20,1
FAC-018,MED-005,2026-01-20,4
FAC-018,MED-006,2026-01-20,2
FAC-018,MED-007,2026-01-20,2
FAC-018,MED-008,2026-01-20,4
FAC-019,MED-001,2026-01-20,14
FAC-019,MED-002,2026-01-20,10
FAC-019,MED-003,2026-01-20,2
FAC-019,MED-004,2026-01-20,5
FAC-019,MED-005,2026-01-20,9
FAC-019,MED-006,2026-01-20,6
FAC-019,MED-007,2026-01-20,9
FAC-019,MED-008,2026-01-20,13
FAC-020,MED-001,2026-01-20,10
FAC-020,MED-002,2026-01-20,14
FAC-020,MED-003,2026-01-20,6
FAC-020,MED-004,2026-01-20,7
FAC-020,MED-005,2026-01-20,4
FAC-020,MED-006,2026-01-20,4
FAC-020,MED-007,2026-01-20,11
FAC-020,MED-008,2026-01-20,14
FAC-001,MED-001,2026-01-21,129
FAC-001,MED-002,2026-01-21,210
FAC-001,MED-003,2026-01-21,28
FAC-001,MED-004,2026-01-21,138
FAC-001,MED-005,2026-01-21,77
FAC-001,MED-006,2026-01-21,45
FAC-001,MED-007,2026-01-21,75
FAC-001,MED-008,2026-01-21,133
FAC-002,MED-001,2026-01-21,12
FAC-002,MED-002,2026-01-21,13
FAC-002,MED-003,2026-01-21,2
FAC-002,MED-004,2026-01-21,10
FAC-002,MED-005,2026-01-21,7
FAC-002,MED-006,2026-01-21,6
FAC-002,MED-007,2026-01-21,10
FAC-002,MED-008,2026-01-21,11
FAC-003,MED-001,2026-01-21,9
FAC-003,MED-002,2026-01-21,5
FAC-003,MED-003,2026-01-21,8
FAC-003,MED-004,2026-01-21,4
FAC-003,MED-005,2026-01-21,4
FAC-003,MED-006,2026-01-21,6
FAC-003,MED-007,2026-01-21,2
FAC-003,MED-008,2026-01-21,3
FAC-004,MED-001,2026-01-21,14
FAC-004,MED-002,2026-01-21,16
FAC-004,MED-003,2026-01-21,7
FAC-004,MED-004,2026-01-21,7
FAC-004,MED-005,2026-01-21,12
FAC-004,MED-006,2026-01-21,2
FAC-004,MED-007,2026-01-21,15
FAC-004,MED-008,2026-01-21,14
FAC-005,MED-001,2026-01-21,137
FAC-005,MED-002,2026-01-21,155
FAC-005,MED-003,2026-01-21,29
FAC-005,MED-004,2026-01-21,88
FAC-005,MED-005,2026-01-21,48
FAC-005,MED-006,2026-01-21,31
FAC-005,MED-007,2026-01-21,79
FAC-005,MED-008,2026-01-21,101
FAC-006,MED-001,2026-01-21,142
FAC-006,MED-002,2026-01-21,160
FAC-006,MED-003,2026-01-21,28
FAC-006,MED-004,2026-01-21,122
FAC-006,MED-005,2026-01-21,52
FAC-006,MED-006,2026-01-21,32
FAC-006,MED-007,2026-01-21,57
FAC-006,MED-008,2026-01-21,133
FAC-007,MED-001,2026-01-21,11
FAC-007,MED-002,2026-01-21,16
FAC-007,MED-003,2026-01-21,3
FAC-007,MED-004,2026-01-21,16
FAC-007,MED-005,2026-01-21,6
FAC-007,MED-006,2026-01-21,6
FAC-007,MED-007,2026-01-21,5
FAC-007,MED-008,2026-01-21,12
FAC-008,MED-001,2026-01-21,6
FAC-008,MED-002,2026-01-21,7
FAC-008,MED-003,2026-01-21,1
FAC-008,MED-004,2026-01-21,5
FAC-008,MED-005,2026-01-21,4
FAC-008,MED-006,2026-01-21,3
FAC-008,MED-007,2026-01-21,1
FAC-008,MED-008,2026-01-21,6
FAC-009,MED-001,2026-01-21,10
FAC-009,MED-002,2026-01-21,8
FAC-009,MED-003,2026-01-21,2
FAC-009,MED-004,2026-01-21,8
FAC-009,MED-005,2026-01-21,7
FAC-009,MED-006,2026-01-21,1
FAC-009,MED-007,2026-01-21,14
FAC-009,MED-008,2026-01-21,9
FAC-010,MED-001,2026-01-21,8
FAC-010,MED-002,2026-01-21,9
FAC-010,MED-003,2026-01-21,3
FAC-010,MED-004,2026-01-21,7
FAC-010,MED-005,2026-01-21,4
FAC-010,MED-006,2026-01-21,2
FAC-010,MED-007,2026-01-21,8
FAC-010,MED-008,2026-01-21,6
FAC-011,MED-001,2026-01-21,126
FAC-011,MED-002,2026-01-21,127
FAC-011,MED-003,2026-01-21,26
FAC-011,MED-004,2026-01-21,118
FAC-011,MED-005,2026-01-21,61
FAC-011,MED-006,2026-01-21,39
FAC-011,MED-007,2026-01-21,77
FAC-011,MED-008,2026-01-21,134
FAC-012,MED-001,2026-01-21,12
FAC-012,MED-002,2026-01-21,16
FAC-012,MED-003,2026-01-21,1
FAC-012,MED-004,2026-01-21,10
FAC-012,MED-005,2026-01-21,6
FAC-012,MED-006,2026-01-21,6
FAC-012,MED-007,2026-01-21,12
FAC-012,MED-008,2026-01-21,11
FAC-013,MED-001,2026-01-21,7
FAC-013,MED-002,2026-01-21,7
FAC-013,MED-003,2026-01-21,3
FAC-013,MED-004,2026-01-21,7
FAC-013,MED-005,2026-01-21,5
FAC-013,MED-006,2026-01-21,3
FAC-013,MED-007,2026-01-21,2
FAC-013,MED-008,2026-01-21,7
FAC-014,MED-001,2026-01-21,15
FAC-014,MED-002,2026-01-21,6
FAC-014,MED-003,2026-01-21,1
FAC-014,MED-004,2026-01-21,9
FAC-014,MED-005,2026-01-21,8
FAC-014,MED-006,2026-01-21,2
FAC-014,MED-007,2026-01-21,10
FAC-014,MED-008,2026-01-21,13
FAC-015,MED-001,2026-01-21,7
FAC-015,MED-002,2026-01-21,11
FAC-015,MED-003,2026-01-21,3
FAC-015,MED-004,2026-01-21,6
FAC-015,MED-005,2026-01-21,5
FAC-015,MED-006,2026-01-21,5
FAC-015,MED-007,2026-01-21,6
FAC-015,MED-008,2026-01-21,7
FAC-016,MED-001,2026-01-21,145
FAC-016,MED-002,2026-01-21,174
FAC-016,MED-003,2026-01-21,32
FAC-016,MED-004,2026-01-21,106
FAC-016,MED-005,2026-01-21,64
FAC-016,MED-006,2026-01-21,44
FAC-016,MED-007,2026-01-21,78
FAC-016,MED-008,2026-01-21,142
FAC-017,MED-001,2026-01-21,15
FAC-017,MED-002,2026-01-21,21
FAC-017,MED-003,2026-01-21,2
FAC-017,MED-004,2026-01-21,6
FAC-017,MED-005,2026-01-21,15
FAC-017,MED-006,2026-01-21,4
FAC-017,MED-007,2026-01-21,5
FAC-017,MED-008,2026-01-21,17
FAC-018,MED-001,2026-01-21,4
FAC-018,MED-002,2026-01-21,5
FAC-018,MED-003,2026-01-21,3
FAC-018,MED-004,2026-01-21,6
FAC-018,MED-005,2026-01-21,2
FAC-018,MED-006,2026-01-21,3
FAC-018,MED-007,2026-01-21,0
FAC-018,MED-008,2026-01-21,3
FAC-019,MED-001,2026-01-21,9
FAC-019,MED-002,2026-01-21,11
FAC-019,MED-003,2026-01-21,3
FAC-019,MED-004,2026-01-21,12
FAC-019,MED-005,2026-01-21,7
FAC-019,MED-006,2026-01-21,4
FAC-019,MED-007,2026-01-21,7
FAC-019,MED-008,2026-01-21,7
FAC-020,MED-001,2026-01-21,19
FAC-020,MED-002,2026-01-21,9
FAC-020,MED-003,2026-01-21,5
FAC-020,MED-004,2026-01-21,8
FAC-020,MED-005,2026-01-21,6
FAC-020,MED-006,2026-01-21,2
FAC-020,MED-007,2026-01-21,8
FAC-020,MED-008,2026-01-21,8
FAC-001,MED-001,2026-01-22,148
FAC-001,MED-002,2026-01-22,175
FAC-001,MED-003,2026-01-22,31
FAC-001,MED-004,2026-01-22,108
FAC-001,MED-005,2026-01-22,72
FAC-001,MED-006,2026-01-22,50
FAC-001,MED-007,2026-01-22,86
FAC-001,MED-008,2026-01-22,130
FAC-002,MED-001,2026-01-22,19
FAC-002,MED-002,2026-01-22,21
FAC-002,MED-003,2026-01-22,4
FAC-002,MED-004,2026-01-22,13
FAC-002,MED-005,2026-01-22,4
FAC-002,MED-006,2026-01-22,6
FAC-002,MED-007,2026-01-22,5
FAC-002,MED-008,2026-01-22,18
FAC-003,MED-001,2026-01-22,2
FAC-003,MED-002,2026-01-22,6
FAC-003,MED-003,2026-01-22,8
FAC-003,MED-004,2026-01-22,6
FAC-003,MED-005,2026-01-22,2
FAC-003,MED-006,2026-01-22,1
FAC-003,MED-007,2026-01-22,1
FAC-003,MED-008,2026-01-22,4
FAC-004,MED-001,2026-01-22,13
FAC-004,MED-002,2026-01-22,21
FAC-004,MED-003,2026-01-22,3
FAC-004,MED-004,2026-01-22,19
FAC-004,MED-005,2026-01-22,3
FAC-004,MED-006,2026-01-22,8
FAC-004,MED-007,2026-01-22,9
FAC-004,MED-008,2026-01-22,16
FAC-005,MED-001,2026-01-22,109
FAC-005,MED-002,2026-01-22,158
FAC-005,MED-003,2026-01-22,29
FAC-005,MED-004,2026-01-22,93
FAC-005,MED-005,2026-01-22,57
FAC-005,MED-006,2026-01-22,26
FAC-005,MED-007,2026-01-22,89
FAC-005,MED-008,2026-01-22,93
FAC-006,MED-001,2026-01-22,173
FAC-006,MED-002,2026-01-22,155
FAC-006,MED-003,2026-01-22,26
FAC-006,MED-004,2026-01-22,107
FAC-006,MED-005,2026-01-22,62
FAC-006,MED-006,2026-01-22,27
FAC-006,MED-007,2026-01-22,67
FAC-006,MED-008,2026-01-22,111
FAC-007,MED-001,2026-01-22,12
FAC-007,MED-002,2026-01-22,14
FAC-007,MED-003,2026-01-22,2
FAC-007,MED-004,2026-01-22,6
FAC-007,MED-005,2026-01-22,6
FAC-007,MED-006,2026-01-22,1
FAC-007,MED-007,2026-01-22,11
FAC-007,MED-008,2026-01-22,12
FAC-008,MED-001,2026-01-22,7
FAC-008,MED-002,2026-01-22,11
FAC-008,MED-003,2026-01-22,4
FAC-008,MED-004,2026-01-22,7
FAC-008,MED-005,2026-01-22,4
FAC-008,MED-006,2026-01-22,1
FAC-008,MED-007,2026-01-22,5
FAC-008,MED-008,2026-01-22,4
FAC-009,MED-001,2026-01-22,14
FAC-009,MED-002,2026-01-22,15
FAC-009,MED-003,2026-01-22,3
FAC-009,MED-004,2026-01-22,5
FAC-009,MED-005,2026-01-22,8
FAC-009,MED-006,2026-01-22,4
FAC-009,MED-007,2026-01-22,7
FAC-009,MED-008,2026-01-22,8
FAC-010,MED-001,2026-01-22,10
FAC-010,MED-002,2026-01-22,10
FAC-010,MED-003,2026-01-22,4
FAC-010,MED-004,2026-01-22,4
FAC-010,MED-005,2026-01-22,1
FAC-010,MED-006,2026-01-22,3
FAC-010,MED-007,2026-01-22,2
FAC-010,MED-008,2026-01-22,9
FAC-011,MED-001,2026-01-22,116
FAC-011,MED-002,2026-01-22,170
FAC-011,MED-003,2026-01-22,31
FAC-011,MED-004,2026-01-22,103
FAC-011,MED-005,2026-01-22,55
FAC-011,MED-006,2026-01-22,45
FAC-011,MED-007,2026-01-22,76
FAC-011,MED-008,2026-01-22,122
FAC-012,MED-001,2026-01-22,12
FAC-012,MED-002,2026-01-22,18
FAC-012,MED-003,2026-01-22,6
FAC-012,MED-004,2026-01-22,13
FAC-012,MED-005,2026-01-22,7
FAC-012,MED-006,2026-01-22,4
FAC-012,MED-007,2026-01-22,10
FAC-012,MED-008,2026-01-22,14
FAC-013,MED-001,2026-01-22,4
FAC-013,MED-002,2026-01-22,6
FAC-013,MED-003,2026-01-22,2
FAC-013,MED-004,2026-01-22,6
FAC-013,MED-005,2026-01-22,3
FAC-013,MED-006,2026-01-22,1
FAC-013,MED-007,2026-01-22,2
FAC-013,MED-008,2026-01-22,3
FAC-014,MED-001,2026-01-22,17
FAC-014,MED-002,2026-01-22,17
FAC-014,MED-003,2026-01-22,2
FAC-014,MED-004,2026-01-22,11
FAC-014,MED-005,2026-01-22,9
FAC-014,MED-006,2026-01-22,4
FAC-014,MED-007,2026-01-22,6
FAC-014,MED-008,2026-01-22,11
FAC-015,MED-001,2026-01-22,11
FAC-015,MED-002,2026-01-22,13
FAC-015,MED-003,2026-01-22,6
FAC-015,MED-004,2026-01-22,9
FAC-015,MED-005,2026-01-22,3
FAC-015,MED-006,2026-01-22,1
FAC-015,MED-007,2026-01-22,8
FAC-015,MED-008,2026-01-22,6
FAC-016,MED-001,2026-01-22,137
FAC-016,MED-002,2026-01-22,165
FAC-016,MED-003,2026-01-22,38
FAC-016,MED-004,2026-01-22,108
FAC-016,MED-005,2026-01-22,68
FAC-016,MED-006,2026-01-22,34
FAC-016,MED-007,2026-01-22,78
FAC-016,MED-008,2026-01-22,132
FAC-017,MED-001,2026-01-22,14
FAC-017,MED-002,2026-01-22,13
FAC-017,MED-003,2026-01-22,1
FAC-017,MED-004,2026-01-22,15
FAC-017,MED-005,2026-01-22,7
FAC-017,MED-006,2026-01-22,4
FAC-017,MED-007,2026-01-22,13
FAC-017,MED-008,2026-01-22,15
FAC-018,MED-001,2026-01-22,2
FAC-018,MED-002,2026-01-22,10
FAC-018,MED-003,2026-01-22,4
FAC-018,MED-004,2026-01-22,4
FAC-018,MED-005,2026-01-22,3
FAC-018,MED-006,2026-01-22,3
FAC-018,MED-007,2026-01-22,5
FAC-018,MED-008,2026-01-22,2
FAC-019,MED-001,2026-01-22,14
FAC-019,MED-002,2026-01-22,12
FAC-019,MED-003,2026-01-22,5
FAC-019,MED-004,2026-01-22,10
FAC-019,MED-005,2026-01-22,6
FAC-019,MED-006,2026-01-22,4
FAC-019,MED-007,2026-01-22,3
FAC-019,MED-008,2026-01-22,11
FAC-020,MED-001,2026-01-22,8
FAC-020,MED-002,2026-01-22,17
FAC-020,MED-003,2026-01-22,3
FAC-020,MED-004,2026-01-22,8
FAC-020,MED-005,2026-01-22,5
FAC-020,MED-006,2026-01-22,7
FAC-020,MED-007,2026-01-22,5
FAC-020,MED-008,2026-01-22,5
FAC-001,MED-001,2026-01-23,145
FAC-001,MED-002,2026-01-23,187
FAC-001,MED-003,2026-01-23,43
FAC-001,MED-004,2026-01-23,115
FAC-001,MED-005,2026-01-23,75
FAC-001,MED-006,2026-01-23,46
FAC-001,MED-007,2026-01-23,97
FAC-001,MED-008,2026-01-23,118
FAC-002,MED-001,2026-01-23,16
FAC-002,MED-002,2026-01-23,27
FAC-002,MED-003,2026-01-23,5
FAC-002,MED-004,2026-01-23,13
FAC-002,MED-005,2026-01-23,10
FAC-002,MED-006,2026-01-23,0
FAC-002,MED-007,2026-01-23,8
FAC-002,MED-008,2026-01-23,10
FAC-003,MED-001,2026-01-23,3
FAC-003,MED-002,2026-01-23,10
FAC-003,MED-003,2026-01-23,2
FAC-003,MED-004,2026-01-23,4
FAC-003,MED-005,2026-01-23,1
FAC-003,MED-006,2026-01-23,3
FAC-003,MED-007,2026-01-23,2
FAC-003,MED-008,2026-01-23,6
FAC-004,MED-001,2026-01-23,17
FAC-004,MED-002,2026-01-23,19
FAC-004,MED-003,2026-01-23,3
FAC-004,MED-004,2026-01-23,13
FAC-004,MED-005,2026-01-23,8
FAC-004,MED-006,2026-01-23,5
FAC-004,MED-007,2026-01-23,8
FAC-004,MED-008,2026-01-23,18
FAC-005,MED-001,2026-01-23,115
FAC-005,MED-002,2026-01-23,161
FAC-005,MED-003,2026-01-23,27
FAC-005,MED-004,2026-01-23,99
FAC-005,MED-005,2026-01-23,47
FAC-005,MED-006,2026-01-23,43
FAC-005,MED-007,2026-01-23,70
FAC-005,MED-008,2026-01-23,97
FAC-006,MED-001,2026-01-23,153
FAC-006,MED-002,2026-01-23,168
FAC-006,MED-003,2026-01-23,38
FAC-006,MED-004,2026-01-23,99
FAC-006,MED-005,2026-01-23,61
FAC-006,MED-006,2026-01-23,43
FAC-006,MED-007,2026-01-23,75
FAC-006,MED-008,2026-01-23,119
FAC-007,MED-001,2026-01-23,17
FAC-007,MED-002,2026-01-23,18
FAC-007,MED-003,2026-01-23,0
FAC-007,MED-004,2026-01-23,14
FAC-007,MED-005,2026-01-23,7
FAC-007,MED-006,2026-01-23,5
FAC-007,MED-007,2026-01-23,12
FAC-007,MED-008,2026-01-23,10
FAC-008,MED-001,2026-01-23,4
FAC-008,MED-002,2026-01-23,8
FAC-008,MED-003,2026-01-23,3
FAC-008,MED-004,2026-01-23,5
FAC-008,MED-005,2026-01-23,3
FAC-008,MED-006,2026-01-23,2
FAC-008,MED-007,2026-01-23,3
FAC-008,MED-008,2026-01-23,11
FAC-009,MED-001,2026-01-23,9
FAC-009,MED-002,2026-01-23,16
FAC-009,MED-003,2026-01-23,4
FAC-009,MED-004,2026-01-23,9
FAC-009,MED-005,2026-01-23,8
FAC-009,MED-006,2026-01-23,1
FAC-009,MED-007,2026-01-23,9
FAC-009,MED-008,2026-01-23,12
FAC-010,MED-001,2026-01-23,7
FAC-010,MED-002,2026-01-23,10
FAC-010,MED-003,2026-01-23,2
FAC-010,MED-004,2026-01-23,6
FAC-010,MED-005,2026-01-23,8
FAC-010,MED-006,2026-01-23,4
FAC-010,MED-007,2026-01-23,2
FAC-010,MED-008,2026-01-23,7
FAC-011,MED-001,2026-01-23,121
FAC-011,MED-002,2026-01-23,168
FAC-011,MED-003,2026-01-23,34
FAC-011,MED-004,2026-01-23,96
FAC-011,MED-005,2026-01-23,62
FAC-011,MED-006,2026-01-23,47
FAC-011,MED-007,2026-01-23,63
FAC-011,MED-008,2026-01-23,129
FAC-012,MED-001,2026-01-23,15
FAC-012,MED-002,2026-01-23,18
FAC-012,MED-003,2026-01-23,5
FAC-012,MED-004,2026-01-23,9
FAC-012,MED-005,2026-01-23,9
FAC-012,MED-006,2026-01-23,6
FAC-012,MED-007,2026-01-23,7
FAC-012,MED-008,2026-01-23,17
FAC-013,MED-001,2026-01-23,4
FAC-013,MED-002,2026-01-23,8
FAC-013,MED-003,2026-01-23,2
FAC-013,MED-004,2026-01-23,5
FAC-013,MED-005,2026-01-23,2
FAC-013,MED-006,2026-01-23,7
FAC-013,MED-007,2026-01-23,7
FAC-013,MED-008,2026-01-23,3
FAC-014,MED-001,2026-01-23,10
FAC-014,MED-002,2026-01-23,16
FAC-014,MED-003,2026-01-23,3
FAC-014,MED-004,2026-01-23,9
FAC-014,MED-005,2026-01-23,6
FAC-014,MED-006,2026-01-23,5
FAC-014,MED-007,2026-01-23,4
FAC-014,MED-008,2026-01-23,12
FAC-015,MED-001,2026-01-23,7
FAC-015,MED-002,2026-01-23,12
FAC-015,MED-003,2026-01-23,3
FAC-015,MED-004,2026-01-23,4
FAC-015,MED-005,2026-01-23,5
FAC-015,MED-006,2026-01-23,6
FAC-015,MED-007,2026-01-23,8
FAC-015,MED-008,2026-01-23,9
FAC-016,MED-001,2026-01-23,109
FAC-016,MED-002,2026-01-23,179
FAC-016,MED-003,2026-01-23,44
FAC-016,MED-004,2026-01-23,134
FAC-016,MED-005,2026-01-23,68
FAC-016,MED-006,2026-01-23,39
FAC-016,MED-007,2026-01-23,95
FAC-016,MED-008,2026-01-23,131
FAC-017,MED-001,2026-01-23,13
FAC-017,MED-002,2026-01-23,12
FAC-017,MED-003,2026-01-23,3
FAC-017,MED-004,2026-01-23,5
FAC-017,MED-005,2026-01-23,10
FAC-017,MED-006,2026-01-23,3
FAC-017,MED-007,2026-01-23,6
FAC-017,MED-008,2026-01-23,6
FAC-018,MED-001,2026-01-23,10
FAC-018,MED-002,2026-01-23,4
FAC-018,MED-003,2026-01-23,3
FAC-018,MED-004,2026-01-23,5
FAC-018,MED-005,2026-01-23,0
FAC-018,MED-006,2026-01-23,2
FAC-018,MED-007,2026-01-23,1
FAC-018,MED-008,2026-01-23,2
FAC-019,MED-001,2026-01-23,19
FAC-019,MED-002,2026-01-23,19
FAC-019,MED-003,2026-01-23,2
FAC-019,MED-004,2026-01-23,11
FAC-019,MED-005,2026-01-23,4
FAC-019,MED-006,2026-01-23,8
FAC-019,MED-007,2026-01-23,7
FAC-019,MED-008,2026-01-23,6
FAC-020,MED-001,2026-01-23,13
FAC-020,MED-002,2026-01-23,12
FAC-020,MED-003,2026-01-23,0
FAC-020,MED-004,2026-01-23,7
FAC-020,MED-005,2026-01-23,4
FAC-020,MED-006,2026-01-23,5
FAC-020,MED-007,2026-01-23,7
FAC-020,MED-008,2026-01-23,11
FAC-001,MED-001,2026-01-24,131
FAC-001,MED-002,2026-01-24,190
FAC-001,MED-003,2026-01-24,39
FAC-001,MED-004,2026-01-24,110
FAC-001,MED-005,2026-01-24,78
FAC-001,MED-006,2026-01-24,45
FAC-001,MED-007,2026-01-24,91
FAC-001,MED-008,2026-01-24,139
FAC-002,MED-001,2026-01-24,13
FAC-002,MED-002,2026-01-24,17
FAC-002,MED-003,2026-01-24,1
FAC-002,MED-004,2026-01-24,5
FAC-002,MED-005,2026-01-24,5
FAC-002,MED-006,2026-01-24,4
FAC-002,MED-007,2026-01-24,3
FAC-002,MED-008,2026-01-24,10
FAC-003,MED-001,2026-01-24,1
FAC-003,MED-002,2026-01-24,7
FAC-003,MED-003,2026-01-24,3
FAC-003,MED-004,2026-01-24,2
FAC-003,MED-005,2026-01-24,5
FAC-003,MED-006,2026-01-24,6
FAC-003,MED-007,2026-01-24,1
FAC-003,MED-008,2026-01-24,5
FAC-004,MED-001,2026-01-24,6
FAC-004,MED-002,2026-01-24,6
FAC-004,MED-003,2026-01-24,3
FAC-004,MED-004,2026-01-24,17
FAC-004,MED-005,2026-01-24,4
FAC-004,MED-006,2026-01-24,3
FAC-004,MED-007,2026-01-24,7
FAC-004,MED-008,2026-01-24,12
FAC-005,MED-001,2026-01-24,119
FAC-005,MED-002,2026-01-24,160
FAC-005,MED-003,2026-01-24,31
FAC-005,MED-004,2026-01-24,81
FAC-005,MED-005,2026-01-24,48
FAC-005,MED-006,2026-01-24,39
FAC-005,MED-007,2026-01-24,61
FAC-005,MED-008,2026-01-24,94
FAC-006,MED-001,2026-01-24,117
FAC-006,MED-002,2026-01-24,171
FAC-006,MED-003,2026-01-24,24
FAC-006,MED-004,2026-01-24,106
FAC-006,MED-005,2026-01-24,65
FAC-006,MED-006,2026-01-24,32
FAC-006,MED-007,2026-01-24,81
FAC-006,MED-008,2026-01-24,126
FAC-007,MED-001,2026-01-24,11
FAC-007,MED-002,2026-01-24,14
FAC-007,MED-003,2026-01-24,1
FAC-007,MED-004,2026-01-24,6
FAC-007,MED-005,2026-01-24,4
FAC-007,MED-006,2026-01-24,1
FAC-007,MED-007,2026-01-24,4
FAC-007,MED-008,2026-01-24,7
FAC-008,MED-001,2026-01-24,8
FAC-008,MED-002,2026-01-24,9
FAC-008,MED-003,2026-01-24,0
FAC-008,MED-004,2026-01-24,2
FAC-008,MED-005,2026-01-24,2
FAC-008,MED-006,2026-01-24,6
FAC-008,MED-007,2026-01-24,1
FAC-008,MED-008,2026-01-24,6
FAC-009,MED-001,2026-01-24,5
FAC-009,MED-002,2026-01-24,4
FAC-009,MED-003,2026-01-24,1
FAC-009,MED-004,2026-01-24,6
FAC-009,MED-005,2026-01-24,5
FAC-009,MED-006,2026-01-24,0
FAC-009,MED-007,2026-01-24,2
FAC-009,MED-008,2026-01-24,8
FAC-010,MED-001,2026-01-24,8
FAC-010,MED-002,2026-01-24,8
FAC-010,MED-003,2026-01-24,1
FAC-010,MED-004,2026-01-24,4
FAC-010,MED-005,2026-01-24,5
FAC-010,MED-006,2026-01-24,4
FAC-010,MED-007,2026-01-24,2
FAC-010,MED-008,2026-01-24,5
FAC-011,MED-001,2026-01-24,99
FAC-011,MED-002,2026-01-24,146
FAC-011,MED-003,2026-01-24,27
FAC-011,MED-004,2026-01-24,104
FAC-011,MED-005,2026-01-24,76
FAC-011,MED-006,2026-01-24,36
FAC-011,MED-007,2026-01-24,65
FAC-011,MED-008,2026-01-24,104
FAC-012,MED-001,2026-01-24,11
FAC-012,MED-002,2026-01-24,7
FAC-012,MED-003,2026-01-24,2
FAC-012,MED-004,2026-01-24,8
FAC-012,MED-005,2026-01-24,2
FAC-012,MED-006,2026-01-24,1
FAC-012,MED-007,2026-01-24,5
FAC-012,MED-008,2026-01-24,8
FAC-013,MED-001,2026-01-24,7
FAC-013,MED-002,2026-01-24,7
FAC-013,MED-003,2026-01-24,4
FAC-013,MED-004,2026-01-24,2
FAC-013,MED-005,2026-01-24,5
FAC-013,MED-006,2026-01-24,6
FAC-013,MED-007,2026-01-24,2
FAC-013,MED-008,2026-01-24,1
FAC-014,MED-001,2026-01-24,6
FAC-014,MED-002,2026-01-24,6
FAC-014,MED-003,2026-01-24,1
FAC-014,MED-004,2026-01-24,6
FAC-014,MED-005,2026-01-24,1
FAC-014,MED-006,2026-01-24,2
FAC-014,MED-007,2026-01-24,6
FAC-014,MED-008,2026-01-24,8
FAC-015,MED-001,2026-01-24,6
FAC-015,MED-002,2026-01-24,5
FAC-015,MED-003,2026-01-24,2
FAC-015,MED-004,2026-01-24,5
FAC-015,MED-005,2026-01-24,3
FAC-015,MED-006,2026-01-24,0
FAC-015,MED-007,2026-01-24,1
FAC-015,MED-008,2026-01-24,4
FAC-016,MED-001,2026-01-24,152
FAC-016,MED-002,2026-01-24,174
FAC-016,MED-003,2026-01-24,34
FAC-016,MED-004,2026-01-24,118
FAC-016,MED-005,2026-01-24,75
FAC-016,MED-006,2026-01-24,43
FAC-016,MED-007,2026-01-24,84
FAC-016,MED-008,2026-01-24,119
FAC-017,MED-001,2026-01-24,7
FAC-017,MED-002,2026-01-24,11
FAC-017,MED-003,2026-01-24,3
FAC-017,MED-004,2026-01-24,11
FAC-017,MED-005,2026-01-24,5
FAC-017,MED-006,2026-01-24,4
FAC-017,MED-007,2026-01-24,5
FAC-017,MED-008,2026-01-24,7
FAC-018,MED-001,2026-01-24,4
FAC-018,MED-002,2026-01-24,5
FAC-018,MED-003,2026-01-24,1
FAC-018,MED-004,2026-01-24,3
FAC-018,MED-005,2026-01-24,3
FAC-018,MED-006,2026-01-24,5
FAC-018,MED-007,2026-01-24,1
FAC-018,MED-008,2026-01-24,8
FAC-019,MED-001,2026-01-24,6
FAC-019,MED-002,2026-01-24,7
FAC-019,MED-003,2026-01-24,2
FAC-019,MED-004,2026-01-24,6
FAC-019,MED-005,2026-01-24,6
FAC-019,MED-006,2026-01-24,0
FAC-019,MED-007,2026-01-24,3
FAC-019,MED-008,2026-01-24,8
FAC-020,MED-001,2026-01-24,12
FAC-020,MED-002,2026-01-24,5
FAC-020,MED-003,2026-01-24,1
FAC-020,MED-004,2026-01-24,4
FAC-020,MED-005,2026-01-24,2
FAC-020,MED-006,2026-01-24,4
FAC-020,MED-007,2026-01-24,3
FAC-020,MED-008,2026-01-24,7
FAC-001,MED-001,2026-01-25,136
FAC-001,MED-002,2026-01-25,181
FAC-001,MED-003,2026-01-25,28
FAC-001,MED-004,2026-01-25,109
FAC-001,MED-005,2026-01-25,77
FAC-001,MED-006,2026-01-25,58
FAC-001,MED-007,2026-01-25,85
FAC-001,MED-008,2026-01-25,125
FAC-002,MED-001,2026-01-25,9
FAC-002,MED-002,2026-01-25,15
FAC-002,MED-003,2026-01-25,6
FAC-002,MED-004,2026-01-25,21
FAC-002,MED-005,2026-01-25,8
FAC-002,MED-006,2026-01-25,1
FAC-002,MED-007,2026-01-25,6
FAC-002,MED-008,2026-01-25,5
FAC-003,MED-001,2026-01-25,2
FAC-003,MED-002,2026-01-25,2
FAC-003,MED-003,2026-01-25,1
FAC-003,MED-004,2026-01-25,4
FAC-003,MED-005,2026-01-25,1
FAC-003,MED-006,2026-01-25,3
FAC-003,MED-007,2026-01-25,0
FAC-003,MED-008,2026-01-25,2
FAC-004,MED-001,2026-01-25,8
FAC-004,MED-002,2026-01-25,12
FAC-004,MED-003,2026-01-25,3
FAC-004,MED-004,2026-01-25,8
FAC-004,MED-005,2026-01-25,5
FAC-004,MED-006,2026-01-25,0
FAC-004,MED-007,2026-01-25,8
FAC-004,MED-008,2026-01-25,5
FAC-005,MED-001,2026-01-25,100
FAC-005,MED-002,2026-01-25,130
FAC-005,MED-003,2026-01-25,30
FAC-005,MED-004,2026-01-25,89
FAC-005,MED-005,2026-01-25,52
FAC-005,MED-006,2026-01-25,34
FAC-005,MED-007,2026-01-25,67
FAC-005,MED-008,2026-01-25,119
FAC-006,MED-001,2026-01-25,117
FAC-006,MED-002,2026-01-25,147
FAC-006,MED-003,2026-01-25,30
FAC-006,MED-004,2026-01-25,106
FAC-006,MED-005,2026-01-25,50
FAC-006,MED-006,2026-01-25,43
FAC-006,MED-007,2026-01-25,82
FAC-006,MED-008,2026-01-25,119
FAC-007,MED-001,2026-01-25,5
FAC-007,MED-002,2026-01-25,16
FAC-007,MED-003,2026-01-25,0
FAC-007,MED-004,2026-01-25,10
FAC-007,MED-005,2026-01-25,10
FAC-007,MED-006,2026-01-25,4
FAC-007,MED-007,2026-01-25,6
FAC-007,MED-008,2026-01-25,10
FAC-008,MED-001,2026-01-25,6
FAC-008,MED-002,2026-01-25,8
FAC-008,MED-003,2026-01-25,3
FAC-008,MED-004,2026-01-25,6
FAC-008,MED-005,2026-01-25,2
FAC-008,MED-006,2026-01-25,5
FAC-008,MED-007,2026-01-25,1
FAC-008,MED-008,2026-01-25,2
FAC-009,MED-001,2026-01-25,8
FAC-009,MED-002,2026-01-25,10
FAC-009,MED-003,2026-01-25,1
FAC-009,MED-004,2026-01-25,12
FAC-009,MED-005,2026-01-25,2
FAC-009,MED-006,2026-01-25,2
FAC-009,MED-007,2026-01-25,4
FAC-009,MED-008,2026-01-25,9
FAC-010,MED-001,2026-01-25,3
FAC-010,MED-002,2026-01-25,4
FAC-010,MED-003,2026-01-25,2
FAC-010,MED-004,2026-01-25,4
FAC-010,MED-005,2026-01-25,1
FAC-010,MED-006,2026-01-25,5
FAC-010,MED-007,2026-01-25,4
FAC-010,MED-008,2026-01-25,5
FAC-011,MED-001,2026-01-25,129
FAC-011,MED-002,2026-01-25,135
FAC-011,MED-003,2026-01-25,28
FAC-011,MED-004,2026-01-25,95
FAC-011,MED-005,2026-01-25,55
FAC-011,MED-006,2026-01-25,42
FAC-011,MED-007,2026-01-25,74
FAC-011,MED-008,2026-01-25,101
FAC-012,MED-001,2026-01-25,7
FAC-012,MED-002,2026-01-25,11
FAC-012,MED-003,2026-01-25,4
FAC-012,MED-004,2026-01-25,6
FAC-012,MED-005,2026-01-25,2
FAC-012,MED-006,2026-01-25,3
FAC-012,MED-007,2026-01-25,11
FAC-012,MED-008,2026-01-25,12
FAC-013,MED-001,2026-01-25,5
FAC-013,MED-002,2026-01-25,5
FAC-013,MED-003,2026-01-25,1
FAC-013,MED-004,2026-01-25,7
FAC-013,MED-005,2026-01-25,2
FAC-013,MED-006,2026-01-25,1
FAC-013,MED-007,2026-01-25,5
FAC-013,MED-008,2026-01-25,3
FAC-014,MED-001,2026-01-25,8
FAC-014,MED-002,2026-01-25,10
FAC-014,MED-003,2026-01-25,1
FAC-014,MED-004,2026-01-25,10
FAC-014,MED-005,2026-01-25,3
FAC-014,MED-006,2026-01-25,1
FAC-014,MED-007,2026-01-25,4
FAC-014,MED-008,2026-01-25,7
FAC-015,MED-001,2026-01-25,12
FAC-015,MED-002,2026-01-25,6
FAC-015,MED-003,2026-01-25,0
FAC-015,MED-004,2026-01-25,7
FAC-015,MED-005,2026-01-25,4
FAC-015,MED-006,2026-01-25,5
FAC-015,MED-007,2026-01-25,2
FAC-015,MED-008,2026-01-25,8
FAC-016,MED-001,2026-01-25,115
FAC-016,MED-002,2026-01-25,167
FAC-016,MED-003,2026-01-25,30
FAC-016,MED-004,2026-01-25,100
FAC-016,MED-005,2026-01-25,63
FAC-016,MED-006,2026-01-25,41
FAC-016,MED-007,2026-01-25,69
FAC-016,MED-008,2026-01-25,114
FAC-017,MED-001,2026-01-25,7
FAC-017,MED-002,2026-01-25,15
FAC-017,MED-003,2026-01-25,5
FAC-017,MED-004,2026-01-25,6
FAC-017,MED-005,2026-01-25,3
FAC-017,MED-006,2026-01-25,1
FAC-017,MED-007,2026-01-25,5
FAC-017,MED-008,2026-01-25,10
FAC-018,MED-001,2026-01-25,5
FAC-018,MED-002,2026-01-25,5
FAC-018,MED-003,2026-01-25,1
FAC-018,MED-004,2026-01-25,5
FAC-018,MED-005,2026-01-25,1
FAC-018,MED-006,2026-01-25,5
FAC-018,MED-007,2026-01-25,1
FAC-018,MED-008,2026-01-25,7
FAC-019,MED-001,2026-01-25,6
FAC-019,MED-002,2026-01-25,9
FAC-019,MED-003,2026-01-25,2
FAC-019,MED-004,2026-01-25,4
FAC-019,MED-005,2026-01-25,2
FAC-019,MED-006,2026-01-25,2
FAC-019,MED-007,2026-01-25,4
FAC-019,MED-008,2026-01-25,4
FAC-020,MED-001,2026-01-25,12
FAC-020,MED-002,2026-01-25,6
FAC-020,MED-003,2026-01-25,3
FAC-020,MED-004,2026-01-25,6
FAC-020,MED-005,2026-01-25,2
FAC-020,MED-006,2026-01-25,1
FAC-020,MED-007,2026-01-25,2
FAC-020,MED-008,2026-01-25,8
FAC-001,MED-001,2026-01-26,153
FAC-001,MED-002,2026-01-26,180
FAC-001,MED-003,2026-01-26,47
FAC-001,MED-004,2026-01-26,121
FAC-001,MED-005,2026-01-26,72
FAC-001,MED-006,2026-01-26,56
FAC-001,MED-007,2026-01-26,85
FAC-001,MED-008,2026-01-26,125
FAC-002,MED-001,2026-01-26,9
FAC-002,MED-002,2026-01-26,8
FAC-002,MED-003,2026-01-26,0
FAC-002,MED-004,2026-01-26,13
FAC-002,MED-005,2026-01-26,2
FAC-002,MED-006,2026-01-26,2
FAC-002,MED-007,2026-01-26,8
FAC-002,MED-008,2026-01-26,12
FAC-003,MED-001,2026-01-26,9
FAC-003,MED-002,2026-01-26,4
FAC-003,MED-003,2026-01-26,4
FAC-003,MED-004,2026-01-26,5
FAC-003,MED-005,2026-01-26,2
FAC-003,MED-006,2026-01-26,6
FAC-003,MED-007,2026-01-26,3
FAC-003,MED-008,2026-01-26,5
FAC-004,MED-001,2026-01-26,17
FAC-004,MED-002,2026-01-26,21
FAC-004,MED-003,2026-01-26,1
FAC-004,MED-004,2026-01-26,14
FAC-004,MED-005,2026-01-26,5
FAC-004,MED-006,2026-01-26,9
FAC-004,MED-007,2026-01-26,6
FAC-004,MED-008,2026-01-26,9
FAC-005,MED-001,2026-01-26,98
FAC-005,MED-002,2026-01-26,152
FAC-005,MED-003,2026-01-26,28
FAC-005,MED-004,2026-01-26,92
FAC-005,MED-005,2026-01-26,63
FAC-005,MED-006,2026-01-26,36
FAC-005,MED-007,2026-01-26,56
FAC-005,MED-008,2026-01-26,92
FAC-006,MED-001,2026-01-26,119
FAC-006,MED-002,2026-01-26,164
FAC-006,MED-003,2026-01-26,39
FAC-006,MED-004,2026-01-26,107
FAC-006,MED-005,2026-01-26,54
FAC-006,MED-006,2026-01-26,43
FAC-006,MED-007,2026-01-26,85
FAC-006,MED-008,2026-01-26,103
FAC-007,MED-001,2026-01-26,15
FAC-007,MED-002,2026-01-26,15
FAC-007,MED-003,2026-01-26,5
FAC-007,MED-004,2026-01-26,16
FAC-007,MED-005,2026-01-26,7
FAC-007,MED-006,2026-01-26,6
FAC-007,MED-007,2026-01-26,12
FAC-007,MED-008,2026-01-26,15
FAC-008,MED-001,2026-01-26,5
FAC-008,MED-002,2026-01-26,8
FAC-008,MED-003,2026-01-26,1
FAC-008,MED-004,2026-01-26,3
FAC-008,MED-005,2026-01-26,6
FAC-008,MED-006,2026-01-26,6
FAC-008,MED-007,2026-01-26,5
FAC-008,MED-008,2026-01-26,5
FAC-009,MED-001,2026-01-26,11
FAC-009,MED-002,2026-01-26,12
FAC-009,MED-003,2026-01-26,3
FAC-009,MED-004,2026-01-26,17
FAC-009,MED-005,2026-01-26,4
FAC-009,MED-006,2026-01-26,4
FAC-009,MED-007,2026-01-26,4
FAC-009,MED-008,2026-01-26,8
FAC-010,MED-001,2026-01-26,12
FAC-010,MED-002,2026-01-26,15
FAC-010,MED-003,2026-01-26,2
FAC-010,MED-004,2026-01-26,8
FAC-010,MED-005,2026-01-26,4
FAC-010,MED-006,2026-01-26,3
FAC-010,MED-007,2026-01-26,3
FAC-010,MED-008,2026-01-26,5
FAC-011,MED-001,2026-01-26,111
FAC-011,MED-002,2026-01-26,175
FAC-011,MED-003,2026-01-26,31
FAC-011,MED-004,2026-01-26,98
FAC-011,MED-005,2026-01-26,63
FAC-011,MED-006,2026-01-26,47
FAC-011,MED-007,2026-01-26,72
FAC-011,MED-008,2026-01-26,114
FAC-012,MED-001,2026-01-26,13
FAC-012,MED-002,2026-01-26,26
FAC-012,MED-003,2026-01-26,0
FAC-012,MED-004,2026-01-26,11
FAC-012,MED-005,2026-01-26,11
FAC-012,MED-006,2026-01-26,5
FAC-012,MED-007,2026-01-26,14
FAC-012,MED-008,2026-01-26,8
FAC-013,MED-001,2026-01-26,3
FAC-013,MED-002,2026-01-26,5
FAC-013,MED-003,2026-01-26,5
FAC-013,MED-004,2026-01-26,2
FAC-013,MED-005,2026-01-26,1
FAC-013,MED-006,2026-01-26,2
FAC-013,MED-007,2026-01-26,4
FAC-013,MED-008,2026-01-26,9
FAC-014,MED-001,2026-01-26,14
FAC-014,MED-002,2026-01-26,8
FAC-014,MED-003,2026-01-26,5
FAC-014,MED-004,2026-01-26,6
FAC-014,MED-005,2026-01-26,8
FAC-014,MED-006,2026-01-26,7
FAC-014,MED-007,2026-01-26,10
FAC-014,MED-008,2026-01-26,6
FAC-015,MED-001,2026-01-26,7
FAC-015,MED-002,2026-01-26,10
FAC-015,MED-003,2026-01-26,4
FAC-015,MED-004,2026-01-26,8
FAC-015,MED-005,2026-01-26,4
FAC-015,MED-006,2026-01-26,4
FAC-015,MED-007,2026-01-26,5
FAC-015,MED-008,2026-01-26,10
FAC-016,MED-001,2026-01-26,146
FAC-016,MED-002,2026-01-26,182
FAC-016,MED-003,2026-01-26,37
FAC-016,MED-004,2026-01-26,129
FAC-016,MED-005,2026-01-26,65
FAC-016,MED-006,2026-01-26,44
FAC-016,MED-007,2026-01-26,85
FAC-016,MED-008,2026-01-26,123
FAC-017,MED-001,2026-01-26,9
FAC-017,MED-002,2026-01-26,12
FAC-017,MED-003,2026-01-26,5
FAC-017,MED-004,2026-01-26,8
FAC-017,MED-005,2026-01-26,4
FAC-017,MED-006,2026-01-26,4
FAC-017,MED-007,2026-01-26,4
FAC-017,MED-008,2026-01-26,13
FAC-018,MED-001,2026-01-26,4
FAC-018,MED-002,2026-01-26,12
FAC-018,MED-003,2026-01-26,3
FAC-018,MED-004,2026-01-26,3
FAC-018,MED-005,2026-01-26,3
FAC-018,MED-006,2026-01-26,4
FAC-018,MED-007,2026-01-26,1
FAC-018,MED-008,2026-01-26,4
FAC-019,MED-001,2026-01-26,10
FAC-019,MED-002,2026-01-26,14
FAC-019,MED-003,2026-01-26,1
FAC-019,MED-004,2026-01-26,11
FAC-019,MED-005,2026-01-26,3
FAC-019,MED-006,2026-01-26,4
FAC-019,MED-007,2026-01-26,8
FAC-019,MED-008,2026-01-26,19
FAC-020,MED-001,2026-01-26,10
FAC-020,MED-002,2026-01-26,7
FAC-020,MED-003,2026-01-26,5
FAC-020,MED-004,2026-01-26,7
FAC-020,MED-005,2026-01-26,4
FAC-020,MED-006,2026-01-26,4
FAC-020,MED-007,2026-01-26,6
FAC-020,MED-008,2026-01-26,4
FAC-001,MED-001,2026-01-27,156
FAC-001,MED-002,2026-01-27,166
FAC-001,MED-003,2026-01-27,27
FAC-001,MED-004,2026-01-27,121
FAC-001,MED-005,2026-01-27,74
FAC-001,MED-006,2026-01-27,43
FAC-001,MED-007,2026-01-27,82
FAC-001,MED-008,2026-01-27,136
FAC-002,MED-001,2026-01-27,17
FAC-002,MED-002,2026-01-27,30
FAC-002,MED-003,2026-01-27,4
FAC-002,MED-004,2026-01-27,13
FAC-002,MED-005,2026-01-27,7
FAC-002,MED-006,2026-01-27,4
FAC-002,MED-007,2026-01-27,7
FAC-002,MED-008,2026-01-27,8
FAC-003,MED-001,2026-01-27,5
FAC-003,MED-002,2026-01-27,6
FAC-003,MED-003,2026-01-27,5
FAC-003,MED-004,2026-01-27,8
FAC-003,MED-005,2026-01-27,0
FAC-003,MED-006,2026-01-27,5
FAC-003,MED-007,2026-01-27,3
FAC-003,MED-008,2026-01-27,6
FAC-004,MED-001,2026-01-27,9
FAC-004,MED-002,2026-01-27,26
FAC-004,MED-003,2026-01-27,7
FAC-004,MED-004,2026-01-27,9
FAC-004,MED-005,2026-01-27,4
FAC-004,MED-006,2026-01-27,9
FAC-004,MED-007,2026-01-27,14
FAC-004,MED-008,2026-01-27,13
FAC-005,MED-001,2026-01-27,129
FAC-005,MED-002,2026-01-27,144
FAC-005,MED-003,2026-01-27,32
FAC-005,MED-004,2026-01-27,82
FAC-005,MED-005,2026-01-27,55
FAC-005,MED-006,2026-01-27,35
FAC-005,MED-007,2026-01-27,68
FAC-005,MED-008,2026-01-27,105
FAC-006,MED-001,2026-01-27,140
FAC-006,MED-002,2026-01-27,162
FAC-006,MED-003,2026-01-27,33
FAC-006,MED-004,2026-01-27,180
FAC-006,MED-005,2026-01-27,57
FAC-006,MED-006,2026-01-27,48
FAC-006,MED-007,2026-01-27,75
FAC-006,MED-008,2026-01-27,115
FAC-007,MED-001,2026-01-27,8
FAC-007,MED-002,2026-01-27,16
FAC-007,MED-003,2026-01-27,4
FAC-007,MED-004,2026-01-27,12
FAC-007,MED-005,2026-01-27,9
FAC-007,MED-006,2026-01-27,3
FAC-007,MED-007,2026-01-27,11
FAC-007,MED-008,2026-01-27,3
FAC-008,MED-001,2026-01-27,4
FAC-008,MED-002,2026-01-27,6
FAC-008,MED-003,2026-01-27,9
FAC-008,MED-004,2026-01-27,2
FAC-008,MED-005,2026-01-27,3
FAC-008,MED-006,2026-01-27,7
FAC-008,MED-007,2026-01-27,4
FAC-008,MED-008,2026-01-27,9
FAC-009,MED-001,2026-01-27,13
FAC-009,MED-002,2026-01-27,12
FAC-009,MED-003,2026-01-27,1
FAC-009,MED-004,2026-01-27,4
FAC-009,MED-005,2026-01-27,4
FAC-009,MED-006,2026-01-27,3
FAC-009,MED-007,2026-01-27,4
FAC-009,MED-008,2026-01-27,11
FAC-010,MED-001,2026-01-27,11
FAC-010,MED-002,2026-01-27,11
FAC-010,MED-003,2026-01-27,1
FAC-010,MED-004,2026-01-27,10
FAC-010,MED-005,2026-01-27,5
FAC-010,MED-006,2026-01-27,6
FAC-010,MED-007,2026-01-27,4
FAC-010,MED-008,2026-01-27,7
FAC-011,MED-001,2026-01-27,109
FAC-011,MED-002,2026-01-27,164
FAC-011,MED-003,2026-01-27,27
FAC-011,MED-004,2026-01-27,109
FAC-011,MED-005,2026-01-27,60
FAC-011,MED-006,2026-01-27,40
FAC-011,MED-007,2026-01-27,66
FAC-011,MED-008,2026-01-27,101
FAC-012,MED-001,2026-01-27,8
FAC-012,MED-002,2026-01-27,18
FAC-012,MED-003,2026-01-27,3
FAC-012,MED-004,2026-01-27,5
FAC-012,MED-005,2026-01-27,6
FAC-012,MED-006,2026-01-27,7
FAC-012,MED-007,2026-01-27,15
FAC-012,MED-008,2026-01-27,12
FAC-013,MED-001,2026-01-27,4
FAC-013,MED-002,2026-01-27,2
FAC-013,MED-003,2026-01-27,2
FAC-013,MED-004,2026-01-27,5
FAC-013,MED-005,2026-01-27,4
FAC-013,MED-006,2026-01-27,2
FAC-013,MED-007,2026-01-27,3
FAC-013,MED-008,2026-01-27,2
FAC-014,MED-001,2026-01-27,19
FAC-014,MED-002,2026-01-27,14
FAC-014,MED-003,2026-01-27,1
FAC-014,MED-004,2026-01-27,13
FAC-014,MED-005,2026-01-27,6
FAC-014,MED-006,2026-01-27,4
FAC-014,MED-007,2026-01-27,12
FAC-014,MED-008,2026-01-27,22
FAC-015,MED-001,2026-01-27,10
FAC-015,MED-002,2026-01-27,11
FAC-015,MED-003,2026-01-27,1
FAC-015,MED-004,2026-01-27,11
FAC-015,MED-005,2026-01-27,5
FAC-015,MED-006,2026-01-27,4
FAC-015,MED-007,2026-01-27,7
FAC-015,MED-008,2026-01-27,7
FAC-016,MED-001,2026-01-27,151
FAC-016,MED-002,2026-01-27,171
FAC-016,MED-003,2026-01-27,43
FAC-016,MED-004,2026-01-27,119
FAC-016,MED-005,2026-01-27,75
FAC-016,MED-006,2026-01-27,46
FAC-016,MED-007,2026-01-27,85
FAC-016,MED-008,2026-01-27,119
FAC-017,MED-001,2026-01-27,19
FAC-017,MED-002,2026-01-27,10
FAC-017,MED-003,2026-01-27,4
FAC-017,MED-004,2026-01-27,11
FAC-017,MED-005,2026-01-27,6
FAC-017,MED-006,2026-01-27,2
FAC-017,MED-007,2026-01-27,3
FAC-017,MED-008,2026-01-27,13
FAC-018,MED-001,2026-01-27,3
FAC-018,MED-002,2026-01-27,4
FAC-018,MED-003,2026-01-27,5
FAC-018,MED-004,2026-01-27,3
FAC-018,MED-005,2026-01-27,2
FAC-018,MED-006,2026-01-27,4
FAC-018,MED-007,2026-01-27,3
FAC-018,MED-008,2026-01-27,3
FAC-019,MED-001,2026-01-27,12
FAC-019,MED-002,2026-01-27,18
FAC-019,MED-003,2026-01-27,2
FAC-019,MED-004,2026-01-27,10
FAC-019,MED-005,2026-01-27,4
FAC-019,MED-006,2026-01-27,4
FAC-019,MED-007,2026-01-27,8
FAC-019,MED-008,2026-01-27,14
FAC-020,MED-001,2026-01-27,16
FAC-020,MED-002,2026-01-27,13
FAC-020,MED-003,2026-01-27,2
FAC-020,MED-004,2026-01-27,11
FAC-020,MED-005,2026-01-27,1
FAC-020,MED-006,2026-01-27,4
FAC-020,MED-007,2026-01-27,8
FAC-020,MED-008,2026-01-27,8
FAC-001,MED-001,2026-01-28,146
FAC-001,MED-002,2026-01-28,207
FAC-001,MED-003,2026-01-28,27
FAC-001,MED-004,2026-01-28,98
FAC-001,MED-005,2026-01-28,69
FAC-001,MED-006,2026-01-28,49
FAC-001,MED-007,2026-01-28,66
FAC-001,MED-008,2026-01-28,136
FAC-002,MED-001,2026-01-28,8
FAC-002,MED-002,2026-01-28,17
FAC-002,MED-003,2026-01-28,3
FAC-002,MED-004,2026-01-28,14
FAC-002,MED-005,2026-01-28,9
FAC-002,MED-006,2026-01-28,2
FAC-002,MED-007,2026-01-28,10
FAC-002,MED-008,2026-01-28,12
FAC-003,MED-001,2026-01-28,6
FAC-003,MED-002,2026-01-28,11
FAC-003,MED-003,2026-01-28,7
FAC-003,MED-004,2026-01-28,7
FAC-003,MED-005,2026-01-28,2
FAC-003,MED-006,2026-01-28,0
FAC-003,MED-007,2026-01-28,3
FAC-003,MED-008,2026-01-28,0
FAC-004,MED-001,2026-01-28,16
FAC-004,MED-002,2026-01-28,26
FAC-004,MED-003,2026-01-28,3
FAC-004,MED-004,2026-01-28,21
FAC-004,MED-005,2026-01-28,8
FAC-004,MED-006,2026-01-28,3
FAC-004,MED-007,2026-01-28,16
FAC-004,MED-008,2026-01-28,12
FAC-005,MED-001,2026-01-28,116
FAC-005,MED-002,2026-01-28,152
FAC-005,MED-003,2026-01-28,33
FAC-005,MED-004,2026-01-28,94
FAC-005,MED-005,2026-01-28,53
FAC-005,MED-006,2026-01-28,31
FAC-005,MED-007,2026-01-28,65
FAC-005,MED-008,2026-01-28,149
FAC-006,MED-001,2026-01-28,124
FAC-006,MED-002,2026-01-28,157
FAC-006,MED-003,2026-01-28,29
FAC-006,MED-004,2026-01-28,100
FAC-006,MED-005,2026-01-28,68
FAC-006,MED-006,2026-01-28,40
FAC-006,MED-007,2026-01-28,81
FAC-006,MED-008,2026-01-28,111
FAC-007,MED-001,2026-01-28,14
FAC-007,MED-002,2026-01-28,19
FAC-007,MED-003,2026-01-28,3
FAC-007,MED-004,2026-01-28,5
FAC-007,MED-005,2026-01-28,8
FAC-007,MED-006,2026-01-28,2
FAC-007,MED-007,2026-01-28,7
FAC-007,MED-008,2026-01-28,10
FAC-008,MED-001,2026-01-28,6
FAC-008,MED-002,2026-01-28,3
FAC-008,MED-003,2026-01-28,7
FAC-008,MED-004,2026-01-28,2
FAC-008,MED-005,2026-01-28,2
FAC-008,MED-006,2026-01-28,3
FAC-008,MED-007,2026-01-28,4
FAC-008,MED-008,2026-01-28,2
FAC-009,MED-001,2026-01-28,12
FAC-009,MED-002,2026-01-28,20
FAC-009,MED-003,2026-01-28,7
FAC-009,MED-004,2026-01-28,8
FAC-009,MED-005,2026-01-28,2
FAC-009,MED-006,2026-01-28,4
FAC-009,MED-007,2026-01-28,7
FAC-009,MED-008,2026-01-28,12
FAC-010,MED-001,2026-01-28,10
FAC-010,MED-002,2026-01-28,9
FAC-010,MED-003,2026-01-28,0
FAC-010,MED-004,2026-01-28,5
FAC-010,MED-005,2026-01-28,6
FAC-010,MED-006,2026-01-28,6
FAC-010,MED-007,2026-01-28,7
FAC-010,MED-008,2026-01-28,11
FAC-011,MED-001,2026-01-28,110
FAC-011,MED-002,2026-01-28,174
FAC-011,MED-003,2026-01-28,39
FAC-011,MED-004,2026-01-28,105
FAC-011,MED-005,2026-01-28,60
FAC-011,MED-006,2026-01-28,37
FAC-011,MED-007,2026-01-28,62
FAC-011,MED-008,2026-01-28,126
FAC-012,MED-001,2026-01-28,16
FAC-012,MED-002,2026-01-28,21
FAC-012,MED-003,2026-01-28,4
FAC-012,MED-004,2026-01-28,12
FAC-012,MED-005,2026-01-28,3
FAC-012,MED-006,2026-01-28,3
FAC-012,MED-007,2026-01-28,6
FAC-012,MED-008,2026-01-28,17
FAC-013,MED-001,2026-01-28,4
FAC-013,MED-002,2026-01-28,1
FAC-013,MED-003,2026-01-28,4
FAC-013,MED-004,2026-01-28,2
FAC-013,MED-005,2026-01-28,2
FAC-013,MED-006,2026-01-28,2
FAC-013,MED-007,2026-01-28,3
FAC-013,MED-008,2026-01-28,4
FAC-014,MED-001,2026-01-28,13
FAC-014,MED-002,2026-01-28,16
FAC-014,MED-003,2026-01-28,4
FAC-014,MED-004,2026-01-28,11
FAC-014,MED-005,2026-01-28,4
FAC-014,MED-006,2026-01-28,1
FAC-014,MED-007,2026-01-28,2
FAC-014,MED-008,2026-01-28,5
FAC-015,MED-001,2026-01-28,6
FAC-015,MED-002,2026-01-28,11
FAC-015,MED-003,2026-01-28,3
FAC-015,MED-004,2026-01-28,8
FAC-015,MED-005,2026-01-28,5
FAC-015,MED-006,2026-01-28,3
FAC-015,MED-007,2026-01-28,3
FAC-015,MED-008,2026-01-28,9
FAC-016,MED-001,2026-01-28,129
FAC-016,MED-002,2026-01-28,172
FAC-016,MED-003,2026-01-28,34
FAC-016,MED-004,2026-01-28,121
FAC-016,MED-005,2026-01-28,78
FAC-016,MED-006,2026-01-28,45
FAC-016,MED-007,2026-01-28,75
FAC-016,MED-008,2026-01-28,132
FAC-017,MED-001,2026-01-28,12
FAC-017,MED-002,2026-01-28,28
FAC-017,MED-003,2026-01-28,5
FAC-017,MED-004,2026-01-28,15
FAC-017,MED-005,2026-01-28,6
FAC-017,MED-006,2026-01-28,5
FAC-017,MED-007,2026-01-28,6
FAC-017,MED-008,2026-01-28,13
FAC-018,MED-001,2026-01-28,4
FAC-018,MED-002,2026-01-28,6
FAC-018,MED-003,2026-01-28,6
FAC-018,MED-004,2026-01-28,4
FAC-018,MED-005,2026-01-28,4
FAC-018,MED-006,2026-01-28,3
FAC-018,MED-007,2026-01-28,3
FAC-018,MED-008,2026-01-28,5
FAC-019,MED-001,2026-01-28,8
FAC-019,MED-002,2026-01-28,15
FAC-019,MED-003,2026-01-28,3
FAC-019,MED-004,2026-01-28,10
FAC-019,MED-005,2026-01-28,9
FAC-019,MED-006,2026-01-28,3
FAC-019,MED-007,2026-01-28,4
FAC-019,MED-008,2026-01-28,9
FAC-020,MED-001,2026-01-28,7
FAC-020,MED-002,2026-01-28,17
FAC-020,MED-003,2026-01-28,4
FAC-020,MED-004,2026-01-28,9
FAC-020,MED-005,2026-01-28,5
FAC-020,MED-006,2026-01-28,2
FAC-020,MED-007,2026-01-28,10
FAC-020,MED-008,2026-01-28,11
FAC-001,MED-001,2026-01-29,153
FAC-001,MED-002,2026-01-29,190
FAC-001,MED-003,2026-01-29,28
FAC-001,MED-004,2026-01-29,115
FAC-001,MED-005,2026-01-29,71
FAC-001,MED-006,2026-01-29,40
FAC-001,MED-007,2026-01-29,97
FAC-001,MED-008,2026-01-29,145
FAC-002,MED-001,2026-01-29,16
FAC-002,MED-002,2026-01-29,24
FAC-002,MED-003,2026-01-29,5
FAC-002,MED-004,2026-01-29,6
FAC-002,MED-005,2026-01-29,8
FAC-002,MED-006,2026-01-29,8
FAC-002,MED-007,2026-01-29,6
FAC-002,MED-008,2026-01-29,11
FAC-003,MED-001,2026-01-29,5
FAC-003,MED-002,2026-01-29,6
FAC-003,MED-003,2026-01-29,7
FAC-003,MED-004,2026-01-29,6
FAC-003,MED-005,2026-01-29,3
FAC-003,MED-006,2026-01-29,4
FAC-003,MED-007,2026-01-29,4
FAC-003,MED-008,2026-01-29,4
FAC-004,MED-001,2026-01-29,23
FAC-004,MED-002,2026-01-29,15
FAC-004,MED-003,2026-01-29,6
FAC-004,MED-004,2026-01-29,17
FAC-004,MED-005,2026-01-29,7
FAC-004,MED-006,2026-01-29,3
FAC-004,MED-007,2026-01-29,7
FAC-004,MED-008,2026-01-29,17
FAC-005,MED-001,2026-01-29,125
FAC-005,MED-002,2026-01-29,130
FAC-005,MED-003,2026-01-29,20
FAC-005,MED-004,2026-01-29,90
FAC-005,MED-005,2026-01-29,53
FAC-005,MED-006,2026-01-29,46
FAC-005,MED-007,2026-01-29,74
FAC-005,MED-008,2026-01-29,112
FAC-006,MED-001,2026-01-29,129
FAC-006,MED-002,2026-01-29,188
FAC-006,MED-003,2026-01-29,29
FAC-006,MED-004,2026-01-29,103
FAC-006,MED-005,2026-01-29,67
FAC-006,MED-006,2026-01-29,55
FAC-006,MED-007,2026-01-29,60
FAC-006,MED-008,2026-01-29,117
FAC-007,MED-001,2026-01-29,14
FAC-007,MED-002,2026-01-29,15
FAC-007,MED-003,2026-01-29,1
FAC-007,MED-004,2026-01-29,14
FAC-007,MED-005,2026-01-29,7
FAC-007,MED-006,2026-01-29,4
FAC-007,MED-007,2026-01-29,6
FAC-007,MED-008,2026-01-29,8
FAC-008,MED-001,2026-01-29,9
FAC-008,MED-002,2026-01-29,5
FAC-008,MED-003,2026-01-29,4
FAC-008,MED-004,2026-01-29,4
FAC-008,MED-005,2026-01-29,6
FAC-008,MED-006,2026-01-29,3
FAC-008,MED-007,2026-01-29,5
FAC-008,MED-008,2026-01-29,3
FAC-009,MED-001,2026-01-29,9
FAC-009,MED-002,2026-01-29,13
FAC-009,MED-003,2026-01-29,2
FAC-009,MED-004,2026-01-29,9
FAC-009,MED-005,2026-01-29,4
FAC-009,MED-006,2026-01-29,4
FAC-009,MED-007,2026-01-29,5
FAC-009,MED-008,2026-01-29,11
FAC-010,MED-001,2026-01-29,3
FAC-010,MED-002,2026-01-29,9
FAC-010,MED-003,2026-01-29,3
FAC-010,MED-004,2026-01-29,8
FAC-010,MED-005,2026-01-29,4
FAC-010,MED-006,2026-01-29,1
FAC-010,MED-007,2026-01-29,1
FAC-010,MED-008,2026-01-29,10
FAC-011,MED-001,2026-01-29,134
FAC-011,MED-002,2026-01-29,145
FAC-011,MED-003,2026-01-29,29
FAC-011,MED-004,2026-01-29,101
FAC-011,MED-005,2026-01-29,44
FAC-011,MED-006,2026-01-29,48
FAC-011,MED-007,2026-01-29,81
FAC-011,MED-008,2026-01-29,127
FAC-012,MED-001,2026-01-29,11
FAC-012,MED-002,2026-01-29,27
FAC-012,MED-003,2026-01-29,3
FAC-012,MED-004,2026-01-29,11
FAC-012,MED-005,2026-01-29,9
FAC-012,MED-006,2026-01-29,3
FAC-012,MED-007,2026-01-29,8
FAC-012,MED-008,2026-01-29,18
FAC-013,MED-001,2026-01-29,5
FAC-013,MED-002,2026-01-29,10
FAC-013,MED-003,2026-01-29,0
FAC-013,MED-004,2026-01-29,1
FAC-013,MED-005,2026-01-29,3
FAC-013,MED-006,2026-01-29,5
FAC-013,MED-007,2026-01-29,1
FAC-013,MED-008,2026-01-29,6
FAC-014,MED-001,2026-01-29,8
FAC-014,MED-002,2026-01-29,14
FAC-014,MED-003,2026-01-29,2
FAC-014,MED-004,2026-01-29,4
FAC-014,MED-005,2026-01-29,5
FAC-014,MED-006,2026-01-29,6
FAC-014,MED-007,2026-01-29,7
FAC-014,MED-008,2026-01-29,10
FAC-015,MED-001,2026-01-29,10
FAC-015,MED-002,2026-01-29,11
FAC-015,MED-003,2026-01-29,1
FAC-015,MED-004,2026-01-29,6
FAC-015,MED-005,2026-01-29,4
FAC-015,MED-006,2026-01-29,1
FAC-015,MED-007,2026-01-29,5
FAC-015,MED-008,2026-01-29,11
FAC-016,MED-001,2026-01-29,137
FAC-016,MED-002,2026-01-29,187
FAC-016,MED-003,2026-01-29,33
FAC-016,MED-004,2026-01-29,121
FAC-016,MED-005,2026-01-29,75
FAC-016,MED-006,2026-01-29,39
FAC-016,MED-007,2026-01-29,92
FAC-016,MED-008,2026-01-29,137
FAC-017,MED-001,2026-01-29,16
FAC-017,MED-002,2026-01-29,21
FAC-017,MED-003,2026-01-29,4
FAC-017,MED-004,2026-01-29,7
FAC-017,MED-005,2026-01-29,10
FAC-017,MED-006,2026-01-29,9
FAC-017,MED-007,2026-01-29,6
FAC-017,MED-008,2026-01-29,13
FAC-018,MED-001,2026-01-29,6
FAC-018,MED-002,2026-01-29,3
FAC-018,MED-003,2026-01-29,7
FAC-018,MED-004,2026-01-29,6
FAC-018,MED-005,2026-01-29,5
FAC-018,MED-006,2026-01-29,5
FAC-018,MED-007,2026-01-29,5
FAC-018,MED-008,2026-01-29,5
FAC-019,MED-001,2026-01-29,11
FAC-019,MED-002,2026-01-29,12
FAC-019,MED-003,2026-01-29,6
FAC-019,MED-004,2026-01-29,3
FAC-019,MED-005,2026-01-29,1
FAC-019,MED-006,2026-01-29,2
FAC-019,MED-007,2026-01-29,3
FAC-019,MED-008,2026-01-29,10
FAC-020,MED-001,2026-01-29,17
FAC-020,MED-002,2026-01-29,9
FAC-020,MED-003,2026-01-29,4
FAC-020,MED-004,2026-01-29,16
FAC-020,MED-005,2026-01-29,6
FAC-020,MED-006,2026-01-29,4
FAC-020,MED-007,2026-01-29,8
FAC-020,MED-008,2026-01-29,12
FAC-001,MED-001,2026-01-30,171
FAC-001,MED-002,2026-01-30,187
FAC-001,MED-003,2026-01-30,34
FAC-001,MED-004,2026-01-30,123
FAC-001,MED-005,2026-01-30,75
FAC-001,MED-006,2026-01-30,52
FAC-001,MED-007,2026-01-30,91
FAC-001,MED-008,2026-01-30,137
FAC-002,MED-001,2026-01-30,14
FAC-002,MED-002,2026-01-30,13
FAC-002,MED-003,2026-01-30,6
FAC-002,MED-004,2026-01-30,13
FAC-002,MED-005,2026-01-30,3
FAC-002,MED-006,2026-01-30,5
FAC-002,MED-007,2026-01-30,4
FAC-002,MED-008,2026-01-30,15
FAC-003,MED-001,2026-01-30,5
FAC-003,MED-002,2026-01-30,4
FAC-003,MED-003,2026-01-30,3
FAC-003,MED-004,2026-01-30,10
FAC-003,MED-005,2026-01-30,2
FAC-003,MED-006,2026-01-30,3
FAC-003,MED-007,2026-01-30,0
FAC-003,MED-008,2026-01-30,5
FAC-004,MED-001,2026-01-30,18
FAC-004,MED-002,2026-01-30,21
FAC-004,MED-003,2026-01-30,3
FAC-004,MED-004,2026-01-30,12
FAC-004,MED-005,2026-01-30,9
FAC-004,MED-006,2026-01-30,9
FAC-004,MED-007,2026-01-30,8
FAC-004,MED-008,2026-01-30,4
FAC-005,MED-001,2026-01-30,120
FAC-005,MED-002,2026-01-30,131
FAC-005,MED-003,2026-01-30,23
FAC-005,MED-004,2026-01-30,77
FAC-005,MED-005,2026-01-30,57
FAC-005,MED-006,2026-01-30,44
FAC-005,MED-007,2026-01-30,64
FAC-005,MED-008,2026-01-30,105
FAC-006,MED-001,2026-01-30,124
FAC-006,MED-002,2026-01-30,179
FAC-006,MED-003,2026-01-30,37
FAC-006,MED-004,2026-01-30,114
FAC-006,MED-005,2026-01-30,61
FAC-006,MED-006,2026-01-30,39
FAC-006,MED-007,2026-01-30,62
FAC-006,MED-008,2026-01-30,132
FAC-007,MED-001,2026-01-30,17
FAC-007,MED-002,2026-01-30,14
FAC-007,MED-003,2026-01-30,1
FAC-007,MED-004,2026-01-30,8
FAC-007,MED-005,2026-01-30,11
FAC-007,MED-006,2026-01-30,3
FAC-007,MED-007,2026-01-30,8
FAC-007,MED-008,2026-01-30,7
FAC-008,MED-001,2026-01-30,7
FAC-008,MED-002,2026-01-30,4
FAC-008,MED-003,2026-01-30,3
FAC-008,MED-004,2026-01-30,7
FAC-008,MED-005,2026-01-30,3
FAC-008,MED-006,2026-01-30,5
FAC-008,MED-007,2026-01-30,2
FAC-008,MED-008,2026-01-30,8
FAC-009,MED-001,2026-01-30,10
FAC-009,MED-002,2026-01-30,10
FAC-009,MED-003,2026-01-30,8
FAC-009,MED-004,2026-01-30,12
FAC-009,MED-005,2026-01-30,7
FAC-009,MED-006,2026-01-30,2
FAC-009,MED-007,2026-01-30,7
FAC-009,MED-008,2026-01-30,14
FAC-010,MED-001,2026-01-30,11
FAC-010,MED-002,2026-01-30,13
FAC-010,MED-003,2026-01-30,3
FAC-010,MED-004,2026-01-30,6
FAC-010,MED-005,2026-01-30,1
FAC-010,MED-006,2026-01-30,3
FAC-010,MED-007,2026-01-30,2
FAC-010,MED-008,2026-01-30,13
FAC-011,MED-001,2026-01-30,101
FAC-011,MED-002,2026-01-30,127
FAC-011,MED-003,2026-01-30,23
FAC-011,MED-004,2026-01-30,121
FAC-011,MED-005,2026-01-30,54
FAC-011,MED-006,2026-01-30,32
FAC-011,MED-007,2026-01-30,60
FAC-011,MED-008,2026-01-30,93
FAC-012,MED-001,2026-01-30,21
FAC-012,MED-002,2026-01-30,20
FAC-012,MED-003,2026-01-30,3
FAC-012,MED-004,2026-01-30,13
FAC-012,MED-005,2026-01-30,4
FAC-012,MED-006,2026-01-30,4
FAC-012,MED-007,2026-01-30,8
FAC-012,MED-008,2026-01-30,16
FAC-013,MED-001,2026-01-30,4
FAC-013,MED-002,2026-01-30,10
FAC-013,MED-003,2026-01-30,0
FAC-013,MED-004,2026-01-30,5
FAC-013,MED-005,2026-01-30,3
FAC-013,MED-006,2026-01-30,2
FAC-013,MED-007,2026-01-30,3
FAC-013,MED-008,2026-01-30,2
FAC-014,MED-001,2026-01-30,8
FAC-014,MED-002,2026-01-30,16
FAC-014,MED-003,2026-01-30,1
FAC-014,MED-004,2026-01-30,8
FAC-014,MED-005,2026-01-30,2
FAC-014,MED-006,2026-01-30,8
FAC-014,MED-007,2026-01-30,2
FAC-014,MED-008,2026-01-30,14
FAC-015,MED-001,2026-01-30,9
FAC-015,MED-002,2026-01-30,9
FAC-015,MED-003,2026-01-30,5
FAC-015,MED-004,2026-01-30,6
FAC-015,MED-005,2026-01-30,3
FAC-015,MED-006,2026-01-30,3
FAC-015,MED-007,2026-01-30,5
FAC-015,MED-008,2026-01-30,10
FAC-016,MED-001,2026-01-30,145
FAC-016,MED-002,2026-01-30,285
FAC-016,MED-003,2026-01-30,26
FAC-016,MED-004,2026-01-30,120
FAC-016,MED-005,2026-01-30,66
FAC-016,MED-006,2026-01-30,35
FAC-016,MED-007,2026-01-30,85
FAC-016,MED-008,2026-01-30,132
FAC-017,MED-001,2026-01-30,16
FAC-017,MED-002,2026-01-30,16
FAC-017,MED-003,2026-01-30,2
FAC-017,MED-004,2026-01-30,13
FAC-017,MED-005,2026-01-30,8
FAC-017,MED-006,2026-01-30,10
FAC-017,MED-007,2026-01-30,8
FAC-017,MED-008,2026-01-30,10
FAC-018,MED-001,2026-01-30,5
FAC-018,MED-002,2026-01-30,9
FAC-018,MED-003,2026-01-30,3
FAC-018,MED-004,2026-01-30,7
FAC-018,MED-005,2026-01-30,1
FAC-018,MED-006,2026-01-30,5
FAC-018,MED-007,2026-01-30,0
FAC-018,MED-008,2026-01-30,7
FAC-019,MED-001,2026-01-30,18
FAC-019,MED-002,2026-01-30,17
FAC-019,MED-003,2026-01-30,2
FAC-019,MED-004,2026-01-30,12
FAC-019,MED-005,2026-01-30,7
FAC-019,MED-006,2026-01-30,1
FAC-019,MED-007,2026-01-30,10
FAC-019,MED-008,2026-01-30,8
FAC-020,MED-001,2026-01-30,9
FAC-020,MED-002,2026-01-30,7
FAC-020,MED-003,2026-01-30,3
FAC-020,MED-004,2026-01-30,7
FAC-020,MED-005,2026-01-30,5
FAC-020,MED-006,2026-01-30,1
FAC-020,MED-007,2026-01-30,5
FAC-020,MED-008,2026-01-30,9
FAC-001,MED-001,2026-01-31,142
FAC-001,MED-002,2026-01-31,170
FAC-001,MED-003,2026-01-31,37
FAC-001,MED-004,2026-01-31,106
FAC-001,MED-005,2026-01-31,79
FAC-001,MED-006,2026-01-31,58
FAC-001,MED-007,2026-01-31,79
FAC-001,MED-008,2026-01-31,117
FAC-002,MED-001,2026-01-31,8
FAC-002,MED-002,2026-01-31,13
FAC-002,MED-003,2026-01-31,3
FAC-002,MED-004,2026-01-31,6
FAC-002,MED-005,2026-01-31,2
FAC-002,MED-006,2026-01-31,2
FAC-002,MED-007,2026-01-31,6
FAC-002,MED-008,2026-01-31,9
FAC-003,MED-001,2026-01-31,4
FAC-003,MED-002,2026-01-31,4
FAC-003,MED-003,2026-01-31,2
FAC-003,MED-004,2026-01-31,0
FAC-003,MED-005,2026-01-31,3
FAC-003,MED-006,2026-01-31,4
FAC-003,MED-007,2026-01-31,4
FAC-003,MED-008,2026-01-31,3
FAC-004,MED-001,2026-01-31,10
FAC-004,MED-002,2026-01-31,14
FAC-004,MED-003,2026-01-31,5
FAC-004,MED-004,2026-01-31,11
FAC-004,MED-005,2026-01-31,2
FAC-004,MED-006,2026-01-31,6
FAC-004,MED-007,2026-01-31,9
FAC-004,MED-008,2026-01-31,7
FAC-005,MED-001,2026-01-31,93
FAC-005,MED-002,2026-01-31,128
FAC-005,MED-003,2026-01-31,30
FAC-005,MED-004,2026-01-31,95
FAC-005,MED-005,2026-01-31,53
FAC-005,MED-006,2026-01-31,41
FAC-005,MED-007,2026-01-31,51
FAC-005,MED-008,2026-01-31,107
FAC-006,MED-001,2026-01-31,120
FAC-006,MED-002,2026-01-31,136
FAC-006,MED-003,2026-01-31,31
FAC-006,MED-004,2026-01-31,94
FAC-006,MED-005,2026-01-31,69
FAC-006,MED-006,2026-01-31,29
FAC-006,MED-007,2026-01-31,72
FAC-006,MED-008,2026-01-31,91
FAC-007,MED-001,2026-01-31,8
FAC-007,MED-002,2026-01-31,8
FAC-007,MED-003,2026-01-31,3
FAC-007,MED-004,2026-01-31,10
FAC-007,MED-005,2026-01-31,4
FAC-007,MED-006,2026-01-31,4
FAC-007,MED-007,2026-01-31,4
FAC-007,MED-008,2026-01-31,6
FAC-008,MED-001,2026-01-31,5
FAC-008,MED-002,2026-01-31,3
FAC-008,MED-003,2026-01-31,2
FAC-008,MED-004,2026-01-31,7
FAC-008,MED-005,2026-01-31,2
FAC-008,MED-006,2026-01-31,4
FAC-008,MED-007,2026-01-31,3
FAC-008,MED-008,2026-01-31,2
FAC-009,MED-001,2026-01-31,8
FAC-009,MED-002,2026-01-31,15
FAC-009,MED-003,2026-01-31,6
FAC-009,MED-004,2026-01-31,5
FAC-009,MED-005,2026-01-31,3
FAC-009,MED-006,2026-01-31,1
FAC-009,MED-007,2026-01-31,3
FAC-009,MED-008,2026-01-31,6
FAC-010,MED-001,2026-01-31,3
FAC-010,MED-002,2026-01-31,8
FAC-010,MED-003,2026-01-31,0
FAC-010,MED-004,2026-01-31,4
FAC-010,MED-005,2026-01-31,3
FAC-010,MED-006,2026-01-31,2
FAC-010,MED-007,2026-01-31,2
FAC-010,MED-008,2026-01-31,3
FAC-011,MED-001,2026-01-31,119
FAC-011,MED-002,2026-01-31,139
FAC-011,MED-003,2026-01-31,30
FAC-011,MED-004,2026-01-31,79
FAC-011,MED-005,2026-01-31,57
FAC-011,MED-006,2026-01-31,32
FAC-011,MED-007,2026-01-31,64
FAC-011,MED-008,2026-01-31,120
FAC-012,MED-001,2026-01-31,10
FAC-012,MED-002,2026-01-31,9
FAC-012,MED-003,2026-01-31,11
FAC-012,MED-004,2026-01-31,9
FAC-012,MED-005,2026-01-31,2
FAC-012,MED-006,2026-01-31,3
FAC-012,MED-007,2026-01-31,7
FAC-012,MED-008,2026-01-31,7
FAC-013,MED-001,2026-01-31,1
FAC-013,MED-002,2026-01-31,3
FAC-013,MED-003,2026-01-31,0
FAC-013,MED-004,2026-01-31,2
FAC-013,MED-005,2026-01-31,1
FAC-013,MED-006,2026-01-31,1
FAC-013,MED-007,2026-01-31,2
FAC-013,MED-008,2026-01-31,3
FAC-014,MED-001,2026-01-31,6
FAC-014,MED-002,2026-01-31,10
FAC-014,MED-003,2026-01-31,1
FAC-014,MED-004,2026-01-31,3
FAC-014,MED-005,2026-01-31,4
FAC-014,MED-006,2026-01-31,2
FAC-014,MED-007,2026-01-31,2
FAC-014,MED-008,2026-01-31,6
FAC-015,MED-001,2026-01-31,7
FAC-015,MED-002,2026-01-31,6
FAC-015,MED-003,2026-01-31,1
FAC-015,MED-004,2026-01-31,4
FAC-015,MED-005,2026-01-31,4
FAC-015,MED-006,2026-01-31,1
FAC-015,MED-007,2026-01-31,3
FAC-015,MED-008,2026-01-31,3
FAC-016,MED-001,2026-01-31,131
FAC-016,MED-002,2026-01-31,167
FAC-016,MED-003,2026-01-31,29
FAC-016,MED-004,2026-01-31,113
FAC-016,MED-005,2026-01-31,69
FAC-016,MED-006,2026-01-31,54
FAC-016,MED-007,2026-01-31,95
FAC-016,MED-008,2026-01-31,110
FAC-017,MED-001,2026-01-31,8
FAC-017,MED-002,2026-01-31,5
FAC-017,MED-003,2026-01-31,1
FAC-017,MED-004,2026-01-31,13
FAC-017,MED-005,2026-01-31,2
FAC-017,MED-006,2026-01-31,1
FAC-017,MED-007,2026-01-31,4
FAC-017,MED-008,2026-01-31,6
FAC-018,MED-001,2026-01-31,5
FAC-018,MED-002,2026-01-31,5
FAC-018,MED-003,2026-01-31,4
FAC-018,MED-004,2026-01-31,2
FAC-018,MED-005,2026-01-31,2
FAC-018,MED-006,2026-01-31,5
FAC-018,MED-007,2026-01-31,5
FAC-018,MED-008,2026-01-31,4
FAC-019,MED-001,2026-01-31,5
FAC-019,MED-002,2026-01-31,12
FAC-019,MED-003,2026-01-31,0
FAC-019,MED-004,2026-01-31,6
FAC-019,MED-005,2026-01-31,4
FAC-019,MED-006,2026-01-31,3
FAC-019,MED-007,2026-01-31,4
FAC-019,MED-008,2026-01-31,5
FAC-020,MED-001,2026-01-31,8
FAC-020,MED-002,2026-01-31,9
FAC-020,MED-003,2026-01-31,0
FAC-020,MED-004,2026-01-31,4
FAC-020,MED-005,2026-01-31,1
FAC-020,MED-006,2026-01-31,4
FAC-020,MED-007,2026-01-31,3
FAC-020,MED-008,2026-01-31,6
FAC-001,MED-001,2026-02-01,129
FAC-001,MED-002,2026-02-01,163
FAC-001,MED-003,2026-02-01,46
FAC-001,MED-004,2026-02-01,128
FAC-001,MED-005,2026-02-01,63
FAC-001,MED-006,2026-02-01,48
FAC-001,MED-007,2026-02-01,79
FAC-001,MED-008,2026-02-01,129
FAC-002,MED-001,2026-02-01,10
FAC-002,MED-002,2026-02-01,7
FAC-002,MED-003,2026-02-01,5
FAC-002,MED-004,2026-02-01,8
FAC-002,MED-005,2026-02-01,9
FAC-002,MED-006,2026-02-01,4
FAC-002,MED-007,2026-02-01,4
FAC-002,MED-008,2026-02-01,4
FAC-003,MED-001,2026-02-01,5
FAC-003,MED-002,2026-02-01,4
FAC-003,MED-003,2026-02-01,1
FAC-003,MED-004,2026-02-01,5
FAC-003,MED-005,2026-02-01,1
FAC-003,MED-006,2026-02-01,3
FAC-003,MED-007,2026-02-01,2
FAC-003,MED-008,2026-02-01,3
FAC-004,MED-001,2026-02-01,6
FAC-004,MED-002,2026-02-01,18
FAC-004,MED-003,2026-02-01,4
FAC-004,MED-004,2026-02-01,12
FAC-004,MED-005,2026-02-01,7
FAC-004,MED-006,2026-02-01,3
FAC-004,MED-007,2026-02-01,3
FAC-004,MED-008,2026-02-01,9
FAC-005,MED-001,2026-02-01,107
FAC-005,MED-002,2026-02-01,115
FAC-005,MED-003,2026-02-01,26
FAC-005,MED-004,2026-02-01,87
FAC-005,MED-005,2026-02-01,42
FAC-005,MED-006,2026-02-01,31
FAC-005,MED-007,2026-02-01,70
FAC-005,MED-008,2026-02-01,101
FAC-006,MED-001,2026-02-01,113
FAC-006,MED-002,2026-02-01,157
FAC-006,MED-003,2026-02-01,34
FAC-006,MED-004,2026-02-01,107
FAC-006,MED-005,2026-02-01,92
FAC-006,MED-006,2026-02-01,40
FAC-006,MED-007,2026-02-01,69
FAC-006,MED-008,2026-02-01,120
FAC-007,MED-001,2026-02-01,11
FAC-007,MED-002,2026-02-01,5
FAC-007,MED-003,2026-02-01,2
FAC-007,MED-004,2026-02-01,5
FAC-007,MED-005,2026-02-01,6
FAC-007,MED-006,2026-02-01,2
FAC-007,MED-007,2026-02-01,5
FAC-007,MED-008,2026-02-01,13
FAC-008,MED-001,2026-02-01,4
FAC-008,MED-002,2026-02-01,8
FAC-008,MED-003,2026-02-01,3
FAC-008,MED-004,2026-02-01,7
FAC-008,MED-005,2026-02-01,0
FAC-008,MED-006,2026-02-01,3
FAC-008,MED-007,2026-02-01,1
FAC-008,MED-008,2026-02-01,8
FAC-009,MED-001,2026-02-01,4
FAC-009,MED-002,2026-02-01,8
FAC-009,MED-003,2026-02-01,1
FAC-009,MED-004,2026-02-01,7
FAC-009,MED-005,2026-02-01,3
FAC-009,MED-006,2026-02-01,4
FAC-009,MED-007,2026-02-01,4
FAC-009,MED-008,2026-02-01,5
FAC-010,MED-001,2026-02-01,2
FAC-010,MED-002,2026-02-01,3
FAC-010,MED-003,2026-02-01,0
FAC-010,MED-004,2026-02-01,4
FAC-010,MED-005,2026-02-01,1
FAC-010,MED-006,2026-02-01,1
FAC-010,MED-007,2026-02-01,3
FAC-010,MED-008,2026-02-01,5
FAC-011,MED-001,2026-02-01,123
FAC-011,MED-002,2026-02-01,152
FAC-011,MED-003,2026-02-01,36
FAC-011,MED-004,2026-02-01,94
FAC-011,MED-005,2026-02-01,60
FAC-011,MED-006,2026-02-01,37
FAC-011,MED-007,2026-02-01,95
FAC-011,MED-008,2026-02-01,100
FAC-012,MED-001,2026-02-01,8
FAC-012,MED-002,2026-02-01,16
FAC-012,MED-003,2026-02-01,1
FAC-012,MED-004,2026-02-01,8
FAC-012,MED-005,2026-02-01,5
FAC-012,MED-006,2026-02-01,3
FAC-012,MED-007,2026-02-01,7
FAC-012,MED-008,2026-02-01,13
FAC-013,MED-001,2026-02-01,2
FAC-013,MED-002,2026-02-01,2
FAC-013,MED-003,2026-02-01,2
FAC-013,MED-004,2026-02-01,4
FAC-013,MED-005,2026-02-01,1
FAC-013,MED-006,2026-02-01,6
FAC-013,MED-007,2026-02-01,6
FAC-013,MED-008,2026-02-01,5
FAC-014,MED-001,2026-02-01,9
FAC-014,MED-002,2026-02-01,9
FAC-014,MED-003,2026-02-01,1
FAC-014,MED-004,2026-02-01,3
FAC-014,MED-005,2026-02-01,4
FAC-014,MED-006,2026-02-01,2
FAC-014,MED-007,2026-02-01,5
FAC-014,MED-008,2026-02-01,4
FAC-015,MED-001,2026-02-01,6
FAC-015,MED-002,2026-02-01,4
FAC-015,MED-003,2026-02-01,2
FAC-015,MED-004,2026-02-01,3
FAC-015,MED-005,2026-02-01,2
FAC-015,MED-006,2026-02-01,1
FAC-015,MED-007,2026-02-01,4
FAC-015,MED-008,2026-02-01,4
FAC-016,MED-001,2026-02-01,121
FAC-016,MED-002,2026-02-01,145
FAC-016,MED-003,2026-02-01,19
FAC-016,MED-004,2026-02-01,103
FAC-016,MED-005,2026-02-01,105
FAC-016,MED-006,2026-02-01,35
FAC-016,MED-007,2026-02-01,80
FAC-016,MED-008,2026-02-01,134
FAC-017,MED-001,2026-02-01,9
FAC-017,MED-002,2026-02-01,10
FAC-017,MED-003,2026-02-01,1
FAC-017,MED-004,2026-02-01,8
FAC-017,MED-005,2026-02-01,3
FAC-017,MED-006,2026-02-01,1
FAC-017,MED-007,2026-02-01,6
FAC-017,MED-008,2026-02-01,9
FAC-018,MED-001,2026-02-01,4
FAC-018,MED-002,2026-02-01,4
FAC-018,MED-003,2026-02-01,3
FAC-018,MED-004,2026-02-01,1
FAC-018,MED-005,2026-02-01,3
FAC-018,MED-006,2026-02-01,1
FAC-018,MED-007,2026-02-01,1
FAC-018,MED-008,2026-02-01,3
FAC-019,MED-001,2026-02-01,11
FAC-019,MED-002,2026-02-01,9
FAC-019,MED-003,2026-02-01,1
FAC-019,MED-004,2026-02-01,8
FAC-019,MED-005,2026-02-01,3
FAC-019,MED-006,2026-02-01,1
FAC-019,MED-007,2026-02-01,6
FAC-019,MED-008,2026-02-01,2
FAC-020,MED-001,2026-02-01,7
FAC-020,MED-002,2026-02-01,8
FAC-020,MED-003,2026-02-01,2
FAC-020,MED-004,2026-02-01,6
FAC-020,MED-005,2026-02-01,1
FAC-020,MED-006,2026-02-01,2
FAC-020,MED-007,2026-02-01,2
FAC-020,MED-008,2026-02-01,8
FAC-001,MED-001,2026-02-02,120
FAC-001,MED-002,2026-02-02,200
FAC-001,MED-003,2026-02-02,44
FAC-001,MED-004,2026-02-02,116
FAC-001,MED-005,2026-02-02,68
FAC-001,MED-006,2026-02-02,41
FAC-001,MED-007,2026-02-02,85
FAC-001,MED-008,2026-02-02,130
FAC-002,MED-001,2026-02-02,18
FAC-002,MED-002,2026-02-02,21
FAC-002,MED-003,2026-02-02,6
FAC-002,MED-004,2026-02-02,14
FAC-002,MED-005,2026-02-02,11
FAC-002,MED-006,2026-02-02,4
FAC-002,MED-007,2026-02-02,13
FAC-002,MED-008,2026-02-02,12
FAC-003,MED-001,2026-02-02,8
FAC-003,MED-002,2026-02-02,6
FAC-003,MED-003,2026-02-02,2
FAC-003,MED-004,2026-02-02,4
FAC-003,MED-005,2026-02-02,2
FAC-003,MED-006,2026-02-02,1
FAC-003,MED-007,2026-02-02,6
FAC-003,MED-008,2026-02-02,5
FAC-004,MED-001,2026-02-02,15
FAC-004,MED-002,2026-02-02,21
FAC-004,MED-003,2026-02-02,8
FAC-004,MED-004,2026-02-02,11
FAC-004,MED-005,2026-02-02,7
FAC-004,MED-006,2026-02-02,5
FAC-004,MED-007,2026-02-02,10
FAC-004,MED-008,2026-02-02,13
FAC-005,MED-001,2026-02-02,104
FAC-005,MED-002,2026-02-02,135
FAC-005,MED-003,2026-02-02,34
FAC-005,MED-004,2026-02-02,96
FAC-005,MED-005,2026-02-02,56
FAC-005,MED-006,2026-02-02,40
FAC-005,MED-007,2026-02-02,59
FAC-005,MED-008,2026-02-02,97
FAC-006,MED-001,2026-02-02,127
FAC-006,MED-002,2026-02-02,176
FAC-006,MED-003,2026-02-02,32
FAC-006,MED-004,2026-02-02,95
FAC-006,MED-005,2026-02-02,74
FAC-006,MED-006,2026-02-02,52
FAC-006,MED-007,2026-02-02,78
FAC-006,MED-008,2026-02-02,104
FAC-007,MED-001,2026-02-02,17
FAC-007,MED-002,2026-02-02,17
FAC-007,MED-003,2026-02-02,5
FAC-007,MED-004,2026-02-02,11
FAC-007,MED-005,2026-02-02,5
FAC-007,MED-006,2026-02-02,3
FAC-007,MED-007,2026-02-02,7
FAC-007,MED-008,2026-02-02,11
FAC-008,MED-001,2026-02-02,9
FAC-008,MED-002,2026-02-02,7
FAC-008,MED-003,2026-02-02,3
FAC-008,MED-004,2026-02-02,13
FAC-008,MED-005,2026-02-02,0
FAC-008,MED-006,2026-02-02,1
FAC-008,MED-007,2026-02-02,1
FAC-008,MED-008,2026-02-02,5
FAC-009,MED-001,2026-02-02,9
FAC-009,MED-002,2026-02-02,17
FAC-009,MED-003,2026-02-02,3
FAC-009,MED-004,2026-02-02,7
FAC-009,MED-005,2026-02-02,6
FAC-009,MED-006,2026-02-02,4
FAC-009,MED-007,2026-02-02,5
FAC-009,MED-008,2026-02-02,8
FAC-010,MED-001,2026-02-02,13
FAC-010,MED-002,2026-02-02,7
FAC-010,MED-003,2026-02-02,3
FAC-010,MED-004,2026-02-02,6
FAC-010,MED-005,2026-02-02,5
FAC-010,MED-006,2026-02-02,5
FAC-010,MED-007,2026-02-02,2
FAC-010,MED-008,2026-02-02,4
FAC-011,MED-001,2026-02-02,121
FAC-011,MED-002,2026-02-02,147
FAC-011,MED-003,2026-02-02,33
FAC-011,MED-004,2026-02-02,78
FAC-011,MED-005,2026-02-02,64
FAC-011,MED-006,2026-02-02,36
FAC-011,MED-007,2026-02-02,71
FAC-011,MED-008,2026-02-02,111
FAC-012,MED-001,2026-02-02,17
FAC-012,MED-002,2026-02-02,23
FAC-012,MED-003,2026-02-02,2
FAC-012,MED-004,2026-02-02,19
FAC-012,MED-005,2026-02-02,13
FAC-012,MED-006,2026-02-02,7
FAC-012,MED-007,2026-02-02,8
FAC-012,MED-008,2026-02-02,11
FAC-013,MED-001,2026-02-02,2
FAC-013,MED-002,2026-02-02,6
FAC-013,MED-003,2026-02-02,3
FAC-013,MED-004,2026-02-02,3
FAC-013,MED-005,2026-02-02,8
FAC-013,MED-006,2026-02-02,3
FAC-013,MED-007,2026-02-02,1
FAC-013,MED-008,2026-02-02,3
FAC-014,MED-001,2026-02-02,7
FAC-014,MED-002,2026-02-02,12
FAC-014,MED-003,2026-02-02,4
FAC-014,MED-004,2026-02-02,8
FAC-014,MED-005,2026-02-02,13
FAC-014,MED-006,2026-02-02,5
FAC-014,MED-007,2026-02-02,6
FAC-014,MED-008,2026-02-02,10
FAC-015,MED-001,2026-02-02,13
FAC-015,MED-002,2026-02-02,8
FAC-015,MED-003,2026-02-02,0
FAC-015,MED-004,2026-02-02,11
FAC-015,MED-005,2026-02-02,4
FAC-015,MED-006,2026-02-02,3
FAC-015,MED-007,2026-02-02,5
FAC-015,MED-008,2026-02-02,6
FAC-016,MED-001,2026-02-02,118
FAC-016,MED-002,2026-02-02,183
FAC-016,MED-003,2026-02-02,39
FAC-016,MED-004,2026-02-02,114
FAC-016,MED-005,2026-02-02,65
FAC-016,MED-006,2026-02-02,89
FAC-016,MED-007,2026-02-02,79
FAC-016,MED-008,2026-02-02,114
FAC-017,MED-001,2026-02-02,11
FAC-017,MED-002,2026-02-02,22
FAC-017,MED-003,2026-02-02,1
FAC-017,MED-004,2026-02-02,10
FAC-017,MED-005,2026-02-02,6
FAC-017,MED-006,2026-02-02,2
FAC-017,MED-007,2026-02-02,8
FAC-017,MED-008,2026-02-02,15
FAC-018,MED-001,2026-02-02,4
FAC-018,MED-002,2026-02-02,3
FAC-018,MED-003,2026-02-02,2
FAC-018,MED-004,2026-02-02,4
FAC-018,MED-005,2026-02-02,0
FAC-018,MED-006,2026-02-02,0
FAC-018,MED-007,2026-02-02,2
FAC-018,MED-008,2026-02-02,1
FAC-019,MED-001,2026-02-02,8
FAC-019,MED-002,2026-02-02,12
FAC-019,MED-003,2026-02-02,3
FAC-019,MED-004,2026-02-02,11
FAC-019,MED-005,2026-02-02,2
FAC-019,MED-006,2026-02-02,4
FAC-019,MED-007,2026-02-02,8
FAC-019,MED-008,2026-02-02,8
FAC-020,MED-001,2026-02-02,14
FAC-020,MED-002,2026-02-02,23
FAC-020,MED-003,2026-02-02,2
FAC-020,MED-004,2026-02-02,8
FAC-020,MED-005,2026-02-02,5
FAC-020,MED-006,2026-02-02,3
FAC-020,MED-007,2026-02-02,2
FAC-020,MED-008,2026-02-02,10
FAC-001,MED-001,2026-02-03,154
FAC-001,MED-002,2026-02-03,185
FAC-001,MED-003,2026-02-03,44
FAC-001,MED-004,2026-02-03,111
FAC-001,MED-005,2026-02-03,135
FAC-001,MED-006,2026-02-03,44
FAC-001,MED-007,2026-02-03,91
FAC-001,MED-008,2026-02-03,234
FAC-002,MED-001,2026-02-03,16
FAC-002,MED-002,2026-02-03,22
FAC-002,MED-003,2026-02-03,3
FAC-002,MED-004,2026-02-03,15
FAC-002,MED-005,2026-02-03,8
FAC-002,MED-006,2026-02-03,11
FAC-002,MED-007,2026-02-03,7
FAC-002,MED-008,2026-02-03,14
FAC-003,MED-001,2026-02-03,5
FAC-003,MED-002,2026-02-03,7
FAC-003,MED-003,2026-02-03,4
FAC-003,MED-004,2026-02-03,6
FAC-003,MED-005,2026-02-03,6
FAC-003,MED-006,2026-02-03,3
FAC-003,MED-007,2026-02-03,3
FAC-003,MED-008,2026-02-03,4
FAC-004,MED-001,2026-02-03,9
FAC-004,MED-002,2026-02-03,22
FAC-004,MED-003,2026-02-03,1
FAC-004,MED-004,2026-02-03,30
FAC-004,MED-005,2026-02-03,9
FAC-004,MED-006,2026-02-03,3
FAC-004,MED-007,2026-02-03,11
FAC-004,MED-008,2026-02-03,23
FAC-005,MED-001,2026-02-03,120
FAC-005,MED-002,2026-02-03,138
FAC-005,MED-003,2026-02-03,27
FAC-005,MED-004,2026-02-03,92
FAC-005,MED-005,2026-02-03,58
FAC-005,MED-006,2026-02-03,41
FAC-005,MED-007,2026-02-03,56
FAC-005,MED-008,2026-02-03,99
FAC-006,MED-001,2026-02-03,127
FAC-006,MED-002,2026-02-03,171
FAC-006,MED-003,2026-02-03,32
FAC-006,MED-004,2026-02-03,111
FAC-006,MED-005,2026-02-03,64
FAC-006,MED-006,2026-02-03,43
FAC-006,MED-007,2026-02-03,82
FAC-006,MED-008,2026-02-03,119
FAC-007,MED-001,2026-02-03,17
FAC-007,MED-002,2026-02-03,19
FAC-007,MED-003,2026-02-03,4
FAC-007,MED-004,2026-02-03,8
FAC-007,MED-005,2026-02-03,6
FAC-007,MED-006,2026-02-03,3
FAC-007,MED-007,2026-02-03,4
FAC-007,MED-008,2026-02-03,13
FAC-008,MED-001,2026-02-03,4
FAC-008,MED-002,2026-02-03,5
FAC-008,MED-003,2026-02-03,3
FAC-008,MED-004,2026-02-03,8
FAC-008,MED-005,2026-02-03,8
FAC-008,MED-006,2026-02-03,2
FAC-008,MED-007,2026-02-03,3
FAC-008,MED-008,2026-02-03,7
FAC-009,MED-001,2026-02-03,13
FAC-009,MED-002,2026-02-03,16
FAC-009,MED-003,2026-02-03,0
FAC-009,MED-004,2026-02-03,8
FAC-009,MED-005,2026-02-03,7
FAC-009,MED-006,2026-02-03,0
FAC-009,MED-007,2026-02-03,5
FAC-009,MED-008,2026-02-03,6
FAC-010,MED-001,2026-02-03,10
FAC-010,MED-002,2026-02-03,10
FAC-010,MED-003,2026-02-03,3
FAC-010,MED-004,2026-02-03,3
FAC-010,MED-005,2026-02-03,6
FAC-010,MED-006,2026-02-03,3
FAC-010,MED-007,2026-02-03,2
FAC-010,MED-008,2026-02-03,8
FAC-011,MED-001,2026-02-03,128
FAC-011,MED-002,2026-02-03,157
FAC-011,MED-003,2026-02-03,30
FAC-011,MED-004,2026-02-03,123
FAC-011,MED-005,2026-02-03,78
FAC-011,MED-006,2026-02-03,31
FAC-011,MED-007,2026-02-03,65
FAC-011,MED-008,2026-02-03,95
FAC-012,MED-001,2026-02-03,21
FAC-012,MED-002,2026-02-03,13
FAC-012,MED-003,2026-02-03,1
FAC-012,MED-004,2026-02-03,12
FAC-012,MED-005,2026-02-03,7
FAC-012,MED-006,2026-02-03,4
FAC-012,MED-007,2026-02-03,10
FAC-012,MED-008,2026-02-03,15
FAC-013,MED-001,2026-02-03,6
FAC-013,MED-002,2026-02-03,9
FAC-013,MED-003,2026-02-03,3
FAC-013,MED-004,2026-02-03,2
FAC-013,MED-005,2026-02-03,8
FAC-013,MED-006,2026-02-03,4
FAC-013,MED-007,2026-02-03,1
FAC-013,MED-008,2026-02-03,3
FAC-014,MED-001,2026-02-03,15
FAC-014,MED-002,2026-02-03,12
FAC-014,MED-003,2026-02-03,3
FAC-014,MED-004,2026-02-03,10
FAC-014,MED-005,2026-02-03,4
FAC-014,MED-006,2026-02-03,6
FAC-014,MED-007,2026-02-03,4
FAC-014,MED-008,2026-02-03,16
FAC-015,MED-001,2026-02-03,8
FAC-015,MED-002,2026-02-03,9
FAC-015,MED-003,2026-02-03,2
FAC-015,MED-004,2026-02-03,6
FAC-015,MED-005,2026-02-03,8
FAC-015,MED-006,2026-02-03,4
FAC-015,MED-007,2026-02-03,7
FAC-015,MED-008,2026-02-03,7
FAC-016,MED-001,2026-02-03,136
FAC-016,MED-002,2026-02-03,182
FAC-016,MED-003,2026-02-03,38
FAC-016,MED-004,2026-02-03,112
FAC-016,MED-005,2026-02-03,70
FAC-016,MED-006,2026-02-03,51
FAC-016,MED-007,2026-02-03,83
FAC-016,MED-008,2026-02-03,138
FAC-017,MED-001,2026-02-03,12
FAC-017,MED-002,2026-02-03,19
FAC-017,MED-003,2026-02-03,4
FAC-017,MED-004,2026-02-03,9
FAC-017,MED-005,2026-02-03,7
FAC-017,MED-006,2026-02-03,6
FAC-017,MED-007,2026-02-03,10
FAC-017,MED-008,2026-02-03,17
FAC-018,MED-001,2026-02-03,4
FAC-018,MED-002,2026-02-03,8
FAC-018,MED-003,2026-02-03,5
FAC-018,MED-004,2026-02-03,3
FAC-018,MED-005,2026-02-03,3
FAC-018,MED-006,2026-02-03,1
FAC-018,MED-007,2026-02-03,6
FAC-018,MED-008,2026-02-03,8
FAC-019,MED-001,2026-02-03,14
FAC-019,MED-002,2026-02-03,23
FAC-019,MED-003,2026-02-03,1
FAC-019,MED-004,2026-02-03,12
FAC-019,MED-005,2026-02-03,7
FAC-019,MED-006,2026-02-03,1
FAC-019,MED-007,2026-02-03,11
FAC-019,MED-008,2026-02-03,10
FAC-020,MED-001,2026-02-03,10
FAC-020,MED-002,2026-02-03,14
FAC-020,MED-003,2026-02-03,1
FAC-020,MED-004,2026-02-03,9
FAC-020,MED-005,2026-02-03,4
FAC-020,MED-006,2026-02-03,4
FAC-020,MED-007,2026-02-03,6
FAC-020,MED-008,2026-02-03,9
FAC-001,MED-001,2026-02-04,151
FAC-001,MED-002,2026-02-04,199
FAC-001,MED-003,2026-02-04,39
FAC-001,MED-004,2026-02-04,123
FAC-001,MED-005,2026-02-04,77
FAC-001,MED-006,2026-02-04,37
FAC-001,MED-007,2026-02-04,81
FAC-001,MED-008,2026-02-04,138
FAC-002,MED-001,2026-02-04,13
FAC-002,MED-002,2026-02-04,19
FAC-002,MED-003,2026-02-04,7
FAC-002,MED-004,2026-02-04,8
FAC-002,MED-005,2026-02-04,6
FAC-002,MED-006,2026-02-04,5
FAC-002,MED-007,2026-02-04,6
FAC-002,MED-008,2026-02-04,8
FAC-003,MED-001,2026-02-04,10
FAC-003,MED-002,2026-02-04,8
FAC-003,MED-003,2026-02-04,1
FAC-003,MED-004,2026-02-04,2
FAC-003,MED-005,2026-02-04,4
FAC-003,MED-006,2026-02-04,5
FAC-003,MED-007,2026-02-04,4
FAC-003,MED-008,2026-02-04,2
FAC-004,MED-001,2026-02-04,16
FAC-004,MED-002,2026-02-04,13
FAC-004,MED-003,2026-02-04,2
FAC-004,MED-004,2026-02-04,12
FAC-004,MED-005,2026-02-04,4
FAC-004,MED-006,2026-02-04,7
FAC-004,MED-007,2026-02-04,5
FAC-004,MED-008,2026-02-04,14
FAC-005,MED-001,2026-02-04,115
FAC-005,MED-002,2026-02-04,137
FAC-005,MED-003,2026-02-04,36
FAC-005,MED-004,2026-02-04,101
FAC-005,MED-005,2026-02-04,67
FAC-005,MED-006,2026-02-04,41
FAC-005,MED-007,2026-02-04,66
FAC-005,MED-008,2026-02-04,102
FAC-006,MED-001,2026-02-04,135
FAC-006,MED-002,2026-02-04,149
FAC-006,MED-003,2026-02-04,28
FAC-006,MED-004,2026-02-04,115
FAC-006,MED-005,2026-02-04,62
FAC-006,MED-006,2026-02-04,49
FAC-006,MED-007,2026-02-04,99
FAC-006,MED-008,2026-02-04,136
FAC-007,MED-001,2026-02-04,11
FAC-007,MED-002,2026-02-04,31
FAC-007,MED-003,2026-02-04,4
FAC-007,MED-004,2026-02-04,9
FAC-007,MED-005,2026-02-04,8
FAC-007,MED-006,2026-02-04,10
FAC-007,MED-007,2026-02-04,3
FAC-007,MED-008,2026-02-04,11
FAC-008,MED-001,2026-02-04,6
FAC-008,MED-002,2026-02-04,2
FAC-008,MED-003,2026-02-04,4
FAC-008,MED-004,2026-02-04,4
FAC-008,MED-005,2026-02-04,1
FAC-008,MED-006,2026-02-04,5
FAC-008,MED-007,2026-02-04,3
FAC-008,MED-008,2026-02-04,8
FAC-009,MED-001,2026-02-04,14
FAC-009,MED-002,2026-02-04,6
FAC-009,MED-003,2026-02-04,4
FAC-009,MED-004,2026-02-04,5
FAC-009,MED-005,2026-02-04,1
FAC-009,MED-006,2026-02-04,3
FAC-009,MED-007,2026-02-04,8
FAC-009,MED-008,2026-02-04,7
FAC-010,MED-001,2026-02-04,9
FAC-010,MED-002,2026-02-04,6
FAC-010,MED-003,2026-02-04,4
FAC-010,MED-004,2026-02-04,7
FAC-010,MED-005,2026-02-04,4
FAC-010,MED-006,2026-02-04,4
FAC-010,MED-007,2026-02-04,2
FAC-010,MED-008,2026-02-04,10
FAC-011,MED-001,2026-02-04,124
FAC-011,MED-002,2026-02-04,161
FAC-011,MED-003,2026-02-04,29
FAC-011,MED-004,2026-02-04,108
FAC-011,MED-005,2026-02-04,63
FAC-011,MED-006,2026-02-04,46
FAC-011,MED-007,2026-02-04,75
FAC-011,MED-008,2026-02-04,106
FAC-012,MED-001,2026-02-04,12
FAC-012,MED-002,2026-02-04,21
FAC-012,MED-003,2026-02-04,3
FAC-012,MED-004,2026-02-04,9
FAC-012,MED-005,2026-02-04,6
FAC-012,MED-006,2026-02-04,8
FAC-012,MED-007,2026-02-04,9
FAC-012,MED-008,2026-02-04,17
FAC-013,MED-001,2026-02-04,8
FAC-013,MED-002,2026-02-04,11
FAC-013,MED-003,2026-02-04,2
FAC-013,MED-004,2026-02-04,5
FAC-013,MED-005,2026-02-04,3
FAC-013,MED-006,2026-02-04,2
FAC-013,MED-007,2026-02-04,2
FAC-013,MED-008,2026-02-04,1
FAC-014,MED-001,2026-02-04,11
FAC-014,MED-002,2026-02-04,8
FAC-014,MED-003,2026-02-04,0
FAC-014,MED-004,2026-02-04,5
FAC-014,MED-005,2026-02-04,2
FAC-014,MED-006,2026-02-04,4
FAC-014,MED-007,2026-02-04,1
FAC-014,MED-008,2026-02-04,9
FAC-015,MED-001,2026-02-04,7
FAC-015,MED-002,2026-02-04,8
FAC-015,MED-003,2026-02-04,2
FAC-015,MED-004,2026-02-04,6
FAC-015,MED-005,2026-02-04,6
FAC-015,MED-006,2026-02-04,5
FAC-015,MED-007,2026-02-04,5
FAC-015,MED-008,2026-02-04,8
FAC-016,MED-001,2026-02-04,144
FAC-016,MED-002,2026-02-04,174
FAC-016,MED-003,2026-02-04,35
FAC-016,MED-004,2026-02-04,89
FAC-016,MED-005,2026-02-04,64
FAC-016,MED-006,2026-02-04,52
FAC-016,MED-007,2026-02-04,71
FAC-016,MED-008,2026-02-04,118
FAC-017,MED-001,2026-02-04,14
FAC-017,MED-002,2026-02-04,21
FAC-017,MED-003,2026-02-04,2
FAC-017,MED-004,2026-02-04,14
FAC-017,MED-005,2026-02-04,12
FAC-017,MED-006,2026-02-04,5
FAC-017,MED-007,2026-02-04,8
FAC-017,MED-008,2026-02-04,15
FAC-018,MED-001,2026-02-04,9
FAC-018,MED-002,2026-02-04,8
FAC-018,MED-003,2026-02-04,5
FAC-018,MED-004,2026-02-04,7
FAC-018,MED-005,2026-02-04,7
FAC-018,MED-006,2026-02-04,1
FAC-018,MED-007,2026-02-04,4
FAC-018,MED-008,2026-02-04,1
FAC-019,MED-001,2026-02-04,11
FAC-019,MED-002,2026-02-04,17
FAC-019,MED-003,2026-02-04,5
FAC-019,MED-004,2026-02-04,13
FAC-019,MED-005,2026-02-04,4
FAC-019,MED-006,2026-02-04,2
FAC-019,MED-007,2026-02-04,8
FAC-019,MED-008,2026-02-04,11
FAC-020,MED-001,2026-02-04,10
FAC-020,MED-002,2026-02-04,16
FAC-020,MED-003,2026-02-04,5
FAC-020,MED-004,2026-02-04,9
FAC-020,MED-005,2026-02-04,6
FAC-020,MED-006,2026-02-04,3
FAC-020,MED-007,2026-02-04,2
FAC-020,MED-008,2026-02-04,10
FAC-001,MED-001,2026-02-05,138
FAC-001,MED-002,2026-02-05,196
FAC-001,MED-003,2026-02-05,34
FAC-001,MED-004,2026-02-05,132
FAC-001,MED-005,2026-02-05,69
FAC-001,MED-006,2026-02-05,43
FAC-001,MED-007,2026-02-05,91
FAC-001,MED-008,2026-02-05,133
FAC-002,MED-001,2026-02-05,19
FAC-002,MED-002,2026-02-05,14
FAC-002,MED-003,2026-02-05,5
FAC-002,MED-004,2026-02-05,6
FAC-002,MED-005,2026-02-05,10
FAC-002,MED-006,2026-02-05,5
FAC-002,MED-007,2026-02-05,5
FAC-002,MED-008,2026-02-05,14
FAC-003,MED-001,2026-02-05,6
FAC-003,MED-002,2026-02-05,5
FAC-003,MED-003,2026-02-05,3
FAC-003,MED-004,2026-02-05,3
FAC-003,MED-005,2026-02-05,5
FAC-003,MED-006,2026-02-05,1
FAC-003,MED-007,2026-02-05,1
FAC-003,MED-008,2026-02-05,3
FAC-004,MED-001,2026-02-05,19
FAC-004,MED-002,2026-02-05,23
FAC-004,MED-003,2026-02-05,3
FAC-004,MED-004,2026-02-05,15
FAC-004,MED-005,2026-02-05,8
FAC-004,MED-006,2026-02-05,5
FAC-004,MED-007,2026-02-05,16
FAC-004,MED-008,2026-02-05,17
FAC-005,MED-001,2026-02-05,94
FAC-005,MED-002,2026-02-05,134
FAC-005,MED-003,2026-02-05,32
FAC-005,MED-004,2026-02-05,96
FAC-005,MED-005,2026-02-05,53
FAC-005,MED-006,2026-02-05,33
FAC-005,MED-007,2026-02-05,65
FAC-005,MED-008,2026-02-05,117
FAC-006,MED-001,2026-02-05,150
FAC-006,MED-002,2026-02-05,163
FAC-006,MED-003,2026-02-05,42
FAC-006,MED-004,2026-02-05,102
FAC-006,MED-005,2026-02-05,57
FAC-006,MED-006,2026-02-05,44
FAC-006,MED-007,2026-02-05,80
FAC-006,MED-008,2026-02-05,124
FAC-007,MED-001,2026-02-05,11
FAC-007,MED-002,2026-02-05,14
FAC-007,MED-003,2026-02-05,4
FAC-007,MED-004,2026-02-05,9
FAC-007,MED-005,2026-02-05,7
FAC-007,MED-006,2026-02-05,5
FAC-007,MED-007,2026-02-05,7
FAC-007,MED-008,2026-02-05,15
FAC-008,MED-001,2026-02-05,5
FAC-008,MED-002,2026-02-05,5
FAC-008,MED-003,2026-02-05,4
FAC-008,MED-004,2026-02-05,3
FAC-008,MED-005,2026-02-05,2
FAC-008,MED-006,2026-02-05,3
FAC-008,MED-007,2026-02-05,3
FAC-008,MED-008,2026-02-05,6
FAC-009,MED-001,2026-02-05,10
FAC-009,MED-002,2026-02-05,8
FAC-009,MED-003,2026-02-05,2
FAC-009,MED-004,2026-02-05,6
FAC-009,MED-005,2026-02-05,1
FAC-009,MED-006,2026-02-05,3
FAC-009,MED-007,2026-02-05,3
FAC-009,MED-008,2026-02-05,8
FAC-010,MED-001,2026-02-05,13
FAC-010,MED-002,2026-02-05,15
FAC-010,MED-003,2026-02-05,5
FAC-010,MED-004,2026-02-05,6
FAC-010,MED-005,2026-02-05,4
FAC-010,MED-006,2026-02-05,3
FAC-010,MED-007,2026-02-05,4
FAC-010,MED-008,2026-02-05,10
FAC-011,MED-001,2026-02-05,141
FAC-011,MED-002,2026-02-05,148
FAC-011,MED-003,2026-02-05,33
FAC-011,MED-004,2026-02-05,102
FAC-011,MED-005,2026-02-05,68
FAC-011,MED-006,2026-02-05,37
FAC-011,MED-007,2026-02-05,67
FAC-011,MED-008,2026-02-05,103
FAC-012,MED-001,2026-02-05,14
FAC-012,MED-002,2026-02-05,15
FAC-012,MED-003,2026-02-05,5
FAC-012,MED-004,2026-02-05,14
FAC-012,MED-005,2026-02-05,12
FAC-012,MED-006,2026-02-05,4
FAC-012,MED-007,2026-02-05,6
FAC-012,MED-008,2026-02-05,11
FAC-013,MED-001,2026-02-05,6
FAC-013,MED-002,2026-02-05,5
FAC-013,MED-003,2026-02-05,3
FAC-013,MED-004,2026-02-05,5
FAC-013,MED-005,2026-02-05,5
FAC-013,MED-006,2026-02-05,2
FAC-013,MED-007,2026-02-05,1
FAC-013,MED-008,2026-02-05,4
FAC-014,MED-001,2026-02-05,12
FAC-014,MED-002,2026-02-05,5
FAC-014,MED-003,2026-02-05,3
FAC-014,MED-004,2026-02-05,7
FAC-014,MED-005,2026-02-05,7
FAC-014,MED-006,2026-02-05,2
FAC-014,MED-007,2026-02-05,4
FAC-014,MED-008,2026-02-05,8
FAC-015,MED-001,2026-02-05,10
FAC-015,MED-002,2026-02-05,8
FAC-015,MED-003,2026-02-05,2
FAC-015,MED-004,2026-02-05,10
FAC-015,MED-005,2026-02-05,5
FAC-015,MED-006,2026-02-05,4
FAC-015,MED-007,2026-02-05,2
FAC-015,MED-008,2026-02-05,12
FAC-016,MED-001,2026-02-05,133
FAC-016,MED-002,2026-02-05,174
FAC-016,MED-003,2026-02-05,23
FAC-016,MED-004,2026-02-05,115
FAC-016,MED-005,2026-02-05,65
FAC-016,MED-006,2026-02-05,39
FAC-016,MED-007,2026-02-05,68
FAC-016,MED-008,2026-02-05,111
FAC-017,MED-001,2026-02-05,15
FAC-017,MED-002,2026-02-05,12
FAC-017,MED-003,2026-02-05,4
FAC-017,MED-004,2026-02-05,16
FAC-017,MED-005,2026-02-05,8
FAC-017,MED-006,2026-02-05,2
FAC-017,MED-007,2026-02-05,4
FAC-017,MED-008,2026-02-05,18
FAC-018,MED-001,2026-02-05,2
FAC-018,MED-002,2026-02-05,7
FAC-018,MED-003,2026-02-05,3
FAC-018,MED-004,2026-02-05,4
FAC-018,MED-005,2026-02-05,5
FAC-018,MED-006,2026-02-05,5
FAC-018,MED-007,2026-02-05,7
FAC-018,MED-008,2026-02-05,9
FAC-019,MED-001,2026-02-05,10
FAC-019,MED-002,2026-02-05,13
FAC-019,MED-003,2026-02-05,4
FAC-019,MED-004,2026-02-05,9
FAC-019,MED-005,2026-02-05,2
FAC-019,MED-006,2026-02-05,5
FAC-019,MED-007,2026-02-05,10
FAC-019,MED-008,2026-02-05,14
FAC-020,MED-001,2026-02-05,16
FAC-020,MED-002,2026-02-05,17
FAC-020,MED-003,2026-02-05,4
FAC-020,MED-004,2026-02-05,12
FAC-020,MED-005,2026-02-05,2
FAC-020,MED-006,2026-02-05,1
FAC-020,MED-007,2026-02-05,3
FAC-020,MED-008,2026-02-05,11
FAC-001,MED-001,2026-02-06,130
FAC-001,MED-002,2026-02-06,167
FAC-001,MED-003,2026-02-06,39
FAC-001,MED-004,2026-02-06,137
FAC-001,MED-005,2026-02-06,89
FAC-001,MED-006,2026-02-06,55
FAC-001,MED-007,2026-02-06,79
FAC-001,MED-008,2026-02-06,143
FAC-002,MED-001,2026-02-06,11
FAC-002,MED-002,2026-02-06,28
FAC-002,MED-003,2026-02-06,3
FAC-002,MED-004,2026-02-06,17
FAC-002,MED-005,2026-02-06,7
FAC-002,MED-006,2026-02-06,4
FAC-002,MED-007,2026-02-06,9
FAC-002,MED-008,2026-02-06,15
FAC-003,MED-001,2026-02-06,5
FAC-003,MED-002,2026-02-06,5
FAC-003,MED-003,2026-02-06,4
FAC-003,MED-004,2026-02-06,5
FAC-003,MED-005,2026-02-06,0
FAC-003,MED-006,2026-02-06,2
FAC-003,MED-007,2026-02-06,2
FAC-003,MED-008,2026-02-06,1
FAC-004,MED-001,2026-02-06,11
FAC-004,MED-002,2026-02-06,21
FAC-004,MED-003,2026-02-06,4
FAC-004,MED-004,2026-02-06,9
FAC-004,MED-005,2026-02-06,5
FAC-004,MED-006,2026-02-06,10
FAC-004,MED-007,2026-02-06,6
FAC-004,MED-008,2026-02-06,14
FAC-005,MED-001,2026-02-06,119
FAC-005,MED-002,2026-02-06,142
FAC-005,MED-003,2026-02-06,21
FAC-005,MED-004,2026-02-06,103
FAC-005,MED-005,2026-02-06,44
FAC-005,MED-006,2026-02-06,43
FAC-005,MED-007,2026-02-06,59
FAC-005,MED-008,2026-02-06,98
FAC-006,MED-001,2026-02-06,124
FAC-006,MED-002,2026-02-06,150
FAC-006,MED-003,2026-02-06,30
FAC-006,MED-004,2026-02-06,95
FAC-006,MED-005,2026-02-06,48
FAC-006,MED-006,2026-02-06,51
FAC-006,MED-007,2026-02-06,67
FAC-006,MED-008,2026-02-06,125
FAC-007,MED-001,2026-02-06,17
FAC-007,MED-002,2026-02-06,22
FAC-007,MED-003,2026-02-06,3
FAC-007,MED-004,2026-02-06,7
FAC-007,MED-005,2026-02-06,10
FAC-007,MED-006,2026-02-06,2
FAC-007,MED-007,2026-02-06,8
FAC-007,MED-008,2026-02-06,12
FAC-008,MED-001,2026-02-06,3
FAC-008,MED-002,2026-02-06,5
FAC-008,MED-003,2026-02-06,2
FAC-008,MED-004,2026-02-06,3
FAC-008,MED-005,2026-02-06,2
FAC-008,MED-006,2026-02-06,0
FAC-008,MED-007,2026-02-06,4
FAC-008,MED-008,2026-02-06,6
FAC-009,MED-001,2026-02-06,5
FAC-009,MED-002,2026-02-06,12
FAC-009,MED-003,2026-02-06,4
FAC-009,MED-004,2026-02-06,8
FAC-009,MED-005,2026-02-06,8
FAC-009,MED-006,2026-02-06,2
FAC-009,MED-007,2026-02-06,6
FAC-009,MED-008,2026-02-06,11
FAC-010,MED-001,2026-02-06,11
FAC-010,MED-002,2026-02-06,11
FAC-010,MED-003,2026-02-06,0
FAC-010,MED-004,2026-02-06,4
FAC-010,MED-005,2026-02-06,3
FAC-010,MED-006,2026-02-06,7
FAC-010,MED-007,2026-02-06,2
FAC-010,MED-008,2026-02-06,3
FAC-011,MED-001,2026-02-06,120
FAC-011,MED-002,2026-02-06,166
FAC-011,MED-003,2026-02-06,24
FAC-011,MED-004,2026-02-06,83
FAC-011,MED-005,2026-02-06,57
FAC-011,MED-006,2026-02-06,39
FAC-011,MED-007,2026-02-06,71
FAC-011,MED-008,2026-02-06,121
FAC-012,MED-001,2026-02-06,11
FAC-012,MED-002,2026-02-06,22
FAC-012,MED-003,2026-02-06,8
FAC-012,MED-004,2026-02-06,13
FAC-012,MED-005,2026-02-06,4
FAC-012,MED-006,2026-02-06,4
FAC-012,MED-007,2026-02-06,12
FAC-012,MED-008,2026-02-06,14
FAC-013,MED-001,2026-02-06,5
FAC-013,MED-002,2026-02-06,5
FAC-013,MED-003,2026-02-06,5
FAC-013,MED-004,2026-02-06,4
FAC-013,MED-005,2026-02-06,3
FAC-013,MED-006,2026-02-06,2
FAC-013,MED-007,2026-02-06,3
FAC-013,MED-008,2026-02-06,3
FAC-014,MED-001,2026-02-06,10
FAC-014,MED-002,2026-02-06,19
FAC-014,MED-003,2026-02-06,3
FAC-014,MED-004,2026-02-06,13
FAC-014,MED-005,2026-02-06,4
FAC-014,MED-006,2026-02-06,4
FAC-014,MED-007,2026-02-06,10
FAC-014,MED-008,2026-02-06,12
FAC-015,MED-001,2026-02-06,5
FAC-015,MED-002,2026-02-06,14
FAC-015,MED-003,2026-02-06,4
FAC-015,MED-004,2026-02-06,6
FAC-015,MED-005,2026-02-06,10
FAC-015,MED-006,2026-02-06,1
FAC-015,MED-007,2026-02-06,7
FAC-015,MED-008,2026-02-06,12
FAC-016,MED-001,2026-02-06,135
FAC-016,MED-002,2026-02-06,181
FAC-016,MED-003,2026-02-06,26
FAC-016,MED-004,2026-02-06,118
FAC-016,MED-005,2026-02-06,65
FAC-016,MED-006,2026-02-06,48
FAC-016,MED-007,2026-02-06,75
FAC-016,MED-008,2026-02-06,157
FAC-017,MED-001,2026-02-06,13
FAC-017,MED-002,2026-02-06,18
FAC-017,MED-003,2026-02-06,2
FAC-017,MED-004,2026-02-06,7
FAC-017,MED-005,2026-02-06,7
FAC-017,MED-006,2026-02-06,4
FAC-017,MED-007,2026-02-06,11
FAC-017,MED-008,2026-02-06,23
FAC-018,MED-001,2026-02-06,4
FAC-018,MED-002,2026-02-06,8
FAC-018,MED-003,2026-02-06,2
FAC-018,MED-004,2026-02-06,4
FAC-018,MED-005,2026-02-06,4
FAC-018,MED-006,2026-02-06,1
FAC-018,MED-007,2026-02-06,4
FAC-018,MED-008,2026-02-06,7
FAC-019,MED-001,2026-02-06,13
FAC-019,MED-002,2026-02-06,16
FAC-019,MED-003,2026-02-06,2
FAC-019,MED-004,2026-02-06,7
FAC-019,MED-005,2026-02-06,1
FAC-019,MED-006,2026-02-06,5
FAC-019,MED-007,2026-02-06,11
FAC-019,MED-008,2026-02-06,9
FAC-020,MED-001,2026-02-06,15
FAC-020,MED-002,2026-02-06,15
FAC-020,MED-003,2026-02-06,4
FAC-020,MED-004,2026-02-06,10
FAC-020,MED-005,2026-02-06,5
FAC-020,MED-006,2026-02-06,8
FAC-020,MED-007,2026-02-06,5
FAC-020,MED-008,2026-02-06,9
FAC-001,MED-001,2026-02-07,133
FAC-001,MED-002,2026-02-07,165
FAC-001,MED-003,2026-02-07,32
FAC-001,MED-004,2026-02-07,101
FAC-001,MED-005,2026-02-07,71
FAC-001,MED-006,2026-02-07,75
FAC-001,MED-007,2026-02-07,80
FAC-001,MED-008,2026-02-07,136
FAC-002,MED-001,2026-02-07,7
FAC-002,MED-002,2026-02-07,14
FAC-002,MED-003,2026-02-07,1
FAC-002,MED-004,2026-02-07,1
FAC-002,MED-005,2026-02-07,3
FAC-002,MED-006,2026-02-07,1
FAC-002,MED-007,2026-02-07,3
FAC-002,MED-008,2026-02-07,6
FAC-003,MED-001,2026-02-07,6
FAC-003,MED-002,2026-02-07,5
FAC-003,MED-003,2026-02-07,1
FAC-003,MED-004,2026-02-07,2
FAC-003,MED-005,2026-02-07,2
FAC-003,MED-006,2026-02-07,2
FAC-003,MED-007,2026-02-07,2
FAC-003,MED-008,2026-02-07,4
FAC-004,MED-001,2026-02-07,18
FAC-004,MED-002,2026-02-07,9
FAC-004,MED-003,2026-02-07,7
FAC-004,MED-004,2026-02-07,7
FAC-004,MED-005,2026-02-07,12
FAC-004,MED-006,2026-02-07,3
FAC-004,MED-007,2026-02-07,4
FAC-004,MED-008,2026-02-07,7
FAC-005,MED-001,2026-02-07,98
FAC-005,MED-002,2026-02-07,119
FAC-005,MED-003,2026-02-07,22
FAC-005,MED-004,2026-02-07,78
FAC-005,MED-005,2026-02-07,54
FAC-005,MED-006,2026-02-07,45
FAC-005,MED-007,2026-02-07,63
FAC-005,MED-008,2026-02-07,112
FAC-006,MED-001,2026-02-07,124
FAC-006,MED-002,2026-02-07,156
FAC-006,MED-003,2026-02-07,32
FAC-006,MED-004,2026-02-07,89
FAC-006,MED-005,2026-02-07,45
FAC-006,MED-006,2026-02-07,37
FAC-006,MED-007,2026-02-07,72
FAC-006,MED-008,2026-02-07,117
FAC-007,MED-001,2026-02-07,11
FAC-007,MED-002,2026-02-07,17
FAC-007,MED-003,2026-02-07,2
FAC-007,MED-004,2026-02-07,5
FAC-007,MED-005,2026-02-07,3
FAC-007,MED-006,2026-02-07,3
FAC-007,MED-007,2026-02-07,3
FAC-007,MED-008,2026-02-07,8
FAC-008,MED-001,2026-02-07,3
FAC-008,MED-002,2026-02-07,7
FAC-008,MED-003,2026-02-07,3
FAC-008,MED-004,2026-02-07,3
FAC-008,MED-005,2026-02-07,3
FAC-008,MED-006,2026-02-07,3
FAC-008,MED-007,2026-02-07,1
FAC-008,MED-008,2026-02-07,4
FAC-009,MED-001,2026-02-07,7
FAC-009,MED-002,2026-02-07,6
FAC-009,MED-003,2026-02-07,1
FAC-009,MED-004,2026-02-07,11
FAC-009,MED-005,2026-02-07,2
FAC-009,MED-006,2026-02-07,3
FAC-009,MED-007,2026-02-07,1
FAC-009,MED-008,2026-02-07,2
FAC-010,MED-001,2026-02-07,8
FAC-010,MED-002,2026-02-07,7
FAC-010,MED-003,2026-02-07,3
FAC-010,MED-004,2026-02-07,6
FAC-010,MED-005,2026-02-07,4
FAC-010,MED-006,2026-02-07,1
FAC-010,MED-007,2026-02-07,3
FAC-010,MED-008,2026-02-07,5
FAC-011,MED-001,2026-02-07,102
FAC-011,MED-002,2026-02-07,137
FAC-011,MED-003,2026-02-07,36
FAC-011,MED-004,2026-02-07,87
FAC-011,MED-005,2026-02-07,53
FAC-011,MED-006,2026-02-07,47
FAC-011,MED-007,2026-02-07,60
FAC-011,MED-008,2026-02-07,116
FAC-012,MED-001,2026-02-07,3
FAC-012,MED-002,2026-02-07,11
FAC-012,MED-003,2026-02-07,1
FAC-012,MED-004,2026-02-07,8
FAC-012,MED-005,2026-02-07,5
FAC-012,MED-006,2026-02-07,1
FAC-012,MED-007,2026-02-07,9
FAC-012,MED-008,2026-02-07,11
FAC-013,MED-001,2026-02-07,4
FAC-013,MED-002,2026-02-07,8
FAC-013,MED-003,2026-02-07,2
FAC-013,MED-004,2026-02-07,2
FAC-013,MED-005,2026-02-07,2
FAC-013,MED-006,2026-02-07,2
FAC-013,MED-007,2026-02-07,2
FAC-013,MED-008,2026-02-07,2
FAC-014,MED-001,2026-02-07,12
FAC-014,MED-002,2026-02-07,9
FAC-014,MED-003,2026-02-07,3
FAC-014,MED-004,2026-02-07,5
FAC-014,MED-005,2026-02-07,2
FAC-014,MED-006,2026-02-07,3
FAC-014,MED-007,2026-02-07,5
FAC-014,MED-008,2026-02-07,5
FAC-015,MED-001,2026-02-07,10
FAC-015,MED-002,2026-02-07,8
FAC-015,MED-003,2026-02-07,0
FAC-015,MED-004,2026-02-07,3
FAC-015,MED-005,2026-02-07,1
FAC-015,MED-006,2026-02-07,5
FAC-015,MED-007,2026-02-07,4
FAC-015,MED-008,2026-02-07,7
FAC-016,MED-001,2026-02-07,128
FAC-016,MED-002,2026-02-07,158
FAC-016,MED-003,2026-02-07,41
FAC-016,MED-004,2026-02-07,105
FAC-016,MED-005,2026-02-07,57
FAC-016,MED-006,2026-02-07,47
FAC-016,MED-007,2026-02-07,80
FAC-016,MED-008,2026-02-07,121
FAC-017,MED-001,2026-02-07,7
FAC-017,MED-002,2026-02-07,12
FAC-017,MED-003,2026-02-07,4
FAC-017,MED-004,2026-02-07,7
FAC-017,MED-005,2026-02-07,1
FAC-017,MED-006,2026-02-07,3
FAC-017,MED-007,2026-02-07,1
FAC-017,MED-008,2026-02-07,5
FAC-018,MED-001,2026-02-07,3
FAC-018,MED-002,2026-02-07,5
FAC-018,MED-003,2026-02-07,0
FAC-018,MED-004,2026-02-07,1
FAC-018,MED-005,2026-02-07,3
FAC-018,MED-006,2026-02-07,0
FAC-018,MED-007,2026-02-07,3
FAC-018,MED-008,2026-02-07,4
FAC-019,MED-001,2026-02-07,7
FAC-019,MED-002,2026-02-07,14
FAC-019,MED-003,2026-02-07,1
FAC-019,MED-004,2026-02-07,7
FAC-019,MED-005,2026-02-07,6
FAC-019,MED-006,2026-02-07,1
FAC-019,MED-007,2026-02-07,2
FAC-019,MED-008,2026-02-07,6
FAC-020,MED-001,2026-02-07,2
FAC-020,MED-002,2026-02-07,9
FAC-020,MED-003,2026-02-07,0
FAC-020,MED-004,2026-02-07,7
FAC-020,MED-005,2026-02-07,5
FAC-020,MED-006,2026-02-07,2
FAC-020,MED-007,2026-02-07,6
FAC-020,MED-008,2026-02-07,9
FAC-001,MED-001,2026-02-08,154
FAC-001,MED-002,2026-02-08,165
FAC-001,MED-003,2026-02-08,29
FAC-001,MED-004,2026-02-08,101
FAC-001,MED-005,2026-02-08,88
FAC-001,MED-006,2026-02-08,61
FAC-001,MED-007,2026-02-08,81
FAC-001,MED-008,2026-02-08,108
FAC-002,MED-001,2026-02-08,7
FAC-002,MED-002,2026-02-08,12
FAC-002,MED-003,2026-02-08,0
FAC-002,MED-004,2026-02-08,9
FAC-002,MED-005,2026-02-08,8
FAC-002,MED-006,2026-02-08,4
FAC-002,MED-007,2026-02-08,5
FAC-002,MED-008,2026-02-08,2
FAC-003,MED-001,2026-02-08,7
FAC-003,MED-002,2026-02-08,5
FAC-003,MED-003,2026-02-08,4
FAC-003,MED-004,2026-02-08,4
FAC-003,MED-005,2026-02-08,2
FAC-003,MED-006,2026-02-08,0
FAC-003,MED-007,2026-02-08,3
FAC-003,MED-008,2026-02-08,6
FAC-004,MED-001,2026-02-08,12
FAC-004,MED-002,2026-02-08,13
FAC-004,MED-003,2026-02-08,5
FAC-004,MED-004,2026-02-08,4
FAC-004,MED-005,2026-02-08,8
FAC-004,MED-006,2026-02-08,4
FAC-004,MED-007,2026-02-08,2
FAC-004,MED-008,2026-02-08,11
FAC-005,MED-001,2026-02-08,95
FAC-005,MED-002,2026-02-08,137
FAC-005,MED-003,2026-02-08,31
FAC-005,MED-004,2026-02-08,86
FAC-005,MED-005,2026-02-08,66
FAC-005,MED-006,2026-02-08,40
FAC-005,MED-007,2026-02-08,68
FAC-005,MED-008,2026-02-08,102
FAC-006,MED-001,2026-02-08,115
FAC-006,MED-002,2026-02-08,157
FAC-006,MED-003,2026-02-08,27
FAC-006,MED-004,2026-02-08,113
FAC-006,MED-005,2026-02-08,55
FAC-006,MED-006,2026-02-08,36
FAC-006,MED-007,2026-02-08,61
FAC-006,MED-008,2026-02-08,104
FAC-007,MED-001,2026-02-08,10
FAC-007,MED-002,2026-02-08,15
FAC-007,MED-003,2026-02-08,1
FAC-007,MED-004,2026-02-08,4
FAC-007,MED-005,2026-02-08,2
FAC-007,MED-006,2026-02-08,1
FAC-007,MED-007,2026-02-08,7
FAC-007,MED-008,2026-02-08,11
FAC-008,MED-001,2026-02-08,6
FAC-008,MED-002,2026-02-08,6
FAC-008,MED-003,2026-02-08,2
FAC-008,MED-004,2026-02-08,7
FAC-008,MED-005,2026-02-08,2
FAC-008,MED-006,2026-02-08,1
FAC-008,MED-007,2026-02-08,3
FAC-008,MED-008,2026-02-08,5
FAC-009,MED-001,2026-02-08,6
FAC-009,MED-002,2026-02-08,14
FAC-009,MED-003,2026-02-08,1
FAC-009,MED-004,2026-02-08,8
FAC-009,MED-005,2026-02-08,4
FAC-009,MED-006,2026-02-08,3
FAC-009,MED-007,2026-02-08,2
FAC-009,MED-008,2026-02-08,6
FAC-010,MED-001,2026-02-08,5
FAC-010,MED-002,2026-02-08,12
FAC-010,MED-003,2026-02-08,1
FAC-010,MED-004,2026-02-08,4
FAC-010,MED-005,2026-02-08,2
FAC-010,MED-006,2026-02-08,4
FAC-010,MED-007,2026-02-08,3
FAC-010,MED-008,2026-02-08,6
FAC-011,MED-001,2026-02-08,120
FAC-011,MED-002,2026-02-08,268
FAC-011,MED-003,2026-02-08,24
FAC-011,MED-004,2026-02-08,94
FAC-011,MED-005,2026-02-08,63
FAC-011,MED-006,2026-02-08,51
FAC-011,MED-007,2026-02-08,64
FAC-011,MED-008,2026-02-08,109
FAC-012,MED-001,2026-02-08,9
FAC-012,MED-002,2026-02-08,12
FAC-012,MED-003,2026-02-08,2
FAC-012,MED-004,2026-02-08,9
FAC-012,MED-005,2026-02-08,9
FAC-012,MED-006,2026-02-08,5
FAC-012,MED-007,2026-02-08,7
FAC-012,MED-008,2026-02-08,7
FAC-013,MED-001,2026-02-08,6
FAC-013,MED-002,2026-02-08,7
FAC-013,MED-003,2026-02-08,3
FAC-013,MED-004,2026-02-08,6
FAC-013,MED-005,2026-02-08,4
FAC-013,MED-006,2026-02-08,3
FAC-013,MED-007,2026-02-08,4
FAC-013,MED-008,2026-02-08,6
FAC-014,MED-001,2026-02-08,14
FAC-014,MED-002,2026-02-08,3
FAC-014,MED-003,2026-02-08,1
FAC-014,MED-004,2026-02-08,10
FAC-014,MED-005,2026-02-08,1
FAC-014,MED-006,2026-02-08,2
FAC-014,MED-007,2026-02-08,1
FAC-014,MED-008,2026-02-08,7
FAC-015,MED-001,2026-02-08,4
FAC-015,MED-002,2026-02-08,5
FAC-015,MED-003,2026-02-08,4
FAC-015,MED-004,2026-02-08,8
FAC-015,MED-005,2026-02-08,3
FAC-015,MED-006,2026-02-08,2
FAC-015,MED-007,2026-02-08,4
FAC-015,MED-008,2026-02-08,7
FAC-016,MED-001,2026-02-08,140
FAC-016,MED-002,2026-02-08,164
FAC-016,MED-003,2026-02-08,44
FAC-016,MED-004,2026-02-08,110
FAC-016,MED-005,2026-02-08,61
FAC-016,MED-006,2026-02-08,43
FAC-016,MED-007,2026-02-08,93
FAC-016,MED-008,2026-02-08,132
FAC-017,MED-001,2026-02-08,6
FAC-017,MED-002,2026-02-08,6
FAC-017,MED-003,2026-02-08,0
FAC-017,MED-004,2026-02-08,9
FAC-017,MED-005,2026-02-08,4
FAC-017,MED-006,2026-02-08,4
FAC-017,MED-007,2026-02-08,0
FAC-017,MED-008,2026-02-08,5
FAC-018,MED-001,2026-02-08,2
FAC-018,MED-002,2026-02-08,6
FAC-018,MED-003,2026-02-08,4
FAC-018,MED-004,2026-02-08,6
FAC-018,MED-005,2026-02-08,0
FAC-018,MED-006,2026-02-08,3
FAC-018,MED-007,2026-02-08,3
FAC-018,MED-008,2026-02-08,1
FAC-019,MED-001,2026-02-08,12
FAC-019,MED-002,2026-02-08,12
FAC-019,MED-003,2026-02-08,3
FAC-019,MED-004,2026-02-08,4
FAC-019,MED-005,2026-02-08,4
FAC-019,MED-006,2026-02-08,2
FAC-019,MED-007,2026-02-08,3
FAC-019,MED-008,2026-02-08,5
FAC-020,MED-001,2026-02-08,6
FAC-020,MED-002,2026-02-08,5
FAC-020,MED-003,2026-02-08,2
FAC-020,MED-004,2026-02-08,8
FAC-020,MED-005,2026-02-08,2
FAC-020,MED-006,2026-02-08,3
FAC-020,MED-007,2026-02-08,2
FAC-020,MED-008,2026-02-08,9
FAC-001,MED-001,2026-02-09,149
FAC-001,MED-002,2026-02-09,189
FAC-001,MED-003,2026-02-09,31
FAC-001,MED-004,2026-02-09,117
FAC-001,MED-005,2026-02-09,73
FAC-001,MED-006,2026-02-09,52
FAC-001,MED-007,2026-02-09,92
FAC-001,MED-008,2026-02-09,119
FAC-002,MED-001,2026-02-09,9
FAC-002,MED-002,2026-02-09,15
FAC-002,MED-003,2026-02-09,3
FAC-002,MED-004,2026-02-09,10
FAC-002,MED-005,2026-02-09,7
FAC-002,MED-006,2026-02-09,6
FAC-002,MED-007,2026-02-09,6
FAC-002,MED-008,2026-02-09,12
FAC-003,MED-001,2026-02-09,1
FAC-003,MED-002,2026-02-09,4
FAC-003,MED-003,2026-02-09,3
FAC-003,MED-004,2026-02-09,2
FAC-003,MED-005,2026-02-09,8
FAC-003,MED-006,2026-02-09,1
FAC-003,MED-007,2026-02-09,4
FAC-003,MED-008,2026-02-09,2
FAC-004,MED-001,2026-02-09,15
FAC-004,MED-002,2026-02-09,19
FAC-004,MED-003,2026-02-09,3
FAC-004,MED-004,2026-02-09,7
FAC-004,MED-005,2026-02-09,15
FAC-004,MED-006,2026-02-09,5
FAC-004,MED-007,2026-02-09,11
FAC-004,MED-008,2026-02-09,14
FAC-005,MED-001,2026-02-09,123
FAC-005,MED-002,2026-02-09,137
FAC-005,MED-003,2026-02-09,20
FAC-005,MED-004,2026-02-09,96
FAC-005,MED-005,2026-02-09,56
FAC-005,MED-006,2026-02-09,39
FAC-005,MED-007,2026-02-09,60
FAC-005,MED-008,2026-02-09,97
FAC-006,MED-001,2026-02-09,116
FAC-006,MED-002,2026-02-09,153
FAC-006,MED-003,2026-02-09,32
FAC-006,MED-004,2026-02-09,112
FAC-006,MED-005,2026-02-09,63
FAC-006,MED-006,2026-02-09,41
FAC-006,MED-007,2026-02-09,81
FAC-006,MED-008,2026-02-09,105
FAC-007,MED-001,2026-02-09,11
FAC-007,MED-002,2026-02-09,14
FAC-007,MED-003,2026-02-09,3
FAC-007,MED-004,2026-02-09,9
FAC-007,MED-005,2026-02-09,5
FAC-007,MED-006,2026-02-09,2
FAC-007,MED-007,2026-02-09,5
FAC-007,MED-008,2026-02-09,8
FAC-008,MED-001,2026-02-09,6
FAC-008,MED-002,2026-02-09,7
FAC-008,MED-003,2026-02-09,5
FAC-008,MED-004,2026-02-09,7
FAC-008,MED-005,2026-02-09,2
FAC-008,MED-006,2026-02-09,4
FAC-008,MED-007,2026-02-09,4
FAC-008,MED-008,2026-02-09,2
FAC-009,MED-001,2026-02-09,9
FAC-009,MED-002,2026-02-09,15
FAC-009,MED-003,2026-02-09,3
FAC-009,MED-004,2026-02-09,6
FAC-009,MED-005,2026-02-09,2
FAC-009,MED-006,2026-02-09,1
FAC-009,MED-007,2026-02-09,6
FAC-009,MED-008,2026-02-09,16
FAC-010,MED-001,2026-02-09,8
FAC-010,MED-002,2026-02-09,8
FAC-010,MED-003,2026-02-09,3
FAC-010,MED-004,2026-02-09,6
FAC-010,MED-005,2026-02-09,3
FAC-010,MED-006,2026-02-09,0
FAC-010,MED-007,2026-02-09,5
FAC-010,MED-008,2026-02-09,12
FAC-011,MED-001,2026-02-09,123
FAC-011,MED-002,2026-02-09,133
FAC-011,MED-003,2026-02-09,32
FAC-011,MED-004,2026-02-09,127
FAC-011,MED-005,2026-02-09,62
FAC-011,MED-006,2026-02-09,45
FAC-011,MED-007,2026-02-09,72
FAC-011,MED-008,2026-02-09,104
FAC-012,MED-001,2026-02-09,23
FAC-012,MED-002,2026-02-09,21
FAC-012,MED-003,2026-02-09,3
FAC-012,MED-004,2026-02-09,8
FAC-012,MED-005,2026-02-09,8
FAC-012,MED-006,2026-02-09,3
FAC-012,MED-007,2026-02-09,9
FAC-012,MED-008,2026-02-09,22
FAC-013,MED-001,2026-02-09,6
FAC-013,MED-002,2026-02-09,3
FAC-013,MED-003,2026-02-09,3
FAC-013,MED-004,2026-02-09,0
FAC-013,MED-005,2026-02-09,1
FAC-013,MED-006,2026-02-09,2
FAC-013,MED-007,2026-02-09,4
FAC-013,MED-008,2026-02-09,3
FAC-014,MED-001,2026-02-09,14
FAC-014,MED-002,2026-02-09,20
FAC-014,MED-003,2026-02-09,1
FAC-014,MED-004,2026-02-09,12
FAC-014,MED-005,2026-02-09,5
FAC-014,MED-006,2026-02-09,5
FAC-014,MED-007,2026-02-09,2
FAC-014,MED-008,2026-02-09,16
FAC-015,MED-001,2026-02-09,8
FAC-015,MED-002,2026-02-09,10
FAC-015,MED-003,2026-02-09,0
FAC-015,MED-004,2026-02-09,10
FAC-015,MED-005,2026-02-09,1
FAC-015,MED-006,2026-02-09,4
FAC-015,MED-007,2026-02-09,5
FAC-015,MED-008,2026-02-09,7
FAC-016,MED-001,2026-02-09,129
FAC-016,MED-002,2026-02-09,161
FAC-016,MED-003,2026-02-09,32
FAC-016,MED-004,2026-02-09,118
FAC-016,MED-005,2026-02-09,62
FAC-016,MED-006,2026-02-09,46
FAC-016,MED-007,2026-02-09,68
FAC-016,MED-008,2026-02-09,95
FAC-017,MED-001,2026-02-09,16
FAC-017,MED-002,2026-02-09,15
FAC-017,MED-003,2026-02-09,3
FAC-017,MED-004,2026-02-09,11
FAC-017,MED-005,2026-02-09,8
FAC-017,MED-006,2026-02-09,7
FAC-017,MED-007,2026-02-09,12
FAC-017,MED-008,2026-02-09,5
FAC-018,MED-001,2026-02-09,8
FAC-018,MED-002,2026-02-09,4
FAC-018,MED-003,2026-02-09,3
FAC-018,MED-004,2026-02-09,3
FAC-018,MED-005,2026-02-09,6
FAC-018,MED-006,2026-02-09,3
FAC-018,MED-007,2026-02-09,3
FAC-018,MED-008,2026-02-09,4
FAC-019,MED-001,2026-02-09,10
FAC-019,MED-002,2026-02-09,19
FAC-019,MED-003,2026-02-09,2
FAC-019,MED-004,2026-02-09,16
FAC-019,MED-005,2026-02-09,10
FAC-019,MED-006,2026-02-09,2
FAC-019,MED-007,2026-02-09,11
FAC-019,MED-008,2026-02-09,16
FAC-020,MED-001,2026-02-09,8
FAC-020,MED-002,2026-02-09,14
FAC-020,MED-003,2026-02-09,4
FAC-020,MED-004,2026-02-09,8
FAC-020,MED-005,2026-02-09,2
FAC-020,MED-006,2026-02-09,3
FAC-020,MED-007,2026-02-09,6
FAC-020,MED-008,2026-02-09,12
FAC-001,MED-001,2026-02-10,125
FAC-001,MED-002,2026-02-10,173
FAC-001,MED-003,2026-02-10,36
FAC-001,MED-004,2026-02-10,118
FAC-001,MED-005,2026-02-10,68
FAC-001,MED-006,2026-02-10,46
FAC-001,MED-007,2026-02-10,89
FAC-001,MED-008,2026-02-10,114
FAC-002,MED-001,2026-02-10,14
FAC-002,MED-002,2026-02-10,15
FAC-002,MED-003,2026-02-10,4
FAC-002,MED-004,2026-02-10,14
FAC-002,MED-005,2026-02-10,8
FAC-002,MED-006,2026-02-10,3
FAC-002,MED-007,2026-02-10,4
FAC-002,MED-008,2026-02-10,21
FAC-003,MED-001,2026-02-10,8
FAC-003,MED-002,2026-02-10,4
FAC-003,MED-003,2026-02-10,4
FAC-003,MED-004,2026-02-10,5
FAC-003,MED-005,2026-02-10,2
FAC-003,MED-006,2026-02-10,2
FAC-003,MED-007,2026-02-10,4
FAC-003,MED-008,2026-02-10,0
FAC-004,MED-001,2026-02-10,6
FAC-004,MED-002,2026-02-10,22
FAC-004,MED-003,2026-02-10,4
FAC-004,MED-004,2026-02-10,20
FAC-004,MED-005,2026-02-10,5
FAC-004,MED-006,2026-02-10,8
FAC-004,MED-007,2026-02-10,6
FAC-004,MED-008,2026-02-10,13
FAC-005,MED-001,2026-02-10,100
FAC-005,MED-002,2026-02-10,136
FAC-005,MED-003,2026-02-10,32
FAC-005,MED-004,2026-02-10,85
FAC-005,MED-005,2026-02-10,49
FAC-005,MED-006,2026-02-10,46
FAC-005,MED-007,2026-02-10,63
FAC-005,MED-008,2026-02-10,117
FAC-006,MED-001,2026-02-10,123
FAC-006,MED-002,2026-02-10,173
FAC-006,MED-003,2026-02-10,33
FAC-006,MED-004,2026-02-10,117
FAC-006,MED-005,2026-02-10,58
FAC-006,MED-006,2026-02-10,39
FAC-006,MED-007,2026-02-10,71
FAC-006,MED-008,2026-02-10,107
FAC-007,MED-001,2026-02-10,7
FAC-007,MED-002,2026-02-10,20
FAC-007,MED-003,2026-02-10,1
FAC-007,MED-004,2026-02-10,8
FAC-007,MED-005,2026-02-10,4
FAC-007,MED-006,2026-02-10,6
FAC-007,MED-007,2026-02-10,5
FAC-007,MED-008,2026-02-10,12
FAC-008,MED-001,2026-02-10,8
FAC-008,MED-002,2026-02-10,8
FAC-008,MED-003,2026-02-10,1
FAC-008,MED-004,2026-02-10,4
FAC-008,MED-005,2026-02-10,2
FAC-008,MED-006,2026-02-10,6
FAC-008,MED-007,2026-02-10,4
FAC-008,MED-008,2026-02-10,5
FAC-009,MED-001,2026-02-10,6
FAC-009,MED-002,2026-02-10,14
FAC-009,MED-003,2026-02-10,3
FAC-009,MED-004,2026-02-10,8
FAC-009,MED-005,2026-02-10,5
FAC-009,MED-006,2026-02-10,2
FAC-009,MED-007,2026-02-10,6
FAC-009,MED-008,2026-02-10,9
FAC-010,MED-001,2026-02-10,8
FAC-010,MED-002,2026-02-10,6
FAC-010,MED-003,2026-02-10,3
FAC-010,MED-004,2026-02-10,6
FAC-010,MED-005,2026-02-10,4
FAC-010,MED-006,2026-02-10,4
FAC-010,MED-007,2026-02-10,2
FAC-010,MED-008,2026-02-10,12
FAC-011,MED-001,2026-02-10,128
FAC-011,MED-002,2026-02-10,159
FAC-011,MED-003,2026-02-10,28
FAC-011,MED-004,2026-02-10,111
FAC-011,MED-005,2026-02-10,58
FAC-011,MED-006,2026-02-10,46
FAC-011,MED-007,2026-02-10,77
FAC-011,MED-008,2026-02-10,102
FAC-012,MED-001,2026-02-10,10
FAC-012,MED-002,2026-02-10,20
FAC-012,MED-003,2026-02-10,3
FAC-012,MED-004,2026-02-10,14
FAC-012,MED-005,2026-02-10,6
FAC-012,MED-006,2026-02-10,8
FAC-012,MED-007,2026-02-10,10
FAC-012,MED-008,2026-02-10,12
FAC-013,MED-001,2026-02-10,3
FAC-013,MED-002,2026-02-10,8
FAC-013,MED-003,2026-02-10,2
FAC-013,MED-004,2026-02-10,2
FAC-013,MED-005,2026-02-10,4
FAC-013,MED-006,2026-02-10,2
FAC-013,MED-007,2026-02-10,2
FAC-013,MED-008,2026-02-10,6
FAC-014,MED-001,2026-02-10,18
FAC-014,MED-002,2026-02-10,11
FAC-014,MED-003,2026-02-10,1
FAC-014,MED-004,2026-02-10,7
FAC-014,MED-005,2026-02-10,7
FAC-014,MED-006,2026-02-10,4
FAC-014,MED-007,2026-02-10,2
FAC-014,MED-008,2026-02-10,14
FAC-015,MED-001,2026-02-10,8
FAC-015,MED-002,2026-02-10,14
FAC-015,MED-003,2026-02-10,7
FAC-015,MED-004,2026-02-10,8
FAC-015,MED-005,2026-02-10,7
FAC-015,MED-006,2026-02-10,2
FAC-015,MED-007,2026-02-10,4
FAC-015,MED-008,2026-02-10,4
FAC-016,MED-001,2026-02-10,139
FAC-016,MED-002,2026-02-10,175
FAC-016,MED-003,2026-02-10,32
FAC-016,MED-004,2026-02-10,104
FAC-016,MED-005,2026-02-10,69
FAC-016,MED-006,2026-02-10,38
FAC-016,MED-007,2026-02-10,88
FAC-016,MED-008,2026-02-10,121
FAC-017,MED-001,2026-02-10,13
FAC-017,MED-002,2026-02-10,21
FAC-017,MED-003,2026-02-10,2
FAC-017,MED-004,2026-02-10,9
FAC-017,MED-005,2026-02-10,3
FAC-017,MED-006,2026-02-10,3
FAC-017,MED-007,2026-02-10,3
FAC-017,MED-008,2026-02-10,12
FAC-018,MED-001,2026-02-10,6
FAC-018,MED-002,2026-02-10,11
FAC-018,MED-003,2026-02-10,5
FAC-018,MED-004,2026-02-10,3
FAC-018,MED-005,2026-02-10,3
FAC-018,MED-006,2026-02-10,2
FAC-018,MED-007,2026-02-10,3
FAC-018,MED-008,2026-02-10,5
FAC-019,MED-001,2026-02-10,11
FAC-019,MED-002,2026-02-10,11
FAC-019,MED-003,2026-02-10,2
FAC-019,MED-004,2026-02-10,8
FAC-019,MED-005,2026-02-10,4
FAC-019,MED-006,2026-02-10,6
FAC-019,MED-007,2026-02-10,8
FAC-019,MED-008,2026-02-10,6
FAC-020,MED-001,2026-02-10,14
FAC-020,MED-002,2026-02-10,10
FAC-020,MED-003,2026-02-10,2
FAC-020,MED-004,2026-02-10,6
FAC-020,MED-005,2026-02-10,9
FAC-020,MED-006,2026-02-10,4
FAC-020,MED-007,2026-02-10,5
FAC-020,MED-008,2026-02-10,10
FAC-001,MED-001,2026-02-11,152
FAC-001,MED-002,2026-02-11,195
FAC-001,MED-003,2026-02-11,33
FAC-001,MED-004,2026-02-11,124
FAC-001,MED-005,2026-02-11,66
FAC-001,MED-006,2026-02-11,42
FAC-001,MED-007,2026-02-11,98
FAC-001,MED-008,2026-02-11,148
FAC-002,MED-001,2026-02-11,14
FAC-002,MED-002,2026-02-11,20
FAC-002,MED-003,2026-02-11,2
FAC-002,MED-004,2026-02-11,12
FAC-002,MED-005,2026-02-11,3
FAC-002,MED-006,2026-02-11,5
FAC-002,MED-007,2026-02-11,8
FAC-002,MED-008,2026-02-11,14
FAC-003,MED-001,2026-02-11,8
FAC-003,MED-002,2026-02-11,10
FAC-003,MED-003,2026-02-11,2
FAC-003,MED-004,2026-02-11,9
FAC-003,MED-005,2026-02-11,0
FAC-003,MED-006,2026-02-11,2
FAC-003,MED-007,2026-02-11,3
FAC-003,MED-008,2026-02-11,0
FAC-004,MED-001,2026-02-11,19
FAC-004,MED-002,2026-02-11,14
FAC-004,MED-003,2026-02-11,4
FAC-004,MED-004,2026-02-11,14
FAC-004,MED-005,2026-02-11,8
FAC-004,MED-006,2026-02-11,4
FAC-004,MED-007,2026-02-11,8
FAC-004,MED-008,2026-02-11,15
FAC-005,MED-001,2026-02-11,109
FAC-005,MED-002,2026-02-11,160
FAC-005,MED-003,2026-02-11,32
FAC-005,MED-004,2026-02-11,100
FAC-005,MED-005,2026-02-11,51
FAC-005,MED-006,2026-02-11,33
FAC-005,MED-007,2026-02-11,71
FAC-005,MED-008,2026-02-11,116
FAC-006,MED-001,2026-02-11,130
FAC-006,MED-002,2026-02-11,263
FAC-006,MED-003,2026-02-11,31
FAC-006,MED-004,2026-02-11,117
FAC-006,MED-005,2026-02-11,63
FAC-006,MED-006,2026-02-11,47
FAC-006,MED-007,2026-02-11,74
FAC-006,MED-008,2026-02-11,119
FAC-007,MED-001,2026-02-11,9
FAC-007,MED-002,2026-02-11,19
FAC-007,MED-003,2026-02-11,1
FAC-007,MED-004,2026-02-11,10
FAC-007,MED-005,2026-02-11,9
FAC-007,MED-006,2026-02-11,4
FAC-007,MED-007,2026-02-11,7
FAC-007,MED-008,2026-02-11,9
FAC-008,MED-001,2026-02-11,7
FAC-008,MED-002,2026-02-11,3
FAC-008,MED-003,2026-02-11,1
FAC-008,MED-004,2026-02-11,7
FAC-008,MED-005,2026-02-11,6
FAC-008,MED-006,2026-02-11,1
FAC-008,MED-007,2026-02-11,4
FAC-008,MED-008,2026-02-11,4
FAC-009,MED-001,2026-02-11,19
FAC-009,MED-002,2026-02-11,14
FAC-009,MED-003,2026-02-11,5
FAC-009,MED-004,2026-02-11,5
FAC-009,MED-005,2026-02-11,6
FAC-009,MED-006,2026-02-11,1
FAC-009,MED-007,2026-02-11,3
FAC-009,MED-008,2026-02-11,13
FAC-010,MED-001,2026-02-11,11
FAC-010,MED-002,2026-02-11,9
FAC-010,MED-003,2026-02-11,1
FAC-010,MED-004,2026-02-11,8
FAC-010,MED-005,2026-02-11,6
FAC-010,MED-006,2026-02-11,3
FAC-010,MED-007,2026-02-11,3
FAC-010,MED-008,2026-02-11,8
FAC-011,MED-001,2026-02-11,134
FAC-011,MED-002,2026-02-11,170
FAC-011,MED-003,2026-02-11,31
FAC-011,MED-004,2026-02-11,115
FAC-011,MED-005,2026-02-11,60
FAC-011,MED-006,2026-02-11,39
FAC-011,MED-007,2026-02-11,65
FAC-011,MED-008,2026-02-11,131
FAC-012,MED-001,2026-02-11,24
FAC-012,MED-002,2026-02-11,19
FAC-012,MED-003,2026-02-11,4
FAC-012,MED-004,2026-02-11,14
FAC-012,MED-005,2026-02-11,15
FAC-012,MED-006,2026-02-11,10
FAC-012,MED-007,2026-02-11,7
FAC-012,MED-008,2026-02-11,12
FAC-013,MED-001,2026-02-11,3
FAC-013,MED-002,2026-02-11,4
FAC-013,MED-003,2026-02-11,6
FAC-013,MED-004,2026-02-11,4
FAC-013,MED-005,2026-02-11,5
FAC-013,MED-006,2026-02-11,1
FAC-013,MED-007,2026-02-11,1
FAC-013,MED-008,2026-02-11,8
FAC-014,MED-001,2026-02-11,8
FAC-014,MED-002,2026-02-11,16
FAC-014,MED-003,2026-02-11,7
FAC-014,MED-004,2026-02-11,11
FAC-014,MED-005,2026-02-11,6
FAC-014,MED-006,2026-02-11,2
FAC-014,MED-007,2026-02-11,10
FAC-014,MED-008,2026-02-11,10
FAC-015,MED-001,2026-02-11,9
FAC-015,MED-002,2026-02-11,13
FAC-015,MED-003,2026-02-11,1
FAC-015,MED-004,2026-02-11,9
FAC-015,MED-005,2026-02-11,6
FAC-015,MED-006,2026-02-11,1
FAC-015,MED-007,2026-02-11,2
FAC-015,MED-008,2026-02-11,6
FAC-016,MED-001,2026-02-11,131
FAC-016,MED-002,2026-02-11,190
FAC-016,MED-003,2026-02-11,35
FAC-016,MED-004,2026-02-11,128
FAC-016,MED-005,2026-02-11,61
FAC-016,MED-006,2026-02-11,36
FAC-016,MED-007,2026-02-11,98
FAC-016,MED-008,2026-02-11,119
FAC-017,MED-001,2026-02-11,17
FAC-017,MED-002,2026-02-11,15
FAC-017,MED-003,2026-02-11,7
FAC-017,MED-004,2026-02-11,9
FAC-017,MED-005,2026-02-11,6
FAC-017,MED-006,2026-02-11,5
FAC-017,MED-007,2026-02-11,11
FAC-017,MED-008,2026-02-11,16
FAC-018,MED-001,2026-02-11,6
FAC-018,MED-002,2026-02-11,6
FAC-018,MED-003,2026-02-11,1
FAC-018,MED-004,2026-02-11,3
FAC-018,MED-005,2026-02-11,3
FAC-018,MED-006,2026-02-11,4
FAC-018,MED-007,2026-02-11,2
FAC-018,MED-008,2026-02-11,4
FAC-019,MED-001,2026-02-11,20
FAC-019,MED-002,2026-02-11,14
FAC-019,MED-003,2026-02-11,1
FAC-019,MED-004,2026-02-11,13
FAC-019,MED-005,2026-02-11,9
FAC-019,MED-006,2026-02-11,4
FAC-019,MED-007,2026-02-11,5
FAC-019,MED-008,2026-02-11,11
FAC-020,MED-001,2026-02-11,9
FAC-020,MED-002,2026-02-11,10
FAC-020,MED-003,2026-02-11,3
FAC-020,MED-004,2026-02-11,7
FAC-020,MED-005,2026-02-11,9
FAC-020,MED-006,2026-02-11,5
FAC-020,MED-007,2026-02-11,6
FAC-020,MED-008,2026-02-11,9
FAC-001,MED-001,2026-02-12,145
FAC-001,MED-002,2026-02-12,173
FAC-001,MED-003,2026-02-12,35
FAC-001,MED-004,2026-02-12,139
FAC-001,MED-005,2026-02-12,77
FAC-001,MED-006,2026-02-12,51
FAC-001,MED-007,2026-02-12,91
FAC-001,MED-008,2026-02-12,143
FAC-002,MED-001,2026-02-12,9
FAC-002,MED-002,2026-02-12,12
FAC-002,MED-003,2026-02-12,5
FAC-002,MED-004,2026-02-12,16
FAC-002,MED-005,2026-02-12,6
FAC-002,MED-006,2026-02-12,7
FAC-002,MED-007,2026-02-12,10
FAC-002,MED-008,2026-02-12,16
FAC-003,MED-001,2026-02-12,3
FAC-003,MED-002,2026-02-12,9
FAC-003,MED-003,2026-02-12,3
FAC-003,MED-004,2026-02-12,7
FAC-003,MED-005,2026-02-12,1
FAC-003,MED-006,2026-02-12,3
FAC-003,MED-007,2026-02-12,4
FAC-003,MED-008,2026-02-12,2
FAC-004,MED-001,2026-02-12,13
FAC-004,MED-002,2026-02-12,19
FAC-004,MED-003,2026-02-12,5
FAC-004,MED-004,2026-02-12,14
FAC-004,MED-005,2026-02-12,10
FAC-004,MED-006,2026-02-12,6
FAC-004,MED-007,2026-02-12,8
FAC-004,MED-008,2026-02-12,11
FAC-005,MED-001,2026-02-12,114
FAC-005,MED-002,2026-02-12,133
FAC-005,MED-003,2026-02-12,32
FAC-005,MED-004,2026-02-12,120
FAC-005,MED-005,2026-02-12,55
FAC-005,MED-006,2026-02-12,41
FAC-005,MED-007,2026-02-12,71
FAC-005,MED-008,2026-02-12,104
FAC-006,MED-001,2026-02-12,141
FAC-006,MED-002,2026-02-12,167
FAC-006,MED-003,2026-02-12,46
FAC-006,MED-004,2026-02-12,115
FAC-006,MED-005,2026-02-12,66
FAC-006,MED-006,2026-02-12,40
FAC-006,MED-007,2026-02-12,62
FAC-006,MED-008,2026-02-12,103
FAC-007,MED-001,2026-02-12,9
FAC-007,MED-002,2026-02-12,16
FAC-007,MED-003,2026-02-12,3
FAC-007,MED-004,2026-02-12,13
FAC-007,MED-005,2026-02-12,7
FAC-007,MED-006,2026-02-12,4
FAC-007,MED-007,2026-02-12,9
FAC-007,MED-008,2026-02-12,15
FAC-008,MED-001,2026-02-12,6
FAC-008,MED-002,2026-02-12,9
FAC-008,MED-003,2026-02-12,6
FAC-008,MED-004,2026-02-12,8
FAC-008,MED-005,2026-02-12,3
FAC-008,MED-006,2026-02-12,6
FAC-008,MED-007,2026-02-12,2
FAC-008,MED-008,2026-02-12,9
FAC-009,MED-001,2026-02-12,10
FAC-009,MED-002,2026-02-12,11
FAC-009,MED-003,2026-02-12,5
FAC-009,MED-004,2026-02-12,9
FAC-009,MED-005,2026-02-12,4
FAC-009,MED-006,2026-02-12,4
FAC-009,MED-007,2026-02-12,3
FAC-009,MED-008,2026-02-12,6
FAC-010,MED-001,2026-02-12,11
FAC-010,MED-002,2026-02-12,11
FAC-010,MED-003,2026-02-12,1
FAC-010,MED-004,2026-02-12,7
FAC-010,MED-005,2026-02-12,4
FAC-010,MED-006,2026-02-12,5
FAC-010,MED-007,2026-02-12,5
FAC-010,MED-008,2026-02-12,6
FAC-011,MED-001,2026-02-12,126
FAC-011,MED-002,2026-02-12,143
FAC-011,MED-003,2026-02-12,23
FAC-011,MED-004,2026-02-12,111
FAC-011,MED-005,2026-02-12,53
FAC-011,MED-006,2026-02-12,37
FAC-011,MED-007,2026-02-12,75
FAC-011,MED-008,2026-02-12,111
FAC-012,MED-001,2026-02-12,18
FAC-012,MED-002,2026-02-12,15
FAC-012,MED-003,2026-02-12,8
FAC-012,MED-004,2026-02-12,13
FAC-012,MED-005,2026-02-12,4
FAC-012,MED-006,2026-02-12,8
FAC-012,MED-007,2026-02-12,6
FAC-012,MED-008,2026-02-12,10
FAC-013,MED-001,2026-02-12,1
FAC-013,MED-002,2026-02-12,5
FAC-013,MED-003,2026-02-12,1
FAC-013,MED-004,2026-02-12,9
FAC-013,MED-005,2026-02-12,4
FAC-013,MED-006,2026-02-12,3
FAC-013,MED-007,2026-02-12,2
FAC-013,MED-008,2026-02-12,5
FAC-014,MED-001,2026-02-12,11
FAC-014,MED-002,2026-02-12,13
FAC-014,MED-003,2026-02-12,7
FAC-014,MED-004,2026-02-12,12
FAC-014,MED-005,2026-02-12,4
FAC-014,MED-006,2026-02-12,6
FAC-014,MED-007,2026-02-12,2
FAC-014,MED-008,2026-02-12,13
FAC-015,MED-001,2026-02-12,9
FAC-015,MED-002,2026-02-12,9
FAC-015,MED-003,2026-02-12,2
FAC-015,MED-004,2026-02-12,2
FAC-015,MED-005,2026-02-12,3
FAC-015,MED-006,2026-02-12,1
FAC-015,MED-007,2026-02-12,4
FAC-015,MED-008,2026-02-12,8
FAC-016,MED-001,2026-02-12,145
FAC-016,MED-002,2026-02-12,155
FAC-016,MED-003,2026-02-12,31
FAC-016,MED-004,2026-02-12,110
FAC-016,MED-005,2026-02-12,71
FAC-016,MED-006,2026-02-12,46
FAC-016,MED-007,2026-02-12,78
FAC-016,MED-008,2026-02-12,134
FAC-017,MED-001,2026-02-12,20
FAC-017,MED-002,2026-02-12,25
FAC-017,MED-003,2026-02-12,4
FAC-017,MED-004,2026-02-12,12
FAC-017,MED-005,2026-02-12,10
FAC-017,MED-006,2026-02-12,5
FAC-017,MED-007,2026-02-12,10
FAC-017,MED-008,2026-02-12,11
FAC-018,MED-001,2026-02-12,7
FAC-018,MED-002,2026-02-12,5
FAC-018,MED-003,2026-02-12,4
FAC-018,MED-004,2026-02-12,5
FAC-018,MED-005,2026-02-12,1
FAC-018,MED-006,2026-02-12,2
FAC-018,MED-007,2026-02-12,2
FAC-018,MED-008,2026-02-12,9
FAC-019,MED-001,2026-02-12,10
FAC-019,MED-002,2026-02-12,17
FAC-019,MED-003,2026-02-12,9
FAC-019,MED-004,2026-02-12,10
FAC-019,MED-005,2026-02-12,10
FAC-019,MED-006,2026-02-12,2
FAC-019,MED-007,2026-02-12,7
FAC-019,MED-008,2026-02-12,10
FAC-020,MED-001,2026-02-12,8
FAC-020,MED-002,2026-02-12,17
FAC-020,MED-003,2026-02-12,7
FAC-020,MED-004,2026-02-12,10
FAC-020,MED-005,2026-02-12,11
FAC-020,MED-006,2026-02-12,2
FAC-020,MED-007,2026-02-12,6
FAC-020,MED-008,2026-02-12,6
FAC-001,MED-001,2026-02-13,153
FAC-001,MED-002,2026-02-13,166
FAC-001,MED-003,2026-02-13,31
FAC-001,MED-004,2026-02-13,141
FAC-001,MED-005,2026-02-13,73
FAC-001,MED-006,2026-02-13,50
FAC-001,MED-007,2026-02-13,94
FAC-001,MED-008,2026-02-13,141
FAC-002,MED-001,2026-02-13,16
FAC-002,MED-002,2026-02-13,13
FAC-002,MED-003,2026-02-13,5
FAC-002,MED-004,2026-02-13,11
FAC-002,MED-005,2026-02-13,8
FAC-002,MED-006,2026-02-13,6
FAC-002,MED-007,2026-02-13,11
FAC-002,MED-008,2026-02-13,14
FAC-003,MED-001,2026-02-13,3
FAC-003,MED-002,2026-02-13,8
FAC-003,MED-003,2026-02-13,2
FAC-003,MED-004,2026-02-13,3
FAC-003,MED-005,2026-02-13,8
FAC-003,MED-006,2026-02-13,1
FAC-003,MED-007,2026-02-13,3
FAC-003,MED-008,2026-02-13,3
FAC-004,MED-001,2026-02-13,16
FAC-004,MED-002,2026-02-13,19
FAC-004,MED-003,2026-02-13,2
FAC-004,MED-004,2026-02-13,9
FAC-004,MED-005,2026-02-13,12
FAC-004,MED-006,2026-02-13,3
FAC-004,MED-007,2026-02-13,5
FAC-004,MED-008,2026-02-13,12
FAC-005,MED-001,2026-02-13,120
FAC-005,MED-002,2026-02-13,155
FAC-005,MED-003,2026-02-13,26
FAC-005,MED-004,2026-02-13,89
FAC-005,MED-005,2026-02-13,67
FAC-005,MED-006,2026-02-13,37
FAC-005,MED-007,2026-02-13,65
FAC-005,MED-008,2026-02-13,108
FAC-006,MED-001,2026-02-13,134
FAC-006,MED-002,2026-02-13,149
FAC-006,MED-003,2026-02-13,32
FAC-006,MED-004,2026-02-13,99
FAC-006,MED-005,2026-02-13,72
FAC-006,MED-006,2026-02-13,34
FAC-006,MED-007,2026-02-13,55
FAC-006,MED-008,2026-02-13,112
FAC-007,MED-001,2026-02-13,4
FAC-007,MED-002,2026-02-13,22
FAC-007,MED-003,2026-02-13,4
FAC-007,MED-004,2026-02-13,19
FAC-007,MED-005,2026-02-13,7
FAC-007,MED-006,2026-02-13,5
FAC-007,MED-007,2026-02-13,11
FAC-007,MED-008,2026-02-13,4
FAC-008,MED-001,2026-02-13,6
FAC-008,MED-002,2026-02-13,9
FAC-008,MED-003,2026-02-13,1
FAC-008,MED-004,2026-02-13,6
FAC-008,MED-005,2026-02-13,4
FAC-008,MED-006,2026-02-13,2
FAC-008,MED-007,2026-02-13,3
FAC-008,MED-008,2026-02-13,7
FAC-009,MED-001,2026-02-13,9
FAC-009,MED-002,2026-02-13,14
FAC-009,MED-003,2026-02-13,3
FAC-009,MED-004,2026-02-13,13
FAC-009,MED-005,2026-02-13,6
FAC-009,MED-006,2026-02-13,2
FAC-009,MED-007,2026-02-13,6
FAC-009,MED-008,2026-02-13,14
FAC-010,MED-001,2026-02-13,15
FAC-010,MED-002,2026-02-13,10
FAC-010,MED-003,2026-02-13,0
FAC-010,MED-004,2026-02-13,8
FAC-010,MED-005,2026-02-13,7
FAC-010,MED-006,2026-02-13,6
FAC-010,MED-007,2026-02-13,5
FAC-010,MED-008,2026-02-13,6
FAC-011,MED-001,2026-02-13,111
FAC-011,MED-002,2026-02-13,157
FAC-011,MED-003,2026-02-13,22
FAC-011,MED-004,2026-02-13,86
FAC-011,MED-005,2026-02-13,58
FAC-011,MED-006,2026-02-13,37
FAC-011,MED-007,2026-02-13,67
FAC-011,MED-008,2026-02-13,127
FAC-012,MED-001,2026-02-13,15
FAC-012,MED-002,2026-02-13,15
FAC-012,MED-003,2026-02-13,5
FAC-012,MED-004,2026-02-13,7
FAC-012,MED-005,2026-02-13,5
FAC-012,MED-006,2026-02-13,3
FAC-012,MED-007,2026-02-13,6
FAC-012,MED-008,2026-02-13,8
FAC-013,MED-001,2026-02-13,7
FAC-013,MED-002,2026-02-13,10
FAC-013,MED-003,2026-02-13,2
FAC-013,MED-004,2026-02-13,4
FAC-013,MED-005,2026-02-13,2
FAC-013,MED-006,2026-02-13,0
FAC-013,MED-007,2026-02-13,1
FAC-013,MED-008,2026-02-13,5
FAC-014,MED-001,2026-02-13,11
FAC-014,MED-002,2026-02-13,9
FAC-014,MED-003,2026-02-13,4
FAC-014,MED-004,2026-02-13,8
FAC-014,MED-005,2026-02-13,6
FAC-014,MED-006,2026-02-13,2
FAC-014,MED-007,2026-02-13,4
FAC-014,MED-008,2026-02-13,9
FAC-015,MED-001,2026-02-13,8
FAC-015,MED-002,2026-02-13,14
FAC-015,MED-003,2026-02-13,4
FAC-015,MED-004,2026-02-13,8
FAC-015,MED-005,2026-02-13,1
FAC-015,MED-006,2026-02-13,4
FAC-015,MED-007,2026-02-13,7
FAC-015,MED-008,2026-02-13,4
FAC-016,MED-001,2026-02-13,128
FAC-016,MED-002,2026-02-13,152
FAC-016,MED-003,2026-02-13,43
FAC-016,MED-004,2026-02-13,109
FAC-016,MED-005,2026-02-13,53
FAC-016,MED-006,2026-02-13,31
FAC-016,MED-007,2026-02-13,66
FAC-016,MED-008,2026-02-13,129
FAC-017,MED-001,2026-02-13,16
FAC-017,MED-002,2026-02-13,12
FAC-017,MED-003,2026-02-13,3
FAC-017,MED-004,2026-02-13,12
FAC-017,MED-005,2026-02-13,4
FAC-017,MED-006,2026-02-13,6
FAC-017,MED-007,2026-02-13,11
FAC-017,MED-008,2026-02-13,10
FAC-018,MED-001,2026-02-13,6
FAC-018,MED-002,2026-02-13,10
FAC-018,MED-003,2026-02-13,2
FAC-018,MED-004,2026-02-13,7
FAC-018,MED-005,2026-02-13,2
FAC-018,MED-006,2026-02-13,2
FAC-018,MED-007,2026-02-13,7
FAC-018,MED-008,2026-02-13,5
FAC-019,MED-001,2026-02-13,9
FAC-019,MED-002,2026-02-13,11
FAC-019,MED-003,2026-02-13,3
FAC-019,MED-004,2026-02-13,6
FAC-019,MED-005,2026-02-13,5
FAC-019,MED-006,2026-02-13,2
FAC-019,MED-007,2026-02-13,5
FAC-019,MED-008,2026-02-13,9
FAC-020,MED-001,2026-02-13,15
FAC-020,MED-002,2026-02-13,15
FAC-020,MED-003,2026-02-13,2
FAC-020,MED-004,2026-02-13,10
FAC-020,MED-005,2026-02-13,6
FAC-020,MED-006,2026-02-13,4
FAC-020,MED-007,2026-02-13,4
FAC-020,MED-008,2026-02-13,7
FAC-001,MED-001,2026-02-14,156
FAC-001,MED-002,2026-02-14,195
FAC-001,MED-003,2026-02-14,36
FAC-001,MED-004,2026-02-14,102
FAC-001,MED-005,2026-02-14,78
FAC-001,MED-006,2026-02-14,45
FAC-001,MED-007,2026-02-14,65
FAC-001,MED-008,2026-02-14,127
FAC-002,MED-001,2026-02-14,5
FAC-002,MED-002,2026-02-14,10
FAC-002,MED-003,2026-02-14,1
FAC-002,MED-004,2026-02-14,10
FAC-002,MED-005,2026-02-14,4
FAC-002,MED-006,2026-02-14,2
FAC-002,MED-007,2026-02-14,7
FAC-002,MED-008,2026-02-14,15
FAC-003,MED-001,2026-02-14,3
FAC-003,MED-002,2026-02-14,5
FAC-003,MED-003,2026-02-14,3
FAC-003,MED-004,2026-02-14,8
FAC-003,MED-005,2026-02-14,2
FAC-003,MED-006,2026-02-14,3
FAC-003,MED-007,2026-02-14,3
FAC-003,MED-008,2026-02-14,6
FAC-004,MED-001,2026-02-14,10
FAC-004,MED-002,2026-02-14,7
FAC-004,MED-003,2026-02-14,3
FAC-004,MED-004,2026-02-14,6
FAC-004,MED-005,2026-02-14,9
FAC-004,MED-006,2026-02-14,3
FAC-004,MED-007,2026-02-14,5
FAC-004,MED-008,2026-02-14,17
FAC-005,MED-001,2026-02-14,84
FAC-005,MED-002,2026-02-14,116
FAC-005,MED-003,2026-02-14,28
FAC-005,MED-004,2026-02-14,81
FAC-005,MED-005,2026-02-14,54
FAC-005,MED-006,2026-02-14,27
FAC-005,MED-007,2026-02-14,62
FAC-005,MED-008,2026-02-14,82
FAC-006,MED-001,2026-02-14,115
FAC-006,MED-002,2026-02-14,156
FAC-006,MED-003,2026-02-14,35
FAC-006,MED-004,2026-02-14,123
FAC-006,MED-005,2026-02-14,54
FAC-006,MED-006,2026-02-14,42
FAC-006,MED-007,2026-02-14,76
FAC-006,MED-008,2026-02-14,115
FAC-007,MED-001,2026-02-14,7
FAC-007,MED-002,2026-02-14,12
FAC-007,MED-003,2026-02-14,0
FAC-007,MED-004,2026-02-14,8
FAC-007,MED-005,2026-02-14,7
FAC-007,MED-006,2026-02-14,2
FAC-007,MED-007,2026-02-14,5
FAC-007,MED-008,2026-02-14,10
FAC-008,MED-001,2026-02-14,5
FAC-008,MED-002,2026-02-14,5
FAC-008,MED-003,2026-02-14,4
FAC-008,MED-004,2026-02-14,8
FAC-008,MED-005,2026-02-14,1
FAC-008,MED-006,2026-02-14,1
FAC-008,MED-007,2026-02-14,0
FAC-008,MED-008,2026-02-14,6
FAC-009,MED-001,2026-02-14,7
FAC-009,MED-002,2026-02-14,5
FAC-009,MED-003,2026-02-14,1
FAC-009,MED-004,2026-02-14,3
FAC-009,MED-005,2026-02-14,5
FAC-009,MED-006,2026-02-14,3
FAC-009,MED-007,2026-02-14,5
FAC-009,MED-008,2026-02-14,6
FAC-010,MED-001,2026-02-14,5
FAC-010,MED-002,2026-02-14,9
FAC-010,MED-003,2026-02-14,3
FAC-010,MED-004,2026-02-14,2
FAC-010,MED-005,2026-02-14,4
FAC-010,MED-006,2026-02-14,1
FAC-010,MED-007,2026-02-14,11
FAC-010,MED-008,2026-02-14,5
FAC-011,MED-001,2026-02-14,108
FAC-011,MED-002,2026-02-14,154
FAC-011,MED-003,2026-02-14,24
FAC-011,MED-004,2026-02-14,94
FAC-011,MED-005,2026-02-14,48
FAC-011,MED-006,2026-02-14,35
FAC-011,MED-007,2026-02-14,63
FAC-011,MED-008,2026-02-14,100
FAC-012,MED-001,2026-02-14,8
FAC-012,MED-002,2026-02-14,15
FAC-012,MED-003,2026-02-14,1
FAC-012,MED-004,2026-02-14,8
FAC-012,MED-005,2026-02-14,4
FAC-012,MED-006,2026-02-14,1
FAC-012,MED-007,2026-02-14,5
FAC-012,MED-008,2026-02-14,7
FAC-013,MED-001,2026-02-14,5
FAC-013,MED-002,2026-02-14,6
FAC-013,MED-003,2026-02-14,0
FAC-013,MED-004,2026-02-14,4
FAC-013,MED-005,2026-02-14,2
FAC-013,MED-006,2026-02-14,1
FAC-013,MED-007,2026-02-14,5
FAC-013,MED-008,2026-02-14,3
FAC-014,MED-001,2026-02-14,7
FAC-014,MED-002,2026-02-14,9
FAC-014,MED-003,2026-02-14,0
FAC-014,MED-004,2026-02-14,7
FAC-014,MED-005,2026-02-14,2
FAC-014,MED-006,2026-02-14,2
FAC-014,MED-007,2026-02-14,3
FAC-014,MED-008,2026-02-14,11
FAC-015,MED-001,2026-02-14,6
FAC-015,MED-002,2026-02-14,9
FAC-015,MED-003,2026-02-14,3
FAC-015,MED-004,2026-02-14,2
FAC-015,MED-005,2026-02-14,6
FAC-015,MED-006,2026-02-14,4
FAC-015,MED-007,2026-02-14,2
FAC-015,MED-008,2026-02-14,7
FAC-016,MED-001,2026-02-14,144
FAC-016,MED-002,2026-02-14,156
FAC-016,MED-003,2026-02-14,34
FAC-016,MED-004,2026-02-14,193
FAC-016,MED-005,2026-02-14,74
FAC-016,MED-006,2026-02-14,52
FAC-016,MED-007,2026-02-14,90
FAC-016,MED-008,2026-02-14,130
FAC-017,MED-001,2026-02-14,7
FAC-017,MED-002,2026-02-14,8
FAC-017,MED-003,2026-02-14,6
FAC-017,MED-004,2026-02-14,5
FAC-017,MED-005,2026-02-14,4
FAC-017,MED-006,2026-02-14,2
FAC-017,MED-007,2026-02-14,6
FAC-017,MED-008,2026-02-14,3
FAC-018,MED-001,2026-02-14,5
FAC-018,MED-002,2026-02-14,4
FAC-018,MED-003,2026-02-14,5
FAC-018,MED-004,2026-02-14,2
FAC-018,MED-005,2026-02-14,1
FAC-018,MED-006,2026-02-14,1
FAC-018,MED-007,2026-02-14,1
FAC-018,MED-008,2026-02-14,4
FAC-019,MED-001,2026-02-14,7
FAC-019,MED-002,2026-02-14,6
FAC-019,MED-003,2026-02-14,2
FAC-019,MED-004,2026-02-14,2
FAC-019,MED-005,2026-02-14,7
FAC-019,MED-006,2026-02-14,1
FAC-019,MED-007,2026-02-14,3
FAC-019,MED-008,2026-02-14,4
FAC-020,MED-001,2026-02-14,7
FAC-020,MED-002,2026-02-14,8
FAC-020,MED-003,2026-02-14,3
FAC-020,MED-004,2026-02-14,8
FAC-020,MED-005,2026-02-14,3
FAC-020,MED-006,2026-02-14,2
FAC-020,MED-007,2026-02-14,8
FAC-020,MED-008,2026-02-14,9
FAC-001,MED-001,2026-02-15,119
FAC-001,MED-002,2026-02-15,184
FAC-001,MED-003,2026-02-15,38
FAC-001,MED-004,2026-02-15,105
FAC-001,MED-005,2026-02-15,72
FAC-001,MED-006,2026-02-15,41
FAC-001,MED-007,2026-02-15,78
FAC-001,MED-008,2026-02-15,119
FAC-002,MED-001,2026-02-15,17
FAC-002,MED-002,2026-02-15,15
FAC-002,MED-003,2026-02-15,1
FAC-002,MED-004,2026-02-15,8
FAC-002,MED-005,2026-02-15,6
FAC-002,MED-006,2026-02-15,3
FAC-002,MED-007,2026-02-15,5
FAC-002,MED-008,2026-02-15,7
FAC-003,MED-001,2026-02-15,4
FAC-003,MED-002,2026-02-15,7
FAC-003,MED-003,2026-02-15,1
FAC-003,MED-004,2026-02-15,2
FAC-003,MED-005,2026-02-15,1
FAC-003,MED-006,2026-02-15,3
FAC-003,MED-007,2026-02-15,4
FAC-003,MED-008,2026-02-15,5
FAC-004,MED-001,2026-02-15,4
FAC-004,MED-002,2026-02-15,8
FAC-004,MED-003,2026-02-15,1
FAC-004,MED-004,2026-02-15,8
FAC-004,MED-005,2026-02-15,4
FAC-004,MED-006,2026-02-15,6
FAC-004,MED-007,2026-02-15,12
FAC-004,MED-008,2026-02-15,11
FAC-005,MED-001,2026-02-15,115
FAC-005,MED-002,2026-02-15,122
FAC-005,MED-003,2026-02-15,28
FAC-005,MED-004,2026-02-15,78
FAC-005,MED-005,2026-02-15,58
FAC-005,MED-006,2026-02-15,30
FAC-005,MED-007,2026-02-15,79
FAC-005,MED-008,2026-02-15,100
FAC-006,MED-001,2026-02-15,116
FAC-006,MED-002,2026-02-15,158
FAC-006,MED-003,2026-02-15,31
FAC-006,MED-004,2026-02-15,105
FAC-006,MED-005,2026-02-15,53
FAC-006,MED-006,2026-02-15,45
FAC-006,MED-007,2026-02-15,66
FAC-006,MED-008,2026-02-15,113
FAC-007,MED-001,2026-02-15,8
FAC-007,MED-002,2026-02-15,9
FAC-007,MED-003,2026-02-15,1
FAC-007,MED-004,2026-02-15,10
FAC-007,MED-005,2026-02-15,6
FAC-007,MED-006,2026-02-15,2
FAC-007,MED-007,2026-02-15,5
FAC-007,MED-008,2026-02-15,4
FAC-008,MED-001,2026-02-15,9
FAC-008,MED-002,2026-02-15,7
FAC-008,MED-003,2026-02-15,1
FAC-008,MED-004,2026-02-15,5
FAC-008,MED-005,2026-02-15,2
FAC-008,MED-006,2026-02-15,2
FAC-008,MED-007,2026-02-15,3
FAC-008,MED-008,2026-02-15,5
FAC-009,MED-001,2026-02-15,4
FAC-009,MED-002,2026-02-15,13
FAC-009,MED-003,2026-02-15,2
FAC-009,MED-004,2026-02-15,7
FAC-009,MED-005,2026-02-15,3
FAC-009,MED-006,2026-02-15,1
FAC-009,MED-007,2026-02-15,5
FAC-009,MED-008,2026-02-15,8
FAC-010,MED-001,2026-02-15,5
FAC-010,MED-002,2026-02-15,7
FAC-010,MED-003,2026-02-15,1
FAC-010,MED-004,2026-02-15,3
FAC-010,MED-005,2026-02-15,3
FAC-010,MED-006,2026-02-15,0
FAC-010,MED-007,2026-02-15,2
FAC-010,MED-008,2026-02-15,2
FAC-011,MED-001,2026-02-15,117
FAC-011,MED-002,2026-02-15,112
FAC-011,MED-003,2026-02-15,22
FAC-011,MED-004,2026-02-15,100
FAC-011,MED-005,2026-02-15,44
FAC-011,MED-006,2026-02-15,39
FAC-011,MED-007,2026-02-15,74
FAC-011,MED-008,2026-02-15,110
FAC-012,MED-001,2026-02-15,18
FAC-012,MED-002,2026-02-15,14
FAC-012,MED-003,2026-02-15,3
FAC-012,MED-004,2026-02-15,7
FAC-012,MED-005,2026-02-15,6
FAC-012,MED-006,2026-02-15,5
FAC-012,MED-007,2026-02-15,6
FAC-012,MED-008,2026-02-15,11
FAC-013,MED-001,2026-02-15,4
FAC-013,MED-002,2026-02-15,4
FAC-013,MED-003,2026-02-15,3
FAC-013,MED-004,2026-02-15,3
FAC-013,MED-005,2026-02-15,4
FAC-013,MED-006,2026-02-15,3
FAC-013,MED-007,2026-02-15,1
FAC-013,MED-008,2026-02-15,4
FAC-014,MED-001,2026-02-15,6
FAC-014,MED-002,2026-02-15,13
FAC-014,MED-003,2026-02-15,1
FAC-014,MED-004,2026-02-15,8
FAC-014,MED-005,2026-02-15,6
FAC-014,MED-006,2026-02-15,0
FAC-014,MED-007,2026-02-15,6
FAC-014,MED-008,2026-02-15,6
FAC-015,MED-001,2026-02-15,4
FAC-015,MED-002,2026-02-15,11
FAC-015,MED-003,2026-02-15,3
FAC-015,MED-004,2026-02-15,6
FAC-015,MED-005,2026-02-15,3
FAC-015,MED-006,2026-02-15,0
FAC-015,MED-007,2026-02-15,5
FAC-015,MED-008,2026-02-15,4
FAC-016,MED-001,2026-02-15,137
FAC-016,MED-002,2026-02-15,156
FAC-016,MED-003,2026-02-15,34
FAC-016,MED-004,2026-02-15,88
FAC-016,MED-005,2026-02-15,71
FAC-016,MED-006,2026-02-15,42
FAC-016,MED-007,2026-02-15,74
FAC-016,MED-008,2026-02-15,109
FAC-017,MED-001,2026-02-15,7
FAC-017,MED-002,2026-02-15,13
FAC-017,MED-003,2026-02-15,2
FAC-017,MED-004,2026-02-15,8
FAC-017,MED-005,2026-02-15,7
FAC-017,MED-006,2026-02-15,3
FAC-017,MED-007,2026-02-15,3
FAC-017,MED-008,2026-02-15,9
FAC-018,MED-001,2026-02-15,3
FAC-018,MED-002,2026-02-15,5
FAC-018,MED-003,2026-02-15,1
FAC-018,MED-004,2026-02-15,5
FAC-018,MED-005,2026-02-15,2
FAC-018,MED-006,2026-02-15,3
FAC-018,MED-007,2026-02-15,0
FAC-018,MED-008,2026-02-15,5
FAC-019,MED-001,2026-02-15,0
FAC-019,MED-002,2026-02-15,13
FAC-019,MED-003,2026-02-15,5
FAC-019,MED-004,2026-02-15,8
FAC-019,MED-005,2026-02-15,2
FAC-019,MED-006,2026-02-15,3
FAC-019,MED-007,2026-02-15,2
FAC-019,MED-008,2026-02-15,9
FAC-020,MED-001,2026-02-15,7
FAC-020,MED-002,2026-02-15,7
FAC-020,MED-003,2026-02-15,3
FAC-020,MED-004,2026-02-15,3
FAC-020,MED-005,2026-02-15,3
FAC-020,MED-006,2026-02-15,1
FAC-020,MED-007,2026-02-15,3
FAC-020,MED-008,2026-02-15,14
FAC-001,MED-001,2026-02-16,144
FAC-001,MED-002,2026-02-16,200
FAC-001,MED-003,2026-02-16,38
FAC-001,MED-004,2026-02-16,118
FAC-001,MED-005,2026-02-16,78
FAC-001,MED-006,2026-02-16,47
FAC-001,MED-007,2026-02-16,87
FAC-001,MED-008,2026-02-16,147
FAC-002,MED-001,2026-02-16,12
FAC-002,MED-002,2026-02-16,13
FAC-002,MED-003,2026-02-16,6
FAC-002,MED-004,2026-02-16,12
FAC-002,MED-005,2026-02-16,7
FAC-002,MED-006,2026-02-16,9
FAC-002,MED-007,2026-02-16,8
FAC-002,MED-008,2026-02-16,10
FAC-003,MED-001,2026-02-16,3
FAC-003,MED-002,2026-02-16,11
FAC-003,MED-003,2026-02-16,2
FAC-003,MED-004,2026-02-16,6
FAC-003,MED-005,2026-02-16,3
FAC-003,MED-006,2026-02-16,3
FAC-003,MED-007,2026-02-16,4
FAC-003,MED-008,2026-02-16,5
FAC-004,MED-001,2026-02-16,23
FAC-004,MED-002,2026-02-16,26
FAC-004,MED-003,2026-02-16,2
FAC-004,MED-004,2026-02-16,14
FAC-004,MED-005,2026-02-16,10
FAC-004,MED-006,2026-02-16,9
FAC-004,MED-007,2026-02-16,10
FAC-004,MED-008,2026-02-16,9
FAC-005,MED-001,2026-02-16,115
FAC-005,MED-002,2026-02-16,137
FAC-005,MED-003,2026-02-16,30
FAC-005,MED-004,2026-02-16,74
FAC-005,MED-005,2026-02-16,55
FAC-005,MED-006,2026-02-16,45
FAC-005,MED-007,2026-02-16,67
FAC-005,MED-008,2026-02-16,107
FAC-006,MED-001,2026-02-16,102
FAC-006,MED-002,2026-02-16,185
FAC-006,MED-003,2026-02-16,28
FAC-006,MED-004,2026-02-16,101
FAC-006,MED-005,2026-02-16,55
FAC-006,MED-006,2026-02-16,41
FAC-006,MED-007,2026-02-16,65
FAC-006,MED-008,2026-02-16,112
FAC-007,MED-001,2026-02-16,10
FAC-007,MED-002,2026-02-16,16
FAC-007,MED-003,2026-02-16,5
FAC-007,MED-004,2026-02-16,9
FAC-007,MED-005,2026-02-16,10
FAC-007,MED-006,2026-02-16,5
FAC-007,MED-007,2026-02-16,8
FAC-007,MED-008,2026-02-16,6
FAC-008,MED-001,2026-02-16,2
FAC-008,MED-002,2026-02-16,10
FAC-008,MED-003,2026-02-16,2
FAC-008,MED-004,2026-02-16,6
FAC-008,MED-005,2026-02-16,3
FAC-008,MED-006,2026-02-16,4
FAC-008,MED-007,2026-02-16,3
FAC-008,MED-008,2026-02-16,8
FAC-009,MED-001,2026-02-16,12
FAC-009,MED-002,2026-02-16,7
FAC-009,MED-003,2026-02-16,4
FAC-009,MED-004,2026-02-16,12
FAC-009,MED-005,2026-02-16,4
FAC-009,MED-006,2026-02-16,3
FAC-009,MED-007,2026-02-16,5
FAC-009,MED-008,2026-02-16,11
FAC-010,MED-001,2026-02-16,6
FAC-010,MED-002,2026-02-16,13
FAC-010,MED-003,2026-02-16,3
FAC-010,MED-004,2026-02-16,7
FAC-010,MED-005,2026-02-16,6
FAC-010,MED-006,2026-02-16,4
FAC-010,MED-007,2026-02-16,2
FAC-010,MED-008,2026-02-16,8
FAC-011,MED-001,2026-02-16,113
FAC-011,MED-002,2026-02-16,159
FAC-011,MED-003,2026-02-16,28
FAC-011,MED-004,2026-02-16,112
FAC-011,MED-005,2026-02-16,64
FAC-011,MED-006,2026-02-16,43
FAC-011,MED-007,2026-02-16,83
FAC-011,MED-008,2026-02-16,100
FAC-012,MED-001,2026-02-16,22
FAC-012,MED-002,2026-02-16,22
FAC-012,MED-003,2026-02-16,9
FAC-012,MED-004,2026-02-16,20
FAC-012,MED-005,2026-02-16,9
FAC-012,MED-006,2026-02-16,4
FAC-012,MED-007,2026-02-16,8
FAC-012,MED-008,2026-02-16,14
FAC-013,MED-001,2026-02-16,2
FAC-013,MED-002,2026-02-16,5
FAC-013,MED-003,2026-02-16,1
FAC-013,MED-004,2026-02-16,1
FAC-013,MED-005,2026-02-16,3
FAC-013,MED-006,2026-02-16,7
FAC-013,MED-007,2026-02-16,4
FAC-013,MED-008,2026-02-16,3
FAC-014,MED-001,2026-02-16,15
FAC-014,MED-002,2026-02-16,10
FAC-014,MED-003,2026-02-16,1
FAC-014,MED-004,2026-02-16,6
FAC-014,MED-005,2026-02-16,7
FAC-014,MED-006,2026-02-16,4
FAC-014,MED-007,2026-02-16,7
FAC-014,MED-008,2026-02-16,11
FAC-015,MED-001,2026-02-16,8
FAC-015,MED-002,2026-02-16,12
FAC-015,MED-003,2026-02-16,3
FAC-015,MED-004,2026-02-16,5
FAC-015,MED-005,2026-02-16,3
FAC-015,MED-006,2026-02-16,1
FAC-015,MED-007,2026-02-16,10
FAC-015,MED-008,2026-02-16,11
FAC-016,MED-001,2026-02-16,132
FAC-016,MED-002,2026-02-16,175
FAC-016,MED-003,2026-02-16,27
FAC-016,MED-004,2026-02-16,110
FAC-016,MED-005,2026-02-16,59
FAC-016,MED-006,2026-02-16,47
FAC-016,MED-007,2026-02-16,71
FAC-016,MED-008,2026-02-16,141
FAC-017,MED-001,2026-02-16,11
FAC-017,MED-002,2026-02-16,17
FAC-017,MED-003,2026-02-16,3
FAC-017,MED-004,2026-02-16,3
FAC-017,MED-005,2026-02-16,21
FAC-017,MED-006,2026-02-16,2
FAC-017,MED-007,2026-02-16,9
FAC-017,MED-008,2026-02-16,7
FAC-018,MED-001,2026-02-16,4
FAC-018,MED-002,2026-02-16,8
FAC-018,MED-003,2026-02-16,4
FAC-018,MED-004,2026-02-16,2
FAC-018,MED-005,2026-02-16,0
FAC-018,MED-006,2026-02-16,2
FAC-018,MED-007,2026-02-16,5
FAC-018,MED-008,2026-02-16,4
FAC-019,MED-001,2026-02-16,18
FAC-019,MED-002,2026-02-16,19
FAC-019,MED-003,2026-02-16,3
FAC-019,MED-004,2026-02-16,4
FAC-019,MED-005,2026-02-16,7
FAC-019,MED-006,2026-02-16,1
FAC-019,MED-007,2026-02-16,10
FAC-019,MED-008,2026-02-16,10
FAC-020,MED-001,2026-02-16,12
FAC-020,MED-002,2026-02-16,18
FAC-020,MED-003,2026-02-16,4
FAC-020,MED-004,2026-02-16,8
FAC-020,MED-005,2026-02-16,8
FAC-020,MED-006,2026-02-16,2
FAC-020,MED-007,2026-02-16,10
FAC-020,MED-008,2026-02-16,6
FAC-001,MED-001,2026-02-17,133
FAC-001,MED-002,2026-02-17,194
FAC-001,MED-003,2026-02-17,39
FAC-001,MED-004,2026-02-17,129
FAC-001,MED-005,2026-02-17,85
FAC-001,MED-006,2026-02-17,50
FAC-001,MED-007,2026-02-17,105
FAC-001,MED-008,2026-02-17,131
FAC-002,MED-001,2026-02-17,10
FAC-002,MED-002,2026-02-17,18
FAC-002,MED-003,2026-02-17,3
FAC-002,MED-004,2026-02-17,7
FAC-002,MED-005,2026-02-17,6
FAC-002,MED-006,2026-02-17,1
FAC-002,MED-007,2026-02-17,10
FAC-002,MED-008,2026-02-17,7
FAC-003,MED-001,2026-02-17,3
FAC-003,MED-002,2026-02-17,8
FAC-003,MED-003,2026-02-17,3
FAC-003,MED-004,2026-02-17,3
FAC-003,MED-005,2026-02-17,5
FAC-003,MED-006,2026-02-17,2
FAC-003,MED-007,2026-02-17,7
FAC-003,MED-008,2026-02-17,2
FAC-004,MED-001,2026-02-17,17
FAC-004,MED-002,2026-02-17,19
FAC-004,MED-003,2026-02-17,3
FAC-004,MED-004,2026-02-17,15
FAC-004,MED-005,2026-02-17,8
FAC-004,MED-006,2026-02-17,8
FAC-004,MED-007,2026-02-17,6
FAC-004,MED-008,2026-02-17,15
FAC-005,MED-001,2026-02-17,119
FAC-005,MED-002,2026-02-17,134
FAC-005,MED-003,2026-02-17,33
FAC-005,MED-004,2026-02-17,91
FAC-005,MED-005,2026-02-17,54
FAC-005,MED-006,2026-02-17,38
FAC-005,MED-007,2026-02-17,72
FAC-005,MED-008,2026-02-17,104
FAC-006,MED-001,2026-02-17,138
FAC-006,MED-002,2026-02-17,145
FAC-006,MED-003,2026-02-17,28
FAC-006,MED-004,2026-02-17,108
FAC-006,MED-005,2026-02-17,65
FAC-006,MED-006,2026-02-17,38
FAC-006,MED-007,2026-02-17,70
FAC-006,MED-008,2026-02-17,124
FAC-007,MED-001,2026-02-17,15
FAC-007,MED-002,2026-02-17,16
FAC-007,MED-003,2026-02-17,4
FAC-007,MED-004,2026-02-17,10
FAC-007,MED-005,2026-02-17,6
FAC-007,MED-006,2026-02-17,2
FAC-007,MED-007,2026-02-17,2
FAC-007,MED-008,2026-02-17,11
FAC-008,MED-001,2026-02-17,5
FAC-008,MED-002,2026-02-17,6
FAC-008,MED-003,2026-02-17,7
FAC-008,MED-004,2026-02-17,4
FAC-008,MED-005,2026-02-17,2
FAC-008,MED-006,2026-02-17,5
FAC-008,MED-007,2026-02-17,5
FAC-008,MED-008,2026-02-17,2
FAC-009,MED-001,2026-02-17,11
FAC-009,MED-002,2026-02-17,16
FAC-009,MED-003,2026-02-17,2
FAC-009,MED-004,2026-02-17,6
FAC-009,MED-005,2026-02-17,8
FAC-009,MED-006,2026-02-17,5
FAC-009,MED-007,2026-02-17,3
FAC-009,MED-008,2026-02-17,10
FAC-010,MED-001,2026-02-17,8
FAC-010,MED-002,2026-02-17,7
FAC-010,MED-003,2026-02-17,1
FAC-010,MED-004,2026-02-17,9
FAC-010,MED-005,2026-02-17,1
FAC-010,MED-006,2026-02-17,2
FAC-010,MED-007,2026-02-17,10
FAC-010,MED-008,2026-02-17,8
FAC-011,MED-001,2026-02-17,161
FAC-011,MED-002,2026-02-17,132
FAC-011,MED-003,2026-02-17,25
FAC-011,MED-004,2026-02-17,86
FAC-011,MED-005,2026-02-17,63
FAC-011,MED-006,2026-02-17,33
FAC-011,MED-007,2026-02-17,66
FAC-011,MED-008,2026-02-17,123
FAC-012,MED-001,2026-02-17,11
FAC-012,MED-002,2026-02-17,19
FAC-012,MED-003,2026-02-17,3
FAC-012,MED-004,2026-02-17,13
FAC-012,MED-005,2026-02-17,6
FAC-012,MED-006,2026-02-17,4
FAC-012,MED-007,2026-02-17,7
FAC-012,MED-008,2026-02-17,13
FAC-013,MED-001,2026-02-17,6
FAC-013,MED-002,2026-02-17,3
FAC-013,MED-003,2026-02-17,2
FAC-013,MED-004,2026-02-17,4
FAC-013,MED-005,2026-02-17,3
FAC-013,MED-006,2026-02-17,2
FAC-013,MED-007,2026-02-17,3
FAC-013,MED-008,2026-02-17,3
FAC-014,MED-001,2026-02-17,17
FAC-014,MED-002,2026-02-17,15
FAC-014,MED-003,2026-02-17,5
FAC-014,MED-004,2026-02-17,8
FAC-014,MED-005,2026-02-17,1
FAC-014,MED-006,2026-02-17,4
FAC-014,MED-007,2026-02-17,7
FAC-014,MED-008,2026-02-17,13
FAC-015,MED-001,2026-02-17,7
FAC-015,MED-002,2026-02-17,8
FAC-015,MED-003,2026-02-17,3
FAC-015,MED-004,2026-02-17,13
FAC-015,MED-005,2026-02-17,3
FAC-015,MED-006,2026-02-17,2
FAC-015,MED-007,2026-02-17,2
FAC-015,MED-008,2026-02-17,7
FAC-016,MED-001,2026-02-17,139
FAC-016,MED-002,2026-02-17,168
FAC-016,MED-003,2026-02-17,30
FAC-016,MED-004,2026-02-17,144
FAC-016,MED-005,2026-02-17,68
FAC-016,MED-006,2026-02-17,59
FAC-016,MED-007,2026-02-17,82
FAC-016,MED-008,2026-02-17,161
FAC-017,MED-001,2026-02-17,12
FAC-017,MED-002,2026-02-17,16
FAC-017,MED-003,2026-02-17,2
FAC-017,MED-004,2026-02-17,16
FAC-017,MED-005,2026-02-17,3
FAC-017,MED-006,2026-02-17,4
FAC-017,MED-007,2026-02-17,7
FAC-017,MED-008,2026-02-17,10
FAC-018,MED-001,2026-02-17,4
FAC-018,MED-002,2026-02-17,5
FAC-018,MED-003,2026-02-17,3
FAC-018,MED-004,2026-02-17,4
FAC-018,MED-005,2026-02-17,3
FAC-018,MED-006,2026-02-17,1
FAC-018,MED-007,2026-02-17,5
FAC-018,MED-008,2026-02-17,3
FAC-019,MED-001,2026-02-17,9
FAC-019,MED-002,2026-02-17,14
FAC-019,MED-003,2026-02-17,1
FAC-019,MED-004,2026-02-17,12
FAC-019,MED-005,2026-02-17,8
FAC-019,MED-006,2026-02-17,8
FAC-019,MED-007,2026-02-17,6
FAC-019,MED-008,2026-02-17,12
FAC-020,MED-001,2026-02-17,10
FAC-020,MED-002,2026-02-17,14
FAC-020,MED-003,2026-02-17,1
FAC-020,MED-004,2026-02-17,13
FAC-020,MED-005,2026-02-17,6
FAC-020,MED-006,2026-02-17,2
FAC-020,MED-007,2026-02-17,4
FAC-020,MED-008,2026-02-17,7
FAC-001,MED-001,2026-02-18,149
FAC-001,MED-002,2026-02-18,161
FAC-001,MED-003,2026-02-18,35
FAC-001,MED-004,2026-02-18,116
FAC-001,MED-005,2026-02-18,70
FAC-001,MED-006,2026-02-18,47
FAC-001,MED-007,2026-02-18,76
FAC-001,MED-008,2026-02-18,119
FAC-002,MED-001,2026-02-18,13
FAC-002,MED-002,2026-02-18,13
FAC-002,MED-003,2026-02-18,1
FAC-002,MED-004,2026-02-18,22
FAC-002,MED-005,2026-02-18,11
FAC-002,MED-006,2026-02-18,8
FAC-002,MED-007,2026-02-18,12
FAC-002,MED-008,2026-02-18,15
FAC-003,MED-001,2026-02-18,6
FAC-003,MED-002,2026-02-18,7
FAC-003,MED-003,2026-02-18,7
FAC-003,MED-004,2026-02-18,5
FAC-003,MED-005,2026-02-18,1
FAC-003,MED-006,2026-02-18,4
FAC-003,MED-007,2026-02-18,3
FAC-003,MED-008,2026-02-18,7
FAC-004,MED-001,2026-02-18,11
FAC-004,MED-002,2026-02-18,14
FAC-004,MED-003,2026-02-18,3
FAC-004,MED-004,2026-02-18,13
FAC-004,MED-005,2026-02-18,5
FAC-004,MED-006,2026-02-18,0
FAC-004,MED-007,2026-02-18,9
FAC-004,MED-008,2026-02-18,16
FAC-005,MED-001,2026-02-18,125
FAC-005,MED-002,2026-02-18,137
FAC-005,MED-003,2026-02-18,24
FAC-005,MED-004,2026-02-18,79
FAC-005,MED-005,2026-02-18,62
FAC-005,MED-006,2026-02-18,40
FAC-005,MED-007,2026-02-18,65
FAC-005,MED-008,2026-02-18,97
FAC-006,MED-001,2026-02-18,151
FAC-006,MED-002,2026-02-18,155
FAC-006,MED-003,2026-02-18,34
FAC-006,MED-004,2026-02-18,106
FAC-006,MED-005,2026-02-18,92
FAC-006,MED-006,2026-02-18,36
FAC-006,MED-007,2026-02-18,69
FAC-006,MED-008,2026-02-18,118
FAC-007,MED-001,2026-02-18,11
FAC-007,MED-002,2026-02-18,12
FAC-007,MED-003,2026-02-18,0
FAC-007,MED-004,2026-02-18,12
FAC-007,MED-005,2026-02-18,8
FAC-007,MED-006,2026-02-18,3
FAC-007,MED-007,2026-02-18,6
FAC-007,MED-008,2026-02-18,18
FAC-008,MED-001,2026-02-18,6
FAC-008,MED-002,2026-02-18,7
FAC-008,MED-003,2026-02-18,2
FAC-008,MED-004,2026-02-18,7
FAC-008,MED-005,2026-02-18,1
FAC-008,MED-006,2026-02-18,1
FAC-008,MED-007,2026-02-18,4
FAC-008,MED-008,2026-02-18,5
FAC-009,MED-001,2026-02-18,6
FAC-009,MED-002,2026-02-18,6
FAC-009,MED-003,2026-02-18,4
FAC-009,MED-004,2026-02-18,13
FAC-009,MED-005,2026-02-18,5
FAC-009,MED-006,2026-02-18,4
FAC-009,MED-007,2026-02-18,5
FAC-009,MED-008,2026-02-18,9
FAC-010,MED-001,2026-02-18,8
FAC-010,MED-002,2026-02-18,16
FAC-010,MED-003,2026-02-18,3
FAC-010,MED-004,2026-02-18,5
FAC-010,MED-005,2026-02-18,2
FAC-010,MED-006,2026-02-18,1
FAC-010,MED-007,2026-02-18,5
FAC-010,MED-008,2026-02-18,9
FAC-011,MED-001,2026-02-18,124
FAC-011,MED-002,2026-02-18,151
FAC-011,MED-003,2026-02-18,30
FAC-011,MED-004,2026-02-18,116
FAC-011,MED-005,2026-02-18,58
FAC-011,MED-006,2026-02-18,42
FAC-011,MED-007,2026-02-18,73
FAC-011,MED-008,2026-02-18,106
FAC-012,MED-001,2026-02-18,15
FAC-012,MED-002,2026-02-18,14
FAC-012,MED-003,2026-02-18,3
FAC-012,MED-004,2026-02-18,11
FAC-012,MED-005,2026-02-18,9
FAC-012,MED-006,2026-02-18,4
FAC-012,MED-007,2026-02-18,10
FAC-012,MED-008,2026-02-18,12
FAC-013,MED-001,2026-02-18,4
FAC-013,MED-002,2026-02-18,6
FAC-013,MED-003,2026-02-18,4
FAC-013,MED-004,2026-02-18,3
FAC-013,MED-005,2026-02-18,3
FAC-013,MED-006,2026-02-18,1
FAC-013,MED-007,2026-02-18,3
FAC-013,MED-008,2026-02-18,2
FAC-014,MED-001,2026-02-18,9
FAC-014,MED-002,2026-02-18,12
FAC-014,MED-003,2026-02-18,2
FAC-014,MED-004,2026-02-18,9
FAC-014,MED-005,2026-02-18,7
FAC-014,MED-006,2026-02-18,1
FAC-014,MED-007,2026-02-18,8
FAC-014,MED-008,2026-02-18,10
FAC-015,MED-001,2026-02-18,17
FAC-015,MED-002,2026-02-18,8
FAC-015,MED-003,2026-02-18,2
FAC-015,MED-004,2026-02-18,7
FAC-015,MED-005,2026-02-18,7
FAC-015,MED-006,2026-02-18,5
FAC-015,MED-007,2026-02-18,5
FAC-015,MED-008,2026-02-18,18
FAC-016,MED-001,2026-02-18,105
FAC-016,MED-002,2026-02-18,190
FAC-016,MED-003,2026-02-18,40
FAC-016,MED-004,2026-02-18,110
FAC-016,MED-005,2026-02-18,69
FAC-016,MED-006,2026-02-18,45
FAC-016,MED-007,2026-02-18,71
FAC-016,MED-008,2026-02-18,136
FAC-017,MED-001,2026-02-18,15
FAC-017,MED-002,2026-02-18,22
FAC-017,MED-003,2026-02-18,1
FAC-017,MED-004,2026-02-18,14
FAC-017,MED-005,2026-02-18,6
FAC-017,MED-006,2026-02-18,5
FAC-017,MED-007,2026-02-18,7
FAC-017,MED-008,2026-02-18,11
FAC-018,MED-001,2026-02-18,3
FAC-018,MED-002,2026-02-18,8
FAC-018,MED-003,2026-02-18,1
FAC-018,MED-004,2026-02-18,8
FAC-018,MED-005,2026-02-18,3
FAC-018,MED-006,2026-02-18,2
FAC-018,MED-007,2026-02-18,3
FAC-018,MED-008,2026-02-18,7
FAC-019,MED-001,2026-02-18,12
FAC-019,MED-002,2026-02-18,13
FAC-019,MED-003,2026-02-18,6
FAC-019,MED-004,2026-02-18,7
FAC-019,MED-005,2026-02-18,10
FAC-019,MED-006,2026-02-18,3
FAC-019,MED-007,2026-02-18,7
FAC-019,MED-008,2026-02-18,13
FAC-020,MED-001,2026-02-18,10
FAC-020,MED-002,2026-02-18,13
FAC-020,MED-003,2026-02-18,0
FAC-020,MED-004,2026-02-18,10
FAC-020,MED-005,2026-02-18,5
FAC-020,MED-006,2026-02-18,4
FAC-020,MED-007,2026-02-18,6
FAC-020,MED-008,2026-02-18,9
FAC-001,MED-001,2026-02-19,160
FAC-001,MED-002,2026-02-19,174
FAC-001,MED-003,2026-02-19,43
FAC-001,MED-004,2026-02-19,133
FAC-001,MED-005,2026-02-19,74
FAC-001,MED-006,2026-02-19,58
FAC-001,MED-007,2026-02-19,160
FAC-001,MED-008,2026-02-19,114
FAC-002,MED-001,2026-02-19,15
FAC-002,MED-002,2026-02-19,12
FAC-002,MED-003,2026-02-19,5
FAC-002,MED-004,2026-02-19,7
FAC-002,MED-005,2026-02-19,11
FAC-002,MED-006,2026-02-19,4
FAC-002,MED-007,2026-02-19,7
FAC-002,MED-008,2026-02-19,9
FAC-003,MED-001,2026-02-19,3
FAC-003,MED-002,2026-02-19,3
FAC-003,MED-003,2026-02-19,0
FAC-003,MED-004,2026-02-19,3
FAC-003,MED-005,2026-02-19,5
FAC-003,MED-006,2026-02-19,6
FAC-003,MED-007,2026-02-19,0
FAC-003,MED-008,2026-02-19,6
FAC-004,MED-001,2026-02-19,17
FAC-004,MED-002,2026-02-19,27
FAC-004,MED-003,2026-02-19,5
FAC-004,MED-004,2026-02-19,14
FAC-004,MED-005,2026-02-19,10
FAC-004,MED-006,2026-02-19,5
FAC-004,MED-007,2026-02-19,10
FAC-004,MED-008,2026-02-19,16
FAC-005,MED-001,2026-02-19,118
FAC-005,MED-002,2026-02-19,149
FAC-005,MED-003,2026-02-19,33
FAC-005,MED-004,2026-02-19,100
FAC-005,MED-005,2026-02-19,49
FAC-005,MED-006,2026-02-19,44
FAC-005,MED-007,2026-02-19,65
FAC-005,MED-008,2026-02-19,113
FAC-006,MED-001,2026-02-19,124
FAC-006,MED-002,2026-02-19,165
FAC-006,MED-003,2026-02-19,34
FAC-006,MED-004,2026-02-19,94
FAC-006,MED-005,2026-02-19,76
FAC-006,MED-006,2026-02-19,49
FAC-006,MED-007,2026-02-19,75
FAC-006,MED-008,2026-02-19,118
FAC-007,MED-001,2026-02-19,10
FAC-007,MED-002,2026-02-19,10
FAC-007,MED-003,2026-02-19,5
FAC-007,MED-004,2026-02-19,9
FAC-007,MED-005,2026-02-19,4
FAC-007,MED-006,2026-02-19,3
FAC-007,MED-007,2026-02-19,7
FAC-007,MED-008,2026-02-19,12
FAC-008,MED-001,2026-02-19,5
FAC-008,MED-002,2026-02-19,5
FAC-008,MED-003,2026-02-19,4
FAC-008,MED-004,2026-02-19,6
FAC-008,MED-005,2026-02-19,3
FAC-008,MED-006,2026-02-19,5
FAC-008,MED-007,2026-02-19,5
FAC-008,MED-008,2026-02-19,4
FAC-009,MED-001,2026-02-19,6
FAC-009,MED-002,2026-02-19,13
FAC-009,MED-003,2026-02-19,5
FAC-009,MED-004,2026-02-19,5
FAC-009,MED-005,2026-02-19,6
FAC-009,MED-006,2026-02-19,2
FAC-009,MED-007,2026-02-19,5
FAC-009,MED-008,2026-02-19,16
FAC-010,MED-001,2026-02-19,7
FAC-010,MED-002,2026-02-19,7
FAC-010,MED-003,2026-02-19,1
FAC-010,MED-004,2026-02-19,8
FAC-010,MED-005,2026-02-19,4
FAC-010,MED-006,2026-02-19,2
FAC-010,MED-007,2026-02-19,3
FAC-010,MED-008,2026-02-19,7
FAC-011,MED-001,2026-02-19,131
FAC-011,MED-002,2026-02-19,154
FAC-011,MED-003,2026-02-19,23
FAC-011,MED-004,2026-02-19,106
FAC-011,MED-005,2026-02-19,59
FAC-011,MED-006,2026-02-19,36
FAC-011,MED-007,2026-02-19,79
FAC-011,MED-008,2026-02-19,94
FAC-012,MED-001,2026-02-19,14
FAC-012,MED-002,2026-02-19,24
FAC-012,MED-003,2026-02-19,3
FAC-012,MED-004,2026-02-19,5
FAC-012,MED-005,2026-02-19,3
FAC-012,MED-006,2026-02-19,5
FAC-012,MED-007,2026-02-19,9
FAC-012,MED-008,2026-02-19,15
FAC-013,MED-001,2026-02-19,6
FAC-013,MED-002,2026-02-19,3
FAC-013,MED-003,2026-02-19,2
FAC-013,MED-004,2026-02-19,6
FAC-013,MED-005,2026-02-19,4
FAC-013,MED-006,2026-02-19,2
FAC-013,MED-007,2026-02-19,9
FAC-013,MED-008,2026-02-19,6
FAC-014,MED-001,2026-02-19,9
FAC-014,MED-002,2026-02-19,18
FAC-014,MED-003,2026-02-19,2
FAC-014,MED-004,2026-02-19,5
FAC-014,MED-005,2026-02-19,2
FAC-014,MED-006,2026-02-19,2
FAC-014,MED-007,2026-02-19,4
FAC-014,MED-008,2026-02-19,14
FAC-015,MED-001,2026-02-19,6
FAC-015,MED-002,2026-02-19,10
FAC-015,MED-003,2026-02-19,3
FAC-015,MED-004,2026-02-19,6
FAC-015,MED-005,2026-02-19,3
FAC-015,MED-006,2026-02-19,1
FAC-015,MED-007,2026-02-19,6
FAC-015,MED-008,2026-02-19,15
FAC-016,MED-001,2026-02-19,133
FAC-016,MED-002,2026-02-19,146
FAC-016,MED-003,2026-02-19,30
FAC-016,MED-004,2026-02-19,120
FAC-016,MED-005,2026-02-19,74
FAC-016,MED-006,2026-02-19,48
FAC-016,MED-007,2026-02-19,72
FAC-016,MED-008,2026-02-19,142
FAC-017,MED-001,2026-02-19,16
FAC-017,MED-002,2026-02-19,15
FAC-017,MED-003,2026-02-19,1
FAC-017,MED-004,2026-02-19,8
FAC-017,MED-005,2026-02-19,7
FAC-017,MED-006,2026-02-19,11
FAC-017,MED-007,2026-02-19,11
FAC-017,MED-008,2026-02-19,10
FAC-018,MED-001,2026-02-19,6
FAC-018,MED-002,2026-02-19,8
FAC-018,MED-003,2026-02-19,1
FAC-018,MED-004,2026-02-19,3
FAC-018,MED-005,2026-02-19,2
FAC-018,MED-006,2026-02-19,4
FAC-018,MED-007,2026-02-19,5
FAC-018,MED-008,2026-02-19,2
FAC-019,MED-001,2026-02-19,1
FAC-019,MED-002,2026-02-19,12
FAC-019,MED-003,2026-02-19,4
FAC-019,MED-004,2026-02-19,12
FAC-019,MED-005,2026-02-19,2
FAC-019,MED-006,2026-02-19,7
FAC-019,MED-007,2026-02-19,8
FAC-019,MED-008,2026-02-19,15
FAC-020,MED-001,2026-02-19,9
FAC-020,MED-002,2026-02-19,17
FAC-020,MED-003,2026-02-19,0
FAC-020,MED-004,2026-02-19,12
FAC-020,MED-005,2026-02-19,3
FAC-020,MED-006,2026-02-19,3
FAC-020,MED-007,2026-02-19,12
FAC-020,MED-008,2026-02-19,8
FAC-001,MED-001,2026-02-20,119
FAC-001,MED-002,2026-02-20,304
FAC-001,MED-003,2026-02-20,43
FAC-001,MED-004,2026-02-20,115
FAC-001,MED-005,2026-02-20,57
FAC-001,MED-006,2026-02-20,52
FAC-001,MED-007,2026-02-20,77
FAC-001,MED-008,2026-02-20,152
FAC-002,MED-001,2026-02-20,14
FAC-002,MED-002,2026-02-20,16
FAC-002,MED-003,2026-02-20,4
FAC-002,MED-004,2026-02-20,9
FAC-002,MED-005,2026-02-20,8
FAC-002,MED-006,2026-02-20,5
FAC-002,MED-007,2026-02-20,7
FAC-002,MED-008,2026-02-20,16
FAC-003,MED-001,2026-02-20,3
FAC-003,MED-002,2026-02-20,4
FAC-003,MED-003,2026-02-20,0
FAC-003,MED-004,2026-02-20,2
FAC-003,MED-005,2026-02-20,2
FAC-003,MED-006,2026-02-20,2
FAC-003,MED-007,2026-02-20,2
FAC-003,MED-008,2026-02-20,8
FAC-004,MED-001,2026-02-20,19
FAC-004,MED-002,2026-02-20,24
FAC-004,MED-003,2026-02-20,7
FAC-004,MED-004,2026-02-20,12
FAC-004,MED-005,2026-02-20,6
FAC-004,MED-006,2026-02-20,6
FAC-004,MED-007,2026-02-20,9
FAC-004,MED-008,2026-02-20,17
FAC-005,MED-001,2026-02-20,112
FAC-005,MED-002,2026-02-20,253
FAC-005,MED-003,2026-02-20,44
FAC-005,MED-004,2026-02-20,80
FAC-005,MED-005,2026-02-20,62
FAC-005,MED-006,2026-02-20,33
FAC-005,MED-007,2026-02-20,47
FAC-005,MED-008,2026-02-20,99
FAC-006,MED-001,2026-02-20,223
FAC-006,MED-002,2026-02-20,153
FAC-006,MED-003,2026-02-20,41
FAC-006,MED-004,2026-02-20,93
FAC-006,MED-005,2026-02-20,62
FAC-006,MED-006,2026-02-20,33
FAC-006,MED-007,2026-02-20,89
FAC-006,MED-008,2026-02-20,113
FAC-007,MED-001,2026-02-20,7
FAC-007,MED-002,2026-02-20,22
FAC-007,MED-003,2026-02-20,2
FAC-007,MED-004,2026-02-20,7
FAC-007,MED-005,2026-02-20,7
FAC-007,MED-006,2026-02-20,3
FAC-007,MED-007,2026-02-20,10
FAC-007,MED-008,2026-02-20,12
FAC-008,MED-001,2026-02-20,5
FAC-008,MED-002,2026-02-20,4
FAC-008,MED-003,2026-02-20,3
FAC-008,MED-004,2026-02-20,5
FAC-008,MED-005,2026-02-20,3
FAC-008,MED-006,2026-02-20,3
FAC-008,MED-007,2026-02-20,5
FAC-008,MED-008,2026-02-20,3
FAC-009,MED-001,2026-02-20,18
FAC-009,MED-002,2026-02-20,15
FAC-009,MED-003,2026-02-20,8
FAC-009,MED-004,2026-02-20,9
FAC-009,MED-005,2026-02-20,6
FAC-009,MED-006,2026-02-20,0
FAC-009,MED-007,2026-02-20,10
FAC-009,MED-008,2026-02-20,13
FAC-010,MED-001,2026-02-20,5
FAC-010,MED-002,2026-02-20,8
FAC-010,MED-003,2026-02-20,0
FAC-010,MED-004,2026-02-20,3
FAC-010,MED-005,2026-02-20,7
FAC-010,MED-006,2026-02-20,4
FAC-010,MED-007,2026-02-20,1
FAC-010,MED-008,2026-02-20,10
FAC-011,MED-001,2026-02-20,124
FAC-011,MED-002,2026-02-20,140
FAC-011,MED-003,2026-02-20,33
FAC-011,MED-004,2026-02-20,110
FAC-011,MED-005,2026-02-20,63
FAC-011,MED-006,2026-02-20,40
FAC-011,MED-007,2026-02-20,65
FAC-011,MED-008,2026-02-20,96
FAC-012,MED-001,2026-02-20,16
FAC-012,MED-002,2026-02-20,19
FAC-012,MED-003,2026-02-20,2
FAC-012,MED-004,2026-02-20,17
FAC-012,MED-005,2026-02-20,6
FAC-012,MED-006,2026-02-20,4
FAC-012,MED-007,2026-02-20,7
FAC-012,MED-008,2026-02-20,11
FAC-013,MED-001,2026-02-20,6
FAC-013,MED-002,2026-02-20,6
FAC-013,MED-003,2026-02-20,3
FAC-013,MED-004,2026-02-20,6
FAC-013,MED-005,2026-02-20,5
FAC-013,MED-006,2026-02-20,2
FAC-013,MED-007,2026-02-20,6
FAC-013,MED-008,2026-02-20,5
FAC-014,MED-001,2026-02-20,8
FAC-014,MED-002,2026-02-20,22
FAC-014,MED-003,2026-02-20,4
FAC-014,MED-004,2026-02-20,7
FAC-014,MED-005,2026-02-20,7
FAC-014,MED-006,2026-02-20,1
FAC-014,MED-007,2026-02-20,6
FAC-014,MED-008,2026-02-20,6
FAC-015,MED-001,2026-02-20,10
FAC-015,MED-002,2026-02-20,12
FAC-015,MED-003,2026-02-20,3
FAC-015,MED-004,2026-02-20,4
FAC-015,MED-005,2026-02-20,3
FAC-015,MED-006,2026-02-20,5
FAC-015,MED-007,2026-02-20,5
FAC-015,MED-008,2026-02-20,9
FAC-016,MED-001,2026-02-20,148
FAC-016,MED-002,2026-02-20,166
FAC-016,MED-003,2026-02-20,38
FAC-016,MED-004,2026-02-20,111
FAC-016,MED-005,2026-02-20,58
FAC-016,MED-006,2026-02-20,45
FAC-016,MED-007,2026-02-20,65
FAC-016,MED-008,2026-02-20,114
FAC-017,MED-001,2026-02-20,15
FAC-017,MED-002,2026-02-20,21
FAC-017,MED-003,2026-02-20,5
FAC-017,MED-004,2026-02-20,15
FAC-017,MED-005,2026-02-20,3
FAC-017,MED-006,2026-02-20,4
FAC-017,MED-007,2026-02-20,10
FAC-017,MED-008,2026-02-20,10
FAC-018,MED-001,2026-02-20,5
FAC-018,MED-002,2026-02-20,4
FAC-018,MED-003,2026-02-20,3
FAC-018,MED-004,2026-02-20,6
FAC-018,MED-005,2026-02-20,3
FAC-018,MED-006,2026-02-20,2
FAC-018,MED-007,2026-02-20,5
FAC-018,MED-008,2026-02-20,4
FAC-019,MED-001,2026-02-20,8
FAC-019,MED-002,2026-02-20,17
FAC-019,MED-003,2026-02-20,5
FAC-019,MED-004,2026-02-20,15
FAC-019,MED-005,2026-02-20,4
FAC-019,MED-006,2026-02-20,4
FAC-019,MED-007,2026-02-20,4
FAC-019,MED-008,2026-02-20,11
FAC-020,MED-001,2026-02-20,15
FAC-020,MED-002,2026-02-20,11
FAC-020,MED-003,2026-02-20,5
FAC-020,MED-004,2026-02-20,11
FAC-020,MED-005,2026-02-20,4
FAC-020,MED-006,2026-02-20,3
FAC-020,MED-007,2026-02-20,6
FAC-020,MED-008,2026-02-20,9
FAC-001,MED-001,2026-02-21,135
FAC-001,MED-002,2026-02-21,169
FAC-001,MED-003,2026-02-21,41
FAC-001,MED-004,2026-02-21,119
FAC-001,MED-005,2026-02-21,78
FAC-001,MED-006,2026-02-21,63
FAC-001,MED-007,2026-02-21,77
FAC-001,MED-008,2026-02-21,100
FAC-002,MED-001,2026-02-21,16
FAC-002,MED-002,2026-02-21,17
FAC-002,MED-003,2026-02-21,1
FAC-002,MED-004,2026-02-21,11
FAC-002,MED-005,2026-02-21,6
FAC-002,MED-006,2026-02-21,2
FAC-002,MED-007,2026-02-21,6
FAC-002,MED-008,2026-02-21,9
FAC-003,MED-001,2026-02-21,3
FAC-003,MED-002,2026-02-21,5
FAC-003,MED-003,2026-02-21,2
FAC-003,MED-004,2026-02-21,7
FAC-003,MED-005,2026-02-21,0
FAC-003,MED-006,2026-02-21,4
FAC-003,MED-007,2026-02-21,5
FAC-003,MED-008,2026-02-21,4
FAC-004,MED-001,2026-02-21,10
FAC-004,MED-002,2026-02-21,15
FAC-004,MED-003,2026-02-21,4
FAC-004,MED-004,2026-02-21,9
FAC-004,MED-005,2026-02-21,8
FAC-004,MED-006,2026-02-21,3
FAC-004,MED-007,2026-02-21,10
FAC-004,MED-008,2026-02-21,11
FAC-005,MED-001,2026-02-21,108
FAC-005,MED-002,2026-02-21,130
FAC-005,MED-003,2026-02-21,21
FAC-005,MED-004,2026-02-21,95
FAC-005,MED-005,2026-02-21,51
FAC-005,MED-006,2026-02-21,26
FAC-005,MED-007,2026-02-21,52
FAC-005,MED-008,2026-02-21,80
FAC-006,MED-001,2026-02-21,152
FAC-006,MED-002,2026-02-21,136
FAC-006,MED-003,2026-02-21,32
FAC-006,MED-004,2026-02-21,113
FAC-006,MED-005,2026-02-21,66
FAC-006,MED-006,2026-02-21,39
FAC-006,MED-007,2026-02-21,65
FAC-006,MED-008,2026-02-21,118
FAC-007,MED-001,2026-02-21,6
FAC-007,MED-002,2026-02-21,16
FAC-007,MED-003,2026-02-21,3
FAC-007,MED-004,2026-02-21,7
FAC-007,MED-005,2026-02-21,3
FAC-007,MED-006,2026-02-21,1
FAC-007,MED-007,2026-02-21,10
FAC-007,MED-008,2026-02-21,5
FAC-008,MED-001,2026-02-21,3
FAC-008,MED-002,2026-02-21,11
FAC-008,MED-003,2026-02-21,1
FAC-008,MED-004,2026-02-21,4
FAC-008,MED-005,2026-02-21,3
FAC-008,MED-006,2026-02-21,3
FAC-008,MED-007,2026-02-21,1
FAC-008,MED-008,2026-02-21,7
FAC-009,MED-001,2026-02-21,11
FAC-009,MED-002,2026-02-21,4
FAC-009,MED-003,2026-02-21,4
FAC-009,MED-004,2026-02-21,6
FAC-009,MED-005,2026-02-21,3
FAC-009,MED-006,2026-02-21,2
FAC-009,MED-007,2026-02-21,4
FAC-009,MED-008,2026-02-21,6
FAC-010,MED-001,2026-02-21,7
FAC-010,MED-002,2026-02-21,8
FAC-010,MED-003,2026-02-21,4
FAC-010,MED-004,2026-02-21,2
FAC-010,MED-005,2026-02-21,3
FAC-010,MED-006,2026-02-21,3
FAC-010,MED-007,2026-02-21,3
FAC-010,MED-008,2026-02-21,3
FAC-011,MED-001,2026-02-21,125
FAC-011,MED-002,2026-02-21,142
FAC-011,MED-003,2026-02-21,29
FAC-011,MED-004,2026-02-21,90
FAC-011,MED-005,2026-02-21,66
FAC-011,MED-006,2026-02-21,25
FAC-011,MED-007,2026-02-21,73
FAC-011,MED-008,2026-02-21,109
FAC-012,MED-001,2026-02-21,11
FAC-012,MED-002,2026-02-21,8
FAC-012,MED-003,2026-02-21,2
FAC-012,MED-004,2026-02-21,7
FAC-012,MED-005,2026-02-21,9
FAC-012,MED-006,2026-02-21,3
FAC-012,MED-007,2026-02-21,6
FAC-012,MED-008,2026-02-21,10
FAC-013,MED-001,2026-02-21,5
FAC-013,MED-002,2026-02-21,5
FAC-013,MED-003,2026-02-21,2
FAC-013,MED-004,2026-02-21,6
FAC-013,MED-005,2026-02-21,1
FAC-013,MED-006,2026-02-21,3
FAC-013,MED-007,2026-02-21,1
FAC-013,MED-008,2026-02-21,5
FAC-014,MED-001,2026-02-21,13
FAC-014,MED-002,2026-02-21,6
FAC-014,MED-003,2026-02-21,2
FAC-014,MED-004,2026-02-21,5
FAC-014,MED-005,2026-02-21,9
FAC-014,MED-006,2026-02-21,3
FAC-014,MED-007,2026-02-21,2
FAC-014,MED-008,2026-02-21,6
FAC-015,MED-001,2026-02-21,8
FAC-015,MED-002,2026-02-21,4
FAC-015,MED-003,2026-02-21,3
FAC-015,MED-004,2026-02-21,4
FAC-015,MED-005,2026-02-21,2
FAC-015,MED-006,2026-02-21,3
FAC-015,MED-007,2026-02-21,6
FAC-015,MED-008,2026-02-21,7
FAC-016,MED-001,2026-02-21,123
FAC-016,MED-002,2026-02-21,160
FAC-016,MED-003,2026-02-21,27
FAC-016,MED-004,2026-02-21,134
FAC-016,MED-005,2026-02-21,64
FAC-016,MED-006,2026-02-21,42
FAC-016,MED-007,2026-02-21,89
FAC-016,MED-008,2026-02-21,136
FAC-017,MED-001,2026-02-21,8
FAC-017,MED-002,2026-02-21,7
FAC-017,MED-003,2026-02-21,1
FAC-017,MED-004,2026-02-21,6
FAC-017,MED-005,2026-02-21,1
FAC-017,MED-006,2026-02-21,1
FAC-017,MED-007,2026-02-21,3
FAC-017,MED-008,2026-02-21,9
FAC-018,MED-001,2026-02-21,8
FAC-018,MED-002,2026-02-21,6
FAC-018,MED-003,2026-02-21,4
FAC-018,MED-004,2026-02-21,4
FAC-018,MED-005,2026-02-21,2
FAC-018,MED-006,2026-02-21,3
FAC-018,MED-007,2026-02-21,4
FAC-018,MED-008,2026-02-21,5
FAC-019,MED-001,2026-02-21,10
FAC-019,MED-002,2026-02-21,6
FAC-019,MED-003,2026-02-21,2
FAC-019,MED-004,2026-02-21,1
FAC-019,MED-005,2026-02-21,8
FAC-019,MED-006,2026-02-21,3
FAC-019,MED-007,2026-02-21,5
FAC-019,MED-008,2026-02-21,3
FAC-020,MED-001,2026-02-21,9
FAC-020,MED-002,2026-02-21,9
FAC-020,MED-003,2026-02-21,1
FAC-020,MED-004,2026-02-21,4
FAC-020,MED-005,2026-02-21,5
FAC-020,MED-006,2026-02-21,2
FAC-020,MED-007,2026-02-21,5
FAC-020,MED-008,2026-02-21,4
FAC-001,MED-001,2026-02-22,122
FAC-001,MED-002,2026-02-22,166
FAC-001,MED-003,2026-02-22,32
FAC-001,MED-004,2026-02-22,116
FAC-001,MED-005,2026-02-22,57
FAC-001,MED-006,2026-02-22,52
FAC-001,MED-007,2026-02-22,85
FAC-001,MED-008,2026-02-22,123
FAC-002,MED-001,2026-02-22,12
FAC-002,MED-002,2026-02-22,19
FAC-002,MED-003,2026-02-22,7
FAC-002,MED-004,2026-02-22,5
FAC-002,MED-005,2026-02-22,6
FAC-002,MED-006,2026-02-22,4
FAC-002,MED-007,2026-02-22,9
FAC-002,MED-008,2026-02-22,13
FAC-003,MED-001,2026-02-22,9
FAC-003,MED-002,2026-02-22,2
FAC-003,MED-003,2026-02-22,2
FAC-003,MED-004,2026-02-22,2
FAC-003,MED-005,2026-02-22,5
FAC-003,MED-006,2026-02-22,6
FAC-003,MED-007,2026-02-22,1
FAC-003,MED-008,2026-02-22,6
FAC-004,MED-001,2026-02-22,5
FAC-004,MED-002,2026-02-22,14
FAC-004,MED-003,2026-02-22,6
FAC-004,MED-004,2026-02-22,7
FAC-004,MED-005,2026-02-22,4
FAC-004,MED-006,2026-02-22,1
FAC-004,MED-007,2026-02-22,5
FAC-004,MED-008,2026-02-22,13
FAC-005,MED-001,2026-02-22,113
FAC-005,MED-002,2026-02-22,143
FAC-005,MED-003,2026-02-22,26
FAC-005,MED-004,2026-02-22,94
FAC-005,MED-005,2026-02-22,58
FAC-005,MED-006,2026-02-22,37
FAC-005,MED-007,2026-02-22,62
FAC-005,MED-008,2026-02-22,81
FAC-006,MED-001,2026-02-22,128
FAC-006,MED-002,2026-02-22,143
FAC-006,MED-003,2026-02-22,39
FAC-006,MED-004,2026-02-22,112
FAC-006,MED-005,2026-02-22,57
FAC-006,MED-006,2026-02-22,34
FAC-006,MED-007,2026-02-22,68
FAC-006,MED-008,2026-02-22,105
FAC-007,MED-001,2026-02-22,15
FAC-007,MED-002,2026-02-22,11
FAC-007,MED-003,2026-02-22,0
FAC-007,MED-004,2026-02-22,9
FAC-007,MED-005,2026-02-22,5
FAC-007,MED-006,2026-02-22,3
FAC-007,MED-007,2026-02-22,3
FAC-007,MED-008,2026-02-22,9
FAC-008,MED-001,2026-02-22,4
FAC-008,MED-002,2026-02-22,6
FAC-008,MED-003,2026-02-22,4
FAC-008,MED-004,2026-02-22,7
FAC-008,MED-005,2026-02-22,1
FAC-008,MED-006,2026-02-22,4
FAC-008,MED-007,2026-02-22,3
FAC-008,MED-008,2026-02-22,4
FAC-009,MED-001,2026-02-22,8
FAC-009,MED-002,2026-02-22,8
FAC-009,MED-003,2026-02-22,2
FAC-009,MED-004,2026-02-22,5
FAC-009,MED-005,2026-02-22,3
FAC-009,MED-006,2026-02-22,2
FAC-009,MED-007,2026-02-22,8
FAC-009,MED-008,2026-02-22,6
FAC-010,MED-001,2026-02-22,5
FAC-010,MED-002,2026-02-22,4
FAC-010,MED-003,2026-02-22,2
FAC-010,MED-004,2026-02-22,0
FAC-010,MED-005,2026-02-22,0
FAC-010,MED-006,2026-02-22,2
FAC-010,MED-007,2026-02-22,0
FAC-010,MED-008,2026-02-22,3
FAC-011,MED-001,2026-02-22,114
FAC-011,MED-002,2026-02-22,115
FAC-011,MED-003,2026-02-22,27
FAC-011,MED-004,2026-02-22,85
FAC-011,MED-005,2026-02-22,37
FAC-011,MED-006,2026-02-22,37
FAC-011,MED-007,2026-02-22,52
FAC-011,MED-008,2026-02-22,123
FAC-012,MED-001,2026-02-22,8
FAC-012,MED-002,2026-02-22,16
FAC-012,MED-003,2026-02-22,3
FAC-012,MED-004,2026-02-22,6
FAC-012,MED-005,2026-02-22,7
FAC-012,MED-006,2026-02-22,4
FAC-012,MED-007,2026-02-22,4
FAC-012,MED-008,2026-02-22,7
FAC-013,MED-001,2026-02-22,3
FAC-013,MED-002,2026-02-22,2
FAC-013,MED-003,2026-02-22,2
FAC-013,MED-004,2026-02-22,4
FAC-013,MED-005,2026-02-22,3
FAC-013,MED-006,2026-02-22,0
FAC-013,MED-007,2026-02-22,5
FAC-013,MED-008,2026-02-22,4
FAC-014,MED-001,2026-02-22,9
FAC-014,MED-002,2026-02-22,8
FAC-014,MED-003,2026-02-22,2
FAC-014,MED-004,2026-02-22,7
FAC-014,MED-005,2026-02-22,2
FAC-014,MED-006,2026-02-22,4
FAC-014,MED-007,2026-02-22,3
FAC-014,MED-008,2026-02-22,6
FAC-015,MED-001,2026-02-22,5
FAC-015,MED-002,2026-02-22,9
FAC-015,MED-003,2026-02-22,2
FAC-015,MED-004,2026-02-22,1
FAC-015,MED-005,2026-02-22,3
FAC-015,MED-006,2026-02-22,1
FAC-015,MED-007,2026-02-22,0
FAC-015,MED-008,2026-02-22,4
FAC-016,MED-001,2026-02-22,143
FAC-016,MED-002,2026-02-22,188
FAC-016,MED-003,2026-02-22,29
FAC-016,MED-004,2026-02-22,108
FAC-016,MED-005,2026-02-22,95
FAC-016,MED-006,2026-02-22,36
FAC-016,MED-007,2026-02-22,83
FAC-016,MED-008,2026-02-22,119
FAC-017,MED-001,2026-02-22,8
FAC-017,MED-002,2026-02-22,9
FAC-017,MED-003,2026-02-22,1
FAC-017,MED-004,2026-02-22,5
FAC-017,MED-005,2026-02-22,12
FAC-017,MED-006,2026-02-22,2
FAC-017,MED-007,2026-02-22,6
FAC-017,MED-008,2026-02-22,6
FAC-018,MED-001,2026-02-22,3
FAC-018,MED-002,2026-02-22,9
FAC-018,MED-003,2026-02-22,2
FAC-018,MED-004,2026-02-22,1
FAC-018,MED-005,2026-02-22,5
FAC-018,MED-006,2026-02-22,2
FAC-018,MED-007,2026-02-22,0
FAC-018,MED-008,2026-02-22,2
FAC-019,MED-001,2026-02-22,8
FAC-019,MED-002,2026-02-22,5
FAC-019,MED-003,2026-02-22,0
FAC-019,MED-004,2026-02-22,8
FAC-019,MED-005,2026-02-22,4
FAC-019,MED-006,2026-02-22,3
FAC-019,MED-007,2026-02-22,2
FAC-019,MED-008,2026-02-22,4
FAC-020,MED-001,2026-02-22,4
FAC-020,MED-002,2026-02-22,6
FAC-020,MED-003,2026-02-22,2
FAC-020,MED-004,2026-02-22,6
FAC-020,MED-005,2026-02-22,7
FAC-020,MED-006,2026-02-22,1
FAC-020,MED-007,2026-02-22,6
FAC-020,MED-008,2026-02-22,8
FAC-001,MED-001,2026-02-23,146
FAC-001,MED-002,2026-02-23,179
FAC-001,MED-003,2026-02-23,38
FAC-001,MED-004,2026-02-23,130
FAC-001,MED-005,2026-02-23,76
FAC-001,MED-006,2026-02-23,51
FAC-001,MED-007,2026-02-23,91
FAC-001,MED-008,2026-02-23,132
FAC-002,MED-001,2026-02-23,20
FAC-002,MED-002,2026-02-23,18
FAC-002,MED-003,2026-02-23,3
FAC-002,MED-004,2026-02-23,8
FAC-002,MED-005,2026-02-23,10
FAC-002,MED-006,2026-02-23,6
FAC-002,MED-007,2026-02-23,13
FAC-002,MED-008,2026-02-23,11
FAC-003,MED-001,2026-02-23,6
FAC-003,MED-002,2026-02-23,5
FAC-003,MED-003,2026-02-23,6
FAC-003,MED-004,2026-02-23,4
FAC-003,MED-005,2026-02-23,6
FAC-003,MED-006,2026-02-23,1
FAC-003,MED-007,2026-02-23,1
FAC-003,MED-008,2026-02-23,8
FAC-004,MED-001,2026-02-23,14
FAC-004,MED-002,2026-02-23,20
FAC-004,MED-003,2026-02-23,5
FAC-004,MED-004,2026-02-23,14
FAC-004,MED-005,2026-02-23,3
FAC-004,MED-006,2026-02-23,1
FAC-004,MED-007,2026-02-23,13
FAC-004,MED-008,2026-02-23,13
FAC-005,MED-001,2026-02-23,109
FAC-005,MED-002,2026-02-23,138
FAC-005,MED-003,2026-02-23,29
FAC-005,MED-004,2026-02-23,81
FAC-005,MED-005,2026-02-23,50
FAC-005,MED-006,2026-02-23,42
FAC-005,MED-007,2026-02-23,61
FAC-005,MED-008,2026-02-23,98
FAC-006,MED-001,2026-02-23,128
FAC-006,MED-002,2026-02-23,168
FAC-006,MED-003,2026-02-23,32
FAC-006,MED-004,2026-02-23,103
FAC-006,MED-005,2026-02-23,62
FAC-006,MED-006,2026-02-23,31
FAC-006,MED-007,2026-02-23,79
FAC-006,MED-008,2026-02-23,120
FAC-007,MED-001,2026-02-23,12
FAC-007,MED-002,2026-02-23,19
FAC-007,MED-003,2026-02-23,3
FAC-007,MED-004,2026-02-23,12
FAC-007,MED-005,2026-02-23,2
FAC-007,MED-006,2026-02-23,3
FAC-007,MED-007,2026-02-23,5
FAC-007,MED-008,2026-02-23,9
FAC-008,MED-001,2026-02-23,4
FAC-008,MED-002,2026-02-23,7
FAC-008,MED-003,2026-02-23,0
FAC-008,MED-004,2026-02-23,4
FAC-008,MED-005,2026-02-23,5
FAC-008,MED-006,2026-02-23,5
FAC-008,MED-007,2026-02-23,3
FAC-008,MED-008,2026-02-23,0
FAC-009,MED-001,2026-02-23,11
FAC-009,MED-002,2026-02-23,10
FAC-009,MED-003,2026-02-23,4
FAC-009,MED-004,2026-02-23,8
FAC-009,MED-005,2026-02-23,7
FAC-009,MED-006,2026-02-23,5
FAC-009,MED-007,2026-02-23,5
FAC-009,MED-008,2026-02-23,6
FAC-010,MED-001,2026-02-23,6
FAC-010,MED-002,2026-02-23,6
FAC-010,MED-003,2026-02-23,5
FAC-010,MED-004,2026-02-23,10
FAC-010,MED-005,2026-02-23,8
FAC-010,MED-006,2026-02-23,2
FAC-010,MED-007,2026-02-23,3
FAC-010,MED-008,2026-02-23,8
FAC-011,MED-001,2026-02-23,128
FAC-011,MED-002,2026-02-23,150
FAC-011,MED-003,2026-02-23,53
FAC-011,MED-004,2026-02-23,108
FAC-011,MED-005,2026-02-23,53
FAC-011,MED-006,2026-02-23,48
FAC-011,MED-007,2026-02-23,73
FAC-011,MED-008,2026-02-23,125
FAC-012,MED-001,2026-02-23,14
FAC-012,MED-002,2026-02-23,20
FAC-012,MED-003,2026-02-23,4
FAC-012,MED-004,2026-02-23,11
FAC-012,MED-005,2026-02-23,9
FAC-012,MED-006,2026-02-23,2
FAC-012,MED-007,2026-02-23,5
FAC-012,MED-008,2026-02-23,20
FAC-013,MED-001,2026-02-23,5
FAC-013,MED-002,2026-02-23,3
FAC-013,MED-003,2026-02-23,1
FAC-013,MED-004,2026-02-23,1
FAC-013,MED-005,2026-02-23,1
FAC-013,MED-006,2026-02-23,3
FAC-013,MED-007,2026-02-23,1
FAC-013,MED-008,2026-02-23,5
FAC-014,MED-001,2026-02-23,14
FAC-014,MED-002,2026-02-23,17
FAC-014,MED-003,2026-02-23,6
FAC-014,MED-004,2026-02-23,9
FAC-014,MED-005,2026-02-23,3
FAC-014,MED-006,2026-02-23,6
FAC-014,MED-007,2026-02-23,6
FAC-014,MED-008,2026-02-23,8
FAC-015,MED-001,2026-02-23,6
FAC-015,MED-002,2026-02-23,9
FAC-015,MED-003,2026-02-23,3
FAC-015,MED-004,2026-02-23,11
FAC-015,MED-005,2026-02-23,5
FAC-015,MED-006,2026-02-23,6
FAC-015,MED-007,2026-02-23,4
FAC-015,MED-008,2026-02-23,8
FAC-016,MED-001,2026-02-23,128
FAC-016,MED-002,2026-02-23,169
FAC-016,MED-003,2026-02-23,39
FAC-016,MED-004,2026-02-23,101
FAC-016,MED-005,2026-02-23,81
FAC-016,MED-006,2026-02-23,39
FAC-016,MED-007,2026-02-23,78
FAC-016,MED-008,2026-02-23,116
FAC-017,MED-001,2026-02-23,17
FAC-017,MED-002,2026-02-23,24
FAC-017,MED-003,2026-02-23,2
FAC-017,MED-004,2026-02-23,7
FAC-017,MED-005,2026-02-23,7
FAC-017,MED-006,2026-02-23,3
FAC-017,MED-007,2026-02-23,7
FAC-017,MED-008,2026-02-23,10
FAC-018,MED-001,2026-02-23,1
FAC-018,MED-002,2026-02-23,9
FAC-018,MED-003,2026-02-23,1
FAC-018,MED-004,2026-02-23,7
FAC-018,MED-005,2026-02-23,4
FAC-018,MED-006,2026-02-23,3
FAC-018,MED-007,2026-02-23,2
FAC-018,MED-008,2026-02-23,3
FAC-019,MED-001,2026-02-23,13
FAC-019,MED-002,2026-02-23,11
FAC-019,MED-003,2026-02-23,6
FAC-019,MED-004,2026-02-23,11
FAC-019,MED-005,2026-02-23,10
FAC-019,MED-006,2026-02-23,5
FAC-019,MED-007,2026-02-23,11
FAC-019,MED-008,2026-02-23,14
FAC-020,MED-001,2026-02-23,13
FAC-020,MED-002,2026-02-23,22
FAC-020,MED-003,2026-02-23,1
FAC-020,MED-004,2026-02-23,8
FAC-020,MED-005,2026-02-23,6
FAC-020,MED-006,2026-02-23,5
FAC-020,MED-007,2026-02-23,13
FAC-020,MED-008,2026-02-23,10
FAC-001,MED-001,2026-02-24,131
FAC-001,MED-002,2026-02-24,194
FAC-001,MED-003,2026-02-24,42
FAC-001,MED-004,2026-02-24,120
FAC-001,MED-005,2026-02-24,65
FAC-001,MED-006,2026-02-24,62
FAC-001,MED-007,2026-02-24,89
FAC-001,MED-008,2026-02-24,121
FAC-002,MED-001,2026-02-24,18
FAC-002,MED-002,2026-02-24,19
FAC-002,MED-003,2026-02-24,1
FAC-002,MED-004,2026-02-24,15
FAC-002,MED-005,2026-02-24,5
FAC-002,MED-006,2026-02-24,6
FAC-002,MED-007,2026-02-24,9
FAC-002,MED-008,2026-02-24,13
FAC-003,MED-001,2026-02-24,3
FAC-003,MED-002,2026-02-24,7
FAC-003,MED-003,2026-02-24,3
FAC-003,MED-004,2026-02-24,3
FAC-003,MED-005,2026-02-24,1
FAC-003,MED-006,2026-02-24,3
FAC-003,MED-007,2026-02-24,5
FAC-003,MED-008,2026-02-24,5
FAC-004,MED-001,2026-02-24,16
FAC-004,MED-002,2026-02-24,18
FAC-004,MED-003,2026-02-24,6
FAC-004,MED-004,2026-02-24,11
FAC-004,MED-005,2026-02-24,10
FAC-004,MED-006,2026-02-24,8
FAC-004,MED-007,2026-02-24,8
FAC-004,MED-008,2026-02-24,14
FAC-005,MED-001,2026-02-24,124
FAC-005,MED-002,2026-02-24,140
FAC-005,MED-003,2026-02-24,31
FAC-005,MED-004,2026-02-24,112
FAC-005,MED-005,2026-02-24,49
FAC-005,MED-006,2026-02-24,34
FAC-005,MED-007,2026-02-24,60
FAC-005,MED-008,2026-02-24,100
FAC-006,MED-001,2026-02-24,185
FAC-006,MED-002,2026-02-24,173
FAC-006,MED-003,2026-02-24,21
FAC-006,MED-004,2026-02-24,104
FAC-006,MED-005,2026-02-24,64
FAC-006,MED-006,2026-02-24,41
FAC-006,MED-007,2026-02-24,75
FAC-006,MED-008,2026-02-24,112
FAC-007,MED-001,2026-02-24,13
FAC-007,MED-002,2026-02-24,14
FAC-007,MED-003,2026-02-24,3
FAC-007,MED-004,2026-02-24,8
FAC-007,MED-005,2026-02-24,11
FAC-007,MED-006,2026-02-24,7
FAC-007,MED-007,2026-02-24,7
FAC-007,MED-008,2026-02-24,13
FAC-008,MED-001,2026-02-24,9
FAC-008,MED-002,2026-02-24,10
FAC-008,MED-003,2026-02-24,2
FAC-008,MED-004,2026-02-24,2
FAC-008,MED-005,2026-02-24,2
FAC-008,MED-006,2026-02-24,3
FAC-008,MED-007,2026-02-24,5
FAC-008,MED-008,2026-02-24,7
FAC-009,MED-001,2026-02-24,10
FAC-009,MED-002,2026-02-24,11
FAC-009,MED-003,2026-02-24,5
FAC-009,MED-004,2026-02-24,7
FAC-009,MED-005,2026-02-24,9
FAC-009,MED-006,2026-02-24,3
FAC-009,MED-007,2026-02-24,0
FAC-009,MED-008,2026-02-24,7
FAC-010,MED-001,2026-02-24,7
FAC-010,MED-002,2026-02-24,10
FAC-010,MED-003,2026-02-24,1
FAC-010,MED-004,2026-02-24,6
FAC-010,MED-005,2026-02-24,2
FAC-010,MED-006,2026-02-24,3
FAC-010,MED-007,2026-02-24,2
FAC-010,MED-008,2026-02-24,7
FAC-011,MED-001,2026-02-24,121
FAC-011,MED-002,2026-02-24,135
FAC-011,MED-003,2026-02-24,34
FAC-011,MED-004,2026-02-24,110
FAC-011,MED-005,2026-02-24,51
FAC-011,MED-006,2026-02-24,36
FAC-011,MED-007,2026-02-24,71
FAC-011,MED-008,2026-02-24,108
FAC-012,MED-001,2026-02-24,16
FAC-012,MED-002,2026-02-24,20
FAC-012,MED-003,2026-02-24,4
FAC-012,MED-004,2026-02-24,13
FAC-012,MED-005,2026-02-24,11
FAC-012,MED-006,2026-02-24,6
FAC-012,MED-007,2026-02-24,11
FAC-012,MED-008,2026-02-24,12
FAC-013,MED-001,2026-02-24,2
FAC-013,MED-002,2026-02-24,4
FAC-013,MED-003,2026-02-24,3
FAC-013,MED-004,2026-02-24,6
FAC-013,MED-005,2026-02-24,2
FAC-013,MED-006,2026-02-24,2
FAC-013,MED-007,2026-02-24,6
FAC-013,MED-008,2026-02-24,1
FAC-014,MED-001,2026-02-24,6
FAC-014,MED-002,2026-02-24,13
FAC-014,MED-003,2026-02-24,6
FAC-014,MED-004,2026-02-24,8
FAC-014,MED-005,2026-02-24,5
FAC-014,MED-006,2026-02-24,4
FAC-014,MED-007,2026-02-24,5
FAC-014,MED-008,2026-02-24,17
FAC-015,MED-001,2026-02-24,5
FAC-015,MED-002,2026-02-24,14
FAC-015,MED-003,2026-02-24,3
FAC-015,MED-004,2026-02-24,2
FAC-015,MED-005,2026-02-24,2
FAC-015,MED-006,2026-02-24,3
FAC-015,MED-007,2026-02-24,7
FAC-015,MED-008,2026-02-24,7
FAC-016,MED-001,2026-02-24,140
FAC-016,MED-002,2026-02-24,191
FAC-016,MED-003,2026-02-24,38
FAC-016,MED-004,2026-02-24,110
FAC-016,MED-005,2026-02-24,83
FAC-016,MED-006,2026-02-24,52
FAC-016,MED-007,2026-02-24,76
FAC-016,MED-008,2026-02-24,108
FAC-017,MED-001,2026-02-24,9
FAC-017,MED-002,2026-02-24,19
FAC-017,MED-003,2026-02-24,1
FAC-017,MED-004,2026-02-24,15
FAC-017,MED-005,2026-02-24,9
FAC-017,MED-006,2026-02-24,3
FAC-017,MED-007,2026-02-24,7
FAC-017,MED-008,2026-02-24,14
FAC-018,MED-001,2026-02-24,8
FAC-018,MED-002,2026-02-24,5
FAC-018,MED-003,2026-02-24,3
FAC-018,MED-004,2026-02-24,6
FAC-018,MED-005,2026-02-24,4
FAC-018,MED-006,2026-02-24,5
FAC-018,MED-007,2026-02-24,6
FAC-018,MED-008,2026-02-24,6
FAC-019,MED-001,2026-02-24,7
FAC-019,MED-002,2026-02-24,18
FAC-019,MED-003,2026-02-24,1
FAC-019,MED-004,2026-02-24,9
FAC-019,MED-005,2026-02-24,3
FAC-019,MED-006,2026-02-24,2
FAC-019,MED-007,2026-02-24,8
FAC-019,MED-008,2026-02-24,13
FAC-020,MED-001,2026-02-24,17
FAC-020,MED-002,2026-02-24,14
FAC-020,MED-003,2026-02-24,1
FAC-020,MED-004,2026-02-24,13
FAC-020,MED-005,2026-02-24,1
FAC-020,MED-006,2026-02-24,1
FAC-020,MED-007,2026-02-24,3
FAC-020,MED-008,2026-02-24,5
FAC-001,MED-001,2026-02-25,151
FAC-001,MED-002,2026-02-25,205
FAC-001,MED-003,2026-02-25,32
FAC-001,MED-004,2026-02-25,130
FAC-001,MED-005,2026-02-25,79
FAC-001,MED-006,2026-02-25,51
FAC-001,MED-007,2026-02-25,89
FAC-001,MED-008,2026-02-25,128
FAC-002,MED-001,2026-02-25,13
FAC-002,MED-002,2026-02-25,15
FAC-002,MED-003,2026-02-25,4
FAC-002,MED-004,2026-02-25,11
FAC-002,MED-005,2026-02-25,6
FAC-002,MED-006,2026-02-25,6
FAC-002,MED-007,2026-02-25,7
FAC-002,MED-008,2026-02-25,8
FAC-003,MED-001,2026-02-25,2
FAC-003,MED-002,2026-02-25,12
FAC-003,MED-003,2026-02-25,2
FAC-003,MED-004,2026-02-25,3
FAC-003,MED-005,2026-02-25,2
FAC-003,MED-006,2026-02-25,3
FAC-003,MED-007,2026-02-25,9
FAC-003,MED-008,2026-02-25,5
FAC-004,MED-001,2026-02-25,22
FAC-004,MED-002,2026-02-25,26
FAC-004,MED-003,2026-02-25,10
FAC-004,MED-004,2026-02-25,8
FAC-004,MED-005,2026-02-25,13
FAC-004,MED-006,2026-02-25,5
FAC-004,MED-007,2026-02-25,9
FAC-004,MED-008,2026-02-25,21
FAC-005,MED-001,2026-02-25,96
FAC-005,MED-002,2026-02-25,158
FAC-005,MED-003,2026-02-25,30
FAC-005,MED-004,2026-02-25,102
FAC-005,MED-005,2026-02-25,61
FAC-005,MED-006,2026-02-25,38
FAC-005,MED-007,2026-02-25,71
FAC-005,MED-008,2026-02-25,97
FAC-006,MED-001,2026-02-25,139
FAC-006,MED-002,2026-02-25,176
FAC-006,MED-003,2026-02-25,38
FAC-006,MED-004,2026-02-25,121
FAC-006,MED-005,2026-02-25,70
FAC-006,MED-006,2026-02-25,47
FAC-006,MED-007,2026-02-25,94
FAC-006,MED-008,2026-02-25,103
FAC-007,MED-001,2026-02-25,8
FAC-007,MED-002,2026-02-25,15
FAC-007,MED-003,2026-02-25,7
FAC-007,MED-004,2026-02-25,8
FAC-007,MED-005,2026-02-25,7
FAC-007,MED-006,2026-02-25,2
FAC-007,MED-007,2026-02-25,12
FAC-007,MED-008,2026-02-25,11
FAC-008,MED-001,2026-02-25,3
FAC-008,MED-002,2026-02-25,10
FAC-008,MED-003,2026-02-25,2
FAC-008,MED-004,2026-02-25,4
FAC-008,MED-005,2026-02-25,7
FAC-008,MED-006,2026-02-25,1
FAC-008,MED-007,2026-02-25,12
FAC-008,MED-008,2026-02-25,9
FAC-009,MED-001,2026-02-25,6
FAC-009,MED-002,2026-02-25,11
FAC-009,MED-003,2026-02-25,2
FAC-009,MED-004,2026-02-25,11
FAC-009,MED-005,2026-02-25,7
FAC-009,MED-006,2026-02-25,1
FAC-009,MED-007,2026-02-25,5
FAC-009,MED-008,2026-02-25,11
FAC-010,MED-001,2026-02-25,10
FAC-010,MED-002,2026-02-25,11
FAC-010,MED-003,2026-02-25,2
FAC-010,MED-004,2026-02-25,7
FAC-010,MED-005,2026-02-25,5
FAC-010,MED-006,2026-02-25,4
FAC-010,MED-007,2026-02-25,6
FAC-010,MED-008,2026-02-25,6
FAC-011,MED-001,2026-02-25,119
FAC-011,MED-002,2026-02-25,169
FAC-011,MED-003,2026-02-25,36
FAC-011,MED-004,2026-02-25,106
FAC-011,MED-005,2026-02-25,55
FAC-011,MED-006,2026-02-25,39
FAC-011,MED-007,2026-02-25,75
FAC-011,MED-008,2026-02-25,102
FAC-012,MED-001,2026-02-25,23
FAC-012,MED-002,2026-02-25,21
FAC-012,MED-003,2026-02-25,6
FAC-012,MED-004,2026-02-25,10
FAC-012,MED-005,2026-02-25,7
FAC-012,MED-006,2026-02-25,7
FAC-012,MED-007,2026-02-25,8
FAC-012,MED-008,2026-02-25,12
FAC-013,MED-001,2026-02-25,3
FAC-013,MED-002,2026-02-25,7
FAC-013,MED-003,2026-02-25,6
FAC-013,MED-004,2026-02-25,6
FAC-013,MED-005,2026-02-25,4
FAC-013,MED-006,2026-02-25,2
FAC-013,MED-007,2026-02-25,4
FAC-013,MED-008,2026-02-25,8
FAC-014,MED-001,2026-02-25,7
FAC-014,MED-002,2026-02-25,10
FAC-014,MED-003,2026-02-25,4
FAC-014,MED-004,2026-02-25,8
FAC-014,MED-005,2026-02-25,5
FAC-014,MED-006,2026-02-25,1
FAC-014,MED-007,2026-02-25,8
FAC-014,MED-008,2026-02-25,12
FAC-015,MED-001,2026-02-25,11
FAC-015,MED-002,2026-02-25,12
FAC-015,MED-003,2026-02-25,5
FAC-015,MED-004,2026-02-25,5
FAC-015,MED-005,2026-02-25,5
FAC-015,MED-006,2026-02-25,5
FAC-015,MED-007,2026-02-25,4
FAC-015,MED-008,2026-02-25,5
FAC-016,MED-001,2026-02-25,119
FAC-016,MED-002,2026-02-25,188
FAC-016,MED-003,2026-02-25,40
FAC-016,MED-004,2026-02-25,121
FAC-016,MED-005,2026-02-25,67
FAC-016,MED-006,2026-02-25,33
FAC-016,MED-007,2026-02-25,74
FAC-016,MED-008,2026-02-25,128
FAC-017,MED-001,2026-02-25,15
FAC-017,MED-002,2026-02-25,20
FAC-017,MED-003,2026-02-25,4
FAC-017,MED-004,2026-02-25,10
FAC-017,MED-005,2026-02-25,10
FAC-017,MED-006,2026-02-25,6
FAC-017,MED-007,2026-02-25,9
FAC-017,MED-008,2026-02-25,12
FAC-018,MED-001,2026-02-25,2
FAC-018,MED-002,2026-02-25,7
FAC-018,MED-003,2026-02-25,4
FAC-018,MED-004,2026-02-25,4
FAC-018,MED-005,2026-02-25,4
FAC-018,MED-006,2026-02-25,2
FAC-018,MED-007,2026-02-25,5
FAC-018,MED-008,2026-02-25,1
FAC-019,MED-001,2026-02-25,7
FAC-019,MED-002,2026-02-25,18
FAC-019,MED-003,2026-02-25,5
FAC-019,MED-004,2026-02-25,12
FAC-019,MED-005,2026-02-25,5
FAC-019,MED-006,2026-02-25,2
FAC-019,MED-007,2026-02-25,17
FAC-019,MED-008,2026-02-25,9
FAC-020,MED-001,2026-02-25,8
FAC-020,MED-002,2026-02-25,16
FAC-020,MED-003,2026-02-25,3
FAC-020,MED-004,2026-02-25,5
FAC-020,MED-005,2026-02-25,4
FAC-020,MED-006,2026-02-25,4
FAC-020,MED-007,2026-02-25,6
FAC-020,MED-008,2026-02-25,6
FAC-001,MED-001,2026-02-26,150
FAC-001,MED-002,2026-02-26,174
FAC-001,MED-003,2026-02-26,36
FAC-001,MED-004,2026-02-26,137
FAC-001,MED-005,2026-02-26,92
FAC-001,MED-006,2026-02-26,43
FAC-001,MED-007,2026-02-26,101
FAC-001,MED-008,2026-02-26,112
FAC-002,MED-001,2026-02-26,16
FAC-002,MED-002,2026-02-26,29
FAC-002,MED-003,2026-02-26,3
FAC-002,MED-004,2026-02-26,10
FAC-002,MED-005,2026-02-26,10
FAC-002,MED-006,2026-02-26,9
FAC-002,MED-007,2026-02-26,10
FAC-002,MED-008,2026-02-26,14
FAC-003,MED-001,2026-02-26,7
FAC-003,MED-002,2026-02-26,3
FAC-003,MED-003,2026-02-26,0
FAC-003,MED-004,2026-02-26,4
FAC-003,MED-005,2026-02-26,5
FAC-003,MED-006,2026-02-26,3
FAC-003,MED-007,2026-02-26,4
FAC-003,MED-008,2026-02-26,6
FAC-004,MED-001,2026-02-26,31
FAC-004,MED-002,2026-02-26,23
FAC-004,MED-003,2026-02-26,7
FAC-004,MED-004,2026-02-26,16
FAC-004,MED-005,2026-02-26,8
FAC-004,MED-006,2026-02-26,5
FAC-004,MED-007,2026-02-26,12
FAC-004,MED-008,2026-02-26,30
FAC-005,MED-001,2026-02-26,129
FAC-005,MED-002,2026-02-26,141
FAC-005,MED-003,2026-02-26,29
FAC-005,MED-004,2026-02-26,90
FAC-005,MED-005,2026-02-26,73
FAC-005,MED-006,2026-02-26,31
FAC-005,MED-007,2026-02-26,58
FAC-005,MED-008,2026-02-26,126
FAC-006,MED-001,2026-02-26,142
FAC-006,MED-002,2026-02-26,174
FAC-006,MED-003,2026-02-26,38
FAC-006,MED-004,2026-02-26,102
FAC-006,MED-005,2026-02-26,68
FAC-006,MED-006,2026-02-26,52
FAC-006,MED-007,2026-02-26,69
FAC-006,MED-008,2026-02-26,119
FAC-007,MED-001,2026-02-26,20
FAC-007,MED-002,2026-02-26,18
FAC-007,MED-003,2026-02-26,3
FAC-007,MED-004,2026-02-26,17
FAC-007,MED-005,2026-02-26,7
FAC-007,MED-006,2026-02-26,1
FAC-007,MED-007,2026-02-26,7
FAC-007,MED-008,2026-02-26,11
FAC-008,MED-001,2026-02-26,7
FAC-008,MED-002,2026-02-26,4
FAC-008,MED-003,2026-02-26,2
FAC-008,MED-004,2026-02-26,10
FAC-008,MED-005,2026-02-26,1
FAC-008,MED-006,2026-02-26,2
FAC-008,MED-007,2026-02-26,2
FAC-008,MED-008,2026-02-26,6
FAC-009,MED-001,2026-02-26,8
FAC-009,MED-002,2026-02-26,8
FAC-009,MED-003,2026-02-26,11
FAC-009,MED-004,2026-02-26,11
FAC-009,MED-005,2026-02-26,7
FAC-009,MED-006,2026-02-26,3
FAC-009,MED-007,2026-02-26,5
FAC-009,MED-008,2026-02-26,3
FAC-010,MED-001,2026-02-26,8
FAC-010,MED-002,2026-02-26,10
FAC-010,MED-003,2026-02-26,7
FAC-010,MED-004,2026-02-26,7
FAC-010,MED-005,2026-02-26,2
FAC-010,MED-006,2026-02-26,2
FAC-010,MED-007,2026-02-26,1
FAC-010,MED-008,2026-02-26,8
FAC-011,MED-001,2026-02-26,110
FAC-011,MED-002,2026-02-26,136
FAC-011,MED-003,2026-02-26,23
FAC-011,MED-004,2026-02-26,80
FAC-011,MED-005,2026-02-26,62
FAC-011,MED-006,2026-02-26,39
FAC-011,MED-007,2026-02-26,65
FAC-011,MED-008,2026-02-26,104
FAC-012,MED-001,2026-02-26,14
FAC-012,MED-002,2026-02-26,15
FAC-012,MED-003,2026-02-26,6
FAC-012,MED-004,2026-02-26,19
FAC-012,MED-005,2026-02-26,9
FAC-012,MED-006,2026-02-26,1
FAC-012,MED-007,2026-02-26,7
FAC-012,MED-008,2026-02-26,12
FAC-013,MED-001,2026-02-26,4
FAC-013,MED-002,2026-02-26,6
FAC-013,MED-003,2026-02-26,2
FAC-013,MED-004,2026-02-26,4
FAC-013,MED-005,2026-02-26,3
FAC-013,MED-006,2026-02-26,4
FAC-013,MED-007,2026-02-26,2
FAC-013,MED-008,2026-02-26,6
FAC-014,MED-001,2026-02-26,15
FAC-014,MED-002,2026-02-26,20
FAC-014,MED-003,2026-02-26,3
FAC-014,MED-004,2026-02-26,14
FAC-014,MED-005,2026-02-26,10
FAC-014,MED-006,2026-02-26,0
FAC-014,MED-007,2026-02-26,6
FAC-014,MED-008,2026-02-26,9
FAC-015,MED-001,2026-02-26,10
FAC-015,MED-002,2026-02-26,9
FAC-015,MED-003,2026-02-26,5
FAC-015,MED-004,2026-02-26,9
FAC-015,MED-005,2026-02-26,5
FAC-015,MED-006,2026-02-26,1
FAC-015,MED-007,2026-02-26,6
FAC-015,MED-008,2026-02-26,13
FAC-016,MED-001,2026-02-26,136
FAC-016,MED-002,2026-02-26,173
FAC-016,MED-003,2026-02-26,28
FAC-016,MED-004,2026-02-26,106
FAC-016,MED-005,2026-02-26,72
FAC-016,MED-006,2026-02-26,43
FAC-016,MED-007,2026-02-26,92
FAC-016,MED-008,2026-02-26,135
FAC-017,MED-001,2026-02-26,19
FAC-017,MED-002,2026-02-26,22
FAC-017,MED-003,2026-02-26,4
FAC-017,MED-004,2026-02-26,7
FAC-017,MED-005,2026-02-26,3
FAC-017,MED-006,2026-02-26,8
FAC-017,MED-007,2026-02-26,6
FAC-017,MED-008,2026-02-26,11
FAC-018,MED-001,2026-02-26,8
FAC-018,MED-002,2026-02-26,9
FAC-018,MED-003,2026-02-26,3
FAC-018,MED-004,2026-02-26,6
FAC-018,MED-005,2026-02-26,5
FAC-018,MED-006,2026-02-26,4
FAC-018,MED-007,2026-02-26,3
FAC-018,MED-008,2026-02-26,3
FAC-019,MED-001,2026-02-26,6
FAC-019,MED-002,2026-02-26,10
FAC-019,MED-003,2026-02-26,1
FAC-019,MED-004,2026-02-26,9
FAC-019,MED-005,2026-02-26,7
FAC-019,MED-006,2026-02-26,7
FAC-019,MED-007,2026-02-26,8
FAC-019,MED-008,2026-02-26,19
FAC-020,MED-001,2026-02-26,11
FAC-020,MED-002,2026-02-26,20
FAC-020,MED-003,2026-02-26,2
FAC-020,MED-004,2026-02-26,1
FAC-020,MED-005,2026-02-26,7
FAC-020,MED-006,2026-02-26,2
FAC-020,MED-007,2026-02-26,8
FAC-020,MED-008,2026-02-26,12
FAC-001,MED-001,2026-02-27,151
FAC-001,MED-002,2026-02-27,188
FAC-001,MED-003,2026-02-27,34
FAC-001,MED-004,2026-02-27,131
FAC-001,MED-005,2026-02-27,70
FAC-001,MED-006,2026-02-27,54
FAC-001,MED-007,2026-02-27,102
FAC-001,MED-008,2026-02-27,133
FAC-002,MED-001,2026-02-27,8
FAC-002,MED-002,2026-02-27,10
FAC-002,MED-003,2026-02-27,9
FAC-002,MED-004,2026-02-27,19
FAC-002,MED-005,2026-02-27,2
FAC-002,MED-006,2026-02-27,4
FAC-002,MED-007,2026-02-27,8
FAC-002,MED-008,2026-02-27,14
FAC-003,MED-001,2026-02-27,8
FAC-003,MED-002,2026-02-27,7
FAC-003,MED-003,2026-02-27,2
FAC-003,MED-004,2026-02-27,5
FAC-003,MED-005,2026-02-27,6
FAC-003,MED-006,2026-02-27,7
FAC-003,MED-007,2026-02-27,2
FAC-003,MED-008,2026-02-27,6
FAC-004,MED-001,2026-02-27,11
FAC-004,MED-002,2026-02-27,19
FAC-004,MED-003,2026-02-27,4
FAC-004,MED-004,2026-02-27,12
FAC-004,MED-005,2026-02-27,10
FAC-004,MED-006,2026-02-27,8
FAC-004,MED-007,2026-02-27,12
FAC-004,MED-008,2026-02-27,17
FAC-005,MED-001,2026-02-27,119
FAC-005,MED-002,2026-02-27,130
FAC-005,MED-003,2026-02-27,24
FAC-005,MED-004,2026-02-27,82
FAC-005,MED-005,2026-02-27,59
FAC-005,MED-006,2026-02-27,48
FAC-005,MED-007,2026-02-27,61
FAC-005,MED-008,2026-02-27,97
FAC-006,MED-001,2026-02-27,133
FAC-006,MED-002,2026-02-27,164
FAC-006,MED-003,2026-02-27,36
FAC-006,MED-004,2026-02-27,119
FAC-006,MED-005,2026-02-27,76
FAC-006,MED-006,2026-02-27,46
FAC-006,MED-007,2026-02-27,55
FAC-006,MED-008,2026-02-27,126
FAC-007,MED-001,2026-02-27,12
FAC-007,MED-002,2026-02-27,18
FAC-007,MED-003,2026-02-27,5
FAC-007,MED-004,2026-02-27,13
FAC-007,MED-005,2026-02-27,6
FAC-007,MED-006,2026-02-27,2
FAC-007,MED-007,2026-02-27,10
FAC-007,MED-008,2026-02-27,20
FAC-008,MED-001,2026-02-27,4
FAC-008,MED-002,2026-02-27,6
FAC-008,MED-003,2026-02-27,1
FAC-008,MED-004,2026-02-27,4
FAC-008,MED-005,2026-02-27,4
FAC-008,MED-006,2026-02-27,4
FAC-008,MED-007,2026-02-27,3
FAC-008,MED-008,2026-02-27,4
FAC-009,MED-001,2026-02-27,11
FAC-009,MED-002,2026-02-27,9
FAC-009,MED-003,2026-02-27,2
FAC-009,MED-004,2026-02-27,12
FAC-009,MED-005,2026-02-27,5
FAC-009,MED-006,2026-02-27,4
FAC-009,MED-007,2026-02-27,7
FAC-009,MED-008,2026-02-27,11
FAC-010,MED-001,2026-02-27,11
FAC-010,MED-002,2026-02-27,11
FAC-010,MED-003,2026-02-27,2
FAC-010,MED-004,2026-02-27,6
FAC-010,MED-005,2026-02-27,5
FAC-010,MED-006,2026-02-27,2
FAC-010,MED-007,2026-02-27,6
FAC-010,MED-008,2026-02-27,6
FAC-011,MED-001,2026-02-27,116
FAC-011,MED-002,2026-02-27,156
FAC-011,MED-003,2026-02-27,26
FAC-011,MED-004,2026-02-27,103
FAC-011,MED-005,2026-02-27,69
FAC-011,MED-006,2026-02-27,42
FAC-011,MED-007,2026-02-27,68
FAC-011,MED-008,2026-02-27,108
FAC-012,MED-001,2026-02-27,14
FAC-012,MED-002,2026-02-27,17
FAC-012,MED-003,2026-02-27,3
FAC-012,MED-004,2026-02-27,14
FAC-012,MED-005,2026-02-27,4
FAC-012,MED-006,2026-02-27,6
FAC-012,MED-007,2026-02-27,7
FAC-012,MED-008,2026-02-27,9
FAC-013,MED-001,2026-02-27,6
FAC-013,MED-002,2026-02-27,10
FAC-013,MED-003,2026-02-27,3
FAC-013,MED-004,2026-02-27,5
FAC-013,MED-005,2026-02-27,3
FAC-013,MED-006,2026-02-27,1
FAC-013,MED-007,2026-02-27,8
FAC-013,MED-008,2026-02-27,4
FAC-014,MED-001,2026-02-27,12
FAC-014,MED-002,2026-02-27,11
FAC-014,MED-003,2026-02-27,3
FAC-014,MED-004,2026-02-27,6
FAC-014,MED-005,2026-02-27,3
FAC-014,MED-006,2026-02-27,4
FAC-014,MED-007,2026-02-27,10
FAC-014,MED-008,2026-02-27,11
FAC-015,MED-001,2026-02-27,8
FAC-015,MED-002,2026-02-27,9
FAC-015,MED-003,2026-02-27,3
FAC-015,MED-004,2026-02-27,9
FAC-015,MED-005,2026-02-27,5
FAC-015,MED-006,2026-02-27,6
FAC-015,MED-007,2026-02-27,7
FAC-015,MED-008,2026-02-27,14
FAC-016,MED-001,2026-02-27,126
FAC-016,MED-002,2026-02-27,163
FAC-016,MED-003,2026-02-27,33
FAC-016,MED-004,2026-02-27,99
FAC-016,MED-005,2026-02-27,61
FAC-016,MED-006,2026-02-27,43
FAC-016,MED-007,2026-02-27,73
FAC-016,MED-008,2026-02-27,125
FAC-017,MED-001,2026-02-27,16
FAC-017,MED-002,2026-02-27,19
FAC-017,MED-003,2026-02-27,0
FAC-017,MED-004,2026-02-27,17
FAC-017,MED-005,2026-02-27,4
FAC-017,MED-006,2026-02-27,7
FAC-017,MED-007,2026-02-27,12
FAC-017,MED-008,2026-02-27,15
FAC-018,MED-001,2026-02-27,4
FAC-018,MED-002,2026-02-27,7
FAC-018,MED-003,2026-02-27,4
FAC-018,MED-004,2026-02-27,4
FAC-018,MED-005,2026-02-27,2
FAC-018,MED-006,2026-02-27,2
FAC-018,MED-007,2026-02-27,3
FAC-018,MED-008,2026-02-27,4
FAC-019,MED-001,2026-02-27,9
FAC-019,MED-002,2026-02-27,17
FAC-019,MED-003,2026-02-27,7
FAC-019,MED-004,2026-02-27,9
FAC-019,MED-005,2026-02-27,9
FAC-019,MED-006,2026-02-27,3
FAC-019,MED-007,2026-02-27,5
FAC-019,MED-008,2026-02-27,10
FAC-020,MED-001,2026-02-27,4
FAC-020,MED-002,2026-02-27,19
FAC-020,MED-003,2026-02-27,2
FAC-020,MED-004,2026-02-27,9
FAC-020,MED-005,2026-02-27,9
FAC-020,MED-006,2026-02-27,4
FAC-020,MED-007,2026-02-27,4
FAC-020,MED-008,2026-02-27,8
FAC-001,MED-001,2026-02-28,135
FAC-001,MED-002,2026-02-28,175
FAC-001,MED-003,2026-02-28,33
FAC-001,MED-004,2026-02-28,117
FAC-001,MED-005,2026-02-28,64
FAC-001,MED-006,2026-02-28,43
FAC-001,MED-007,2026-02-28,82
FAC-001,MED-008,2026-02-28,125
FAC-002,MED-001,2026-02-28,9
FAC-002,MED-002,2026-02-28,9
FAC-002,MED-003,2026-02-28,2
FAC-002,MED-004,2026-02-28,16
FAC-002,MED-005,2026-02-28,3
FAC-002,MED-006,2026-02-28,3
FAC-002,MED-007,2026-02-28,1
FAC-002,MED-008,2026-02-28,6
FAC-003,MED-001,2026-02-28,4
FAC-003,MED-002,2026-02-28,7
FAC-003,MED-003,2026-02-28,0
FAC-003,MED-004,2026-02-28,3
FAC-003,MED-005,2026-02-28,2
FAC-003,MED-006,2026-02-28,0
FAC-003,MED-007,2026-02-28,4
FAC-003,MED-008,2026-02-28,0
FAC-004,MED-001,2026-02-28,14
FAC-004,MED-002,2026-02-28,7
FAC-004,MED-003,2026-02-28,3
FAC-004,MED-004,2026-02-28,10
FAC-004,MED-005,2026-02-28,3
FAC-004,MED-006,2026-02-28,0
FAC-004,MED-007,2026-02-28,6
FAC-004,MED-008,2026-02-28,7
FAC-005,MED-001,2026-02-28,96
FAC-005,MED-002,2026-02-28,131
FAC-005,MED-003,2026-02-28,24
FAC-005,MED-004,2026-02-28,97
FAC-005,MED-005,2026-02-28,46
FAC-005,MED-006,2026-02-28,26
FAC-005,MED-007,2026-02-28,61
FAC-005,MED-008,2026-02-28,126
FAC-006,MED-001,2026-02-28,114
FAC-006,MED-002,2026-02-28,148
FAC-006,MED-003,2026-02-28,27
FAC-006,MED-004,2026-02-28,172
FAC-006,MED-005,2026-02-28,69
FAC-006,MED-006,2026-02-28,35
FAC-006,MED-007,2026-02-28,73
FAC-006,MED-008,2026-02-28,112
FAC-007,MED-001,2026-02-28,9
FAC-007,MED-002,2026-02-28,16
FAC-007,MED-003,2026-02-28,2
FAC-007,MED-004,2026-02-28,16
FAC-007,MED-005,2026-02-28,3
FAC-007,MED-006,2026-02-28,1
FAC-007,MED-007,2026-02-28,5
FAC-007,MED-008,2026-02-28,14
FAC-008,MED-001,2026-02-28,4
FAC-008,MED-002,2026-02-28,4
FAC-008,MED-003,2026-02-28,5
FAC-008,MED-004,2026-02-28,4
FAC-008,MED-005,2026-02-28,5
FAC-008,MED-006,2026-02-28,4
FAC-008,MED-007,2026-02-28,4
FAC-008,MED-008,2026-02-28,5
FAC-009,MED-001,2026-02-28,5
FAC-009,MED-002,2026-02-28,10
FAC-009,MED-003,2026-02-28,0
FAC-009,MED-004,2026-02-28,8
FAC-009,MED-005,2026-02-28,4
FAC-009,MED-006,2026-02-28,3
FAC-009,MED-007,2026-02-28,5
FAC-009,MED-008,2026-02-28,1
FAC-010,MED-001,2026-02-28,11
FAC-010,MED-002,2026-02-28,8
FAC-010,MED-003,2026-02-28,0
FAC-010,MED-004,2026-02-28,2
FAC-010,MED-005,2026-02-28,4
FAC-010,MED-006,2026-02-28,1
FAC-010,MED-007,2026-02-28,4
FAC-010,MED-008,2026-02-28,2
FAC-011,MED-001,2026-02-28,97
FAC-011,MED-002,2026-02-28,155
FAC-011,MED-003,2026-02-28,21
FAC-011,MED-004,2026-02-28,79
FAC-011,MED-005,2026-02-28,56
FAC-011,MED-006,2026-02-28,41
FAC-011,MED-007,2026-02-28,70
FAC-011,MED-008,2026-02-28,86
FAC-012,MED-001,2026-02-28,7
FAC-012,MED-002,2026-02-28,12
FAC-012,MED-003,2026-02-28,5
FAC-012,MED-004,2026-02-28,3
FAC-012,MED-005,2026-02-28,1
FAC-012,MED-006,2026-02-28,4
FAC-012,MED-007,2026-02-28,3
FAC-012,MED-008,2026-02-28,10
FAC-013,MED-001,2026-02-28,2
FAC-013,MED-002,2026-02-28,5
FAC-013,MED-003,2026-02-28,4
FAC-013,MED-004,2026-02-28,4
FAC-013,MED-005,2026-02-28,2
FAC-013,MED-006,2026-02-28,1
FAC-013,MED-007,2026-02-28,1
FAC-013,MED-008,2026-02-28,3
FAC-014,MED-001,2026-02-28,4
FAC-014,MED-002,2026-02-28,13
FAC-014,MED-003,2026-02-28,3
FAC-014,MED-004,2026-02-28,3
FAC-014,MED-005,2026-02-28,2
FAC-014,MED-006,2026-02-28,4
FAC-014,MED-007,2026-02-28,5
FAC-014,MED-008,2026-02-28,4
FAC-015,MED-001,2026-02-28,6
FAC-015,MED-002,2026-02-28,7
FAC-015,MED-003,2026-02-28,0
FAC-015,MED-004,2026-02-28,3
FAC-015,MED-005,2026-02-28,3
FAC-015,MED-006,2026-02-28,2
FAC-015,MED-007,2026-02-28,2
FAC-015,MED-008,2026-02-28,13
FAC-016,MED-001,2026-02-28,130
FAC-016,MED-002,2026-02-28,188
FAC-016,MED-003,2026-02-28,36
FAC-016,MED-004,2026-02-28,99
FAC-016,MED-005,2026-02-28,76
FAC-016,MED-006,2026-02-28,46
FAC-016,MED-007,2026-02-28,90
FAC-016,MED-008,2026-02-28,118
FAC-017,MED-001,2026-02-28,7
FAC-017,MED-002,2026-02-28,11
FAC-017,MED-003,2026-02-28,0
FAC-017,MED-004,2026-02-28,4
FAC-017,MED-005,2026-02-28,3
FAC-017,MED-006,2026-02-28,6
FAC-017,MED-007,2026-02-28,4
FAC-017,MED-008,2026-02-28,3
FAC-018,MED-001,2026-02-28,2
FAC-018,MED-002,2026-02-28,7
FAC-018,MED-003,2026-02-28,3
FAC-018,MED-004,2026-02-28,3
FAC-018,MED-005,2026-02-28,0
FAC-018,MED-006,2026-02-28,2
FAC-018,MED-007,2026-02-28,2
FAC-018,MED-008,2026-02-28,4
FAC-019,MED-001,2026-02-28,11
FAC-019,MED-002,2026-02-28,8
FAC-019,MED-003,2026-02-28,0
FAC-019,MED-004,2026-02-28,7
FAC-019,MED-005,2026-02-28,3
FAC-019,MED-006,2026-02-28,2
FAC-019,MED-007,2026-02-28,5
FAC-019,MED-008,2026-02-28,9
FAC-020,MED-001,2026-02-28,10
FAC-020,MED-002,2026-02-28,9
FAC-020,MED-003,2026-02-28,2
FAC-020,MED-004,2026-02-28,2
FAC-020,MED-005,2026-02-28,5
FAC-020,MED-006,2026-02-28,2
FAC-020,MED-007,2026-02-28,3
FAC-020,MED-008,2026-02-28,1
FAC-001,MED-001,2026-03-01,139
FAC-001,MED-002,2026-03-01,161
FAC-001,MED-003,2026-03-01,31
FAC-001,MED-004,2026-03-01,141
FAC-001,MED-005,2026-03-01,129
FAC-001,MED-006,2026-03-01,42
FAC-001,MED-007,2026-03-01,93
FAC-001,MED-008,2026-03-01,115
FAC-002,MED-001,2026-03-01,13
FAC-002,MED-002,2026-03-01,14
FAC-002,MED-003,2026-03-01,4
FAC-002,MED-004,2026-03-01,11
FAC-002,MED-005,2026-03-01,7
FAC-002,MED-006,2026-03-01,4
FAC-002,MED-007,2026-03-01,7
FAC-002,MED-008,2026-03-01,10
FAC-003,MED-001,2026-03-01,7
FAC-003,MED-002,2026-03-01,7
FAC-003,MED-003,2026-03-01,2
FAC-003,MED-004,2026-03-01,4
FAC-003,MED-005,2026-03-01,0
FAC-003,MED-006,2026-03-01,4
FAC-003,MED-007,2026-03-01,2
FAC-003,MED-008,2026-03-01,2
FAC-004,MED-001,2026-03-01,11
FAC-004,MED-002,2026-03-01,13
FAC-004,MED-003,2026-03-01,2
FAC-004,MED-004,2026-03-01,9
FAC-004,MED-005,2026-03-01,10
FAC-004,MED-006,2026-03-01,5
FAC-004,MED-007,2026-03-01,3
FAC-004,MED-008,2026-03-01,12
FAC-005,MED-001,2026-03-01,97
FAC-005,MED-002,2026-03-01,128
FAC-005,MED-003,2026-03-01,31
FAC-005,MED-004,2026-03-01,73
FAC-005,MED-005,2026-03-01,40
FAC-005,MED-006,2026-03-01,32
FAC-005,MED-007,2026-03-01,61
FAC-005,MED-008,2026-03-01,97
FAC-006,MED-001,2026-03-01,115
FAC-006,MED-002,2026-03-01,143
FAC-006,MED-003,2026-03-01,27
FAC-006,MED-004,2026-03-01,94
FAC-006,MED-005,2026-03-01,82
FAC-006,MED-006,2026-03-01,46
FAC-006,MED-007,2026-03-01,82
FAC-006,MED-008,2026-03-01,125
FAC-007,MED-001,2026-03-01,4
FAC-007,MED-002,2026-03-01,17
FAC-007,MED-003,2026-03-01,1
FAC-007,MED-004,2026-03-01,6
FAC-007,MED-005,2026-03-01,9
FAC-007,MED-006,2026-03-01,2
FAC-007,MED-007,2026-03-01,6
FAC-007,MED-008,2026-03-01,10
FAC-008,MED-001,2026-03-01,2
FAC-008,MED-002,2026-03-01,12
FAC-008,MED-003,2026-03-01,4
FAC-008,MED-004,2026-03-01,4
FAC-008,MED-005,2026-03-01,3
FAC-008,MED-006,2026-03-01,6
FAC-008,MED-007,2026-03-01,3
FAC-008,MED-008,2026-03-01,5
FAC-009,MED-001,2026-03-01,9
FAC-009,MED-002,2026-03-01,10
FAC-009,MED-003,2026-03-01,2
FAC-009,MED-004,2026-03-01,6
FAC-009,MED-005,2026-03-01,0
FAC-009,MED-006,2026-03-01,2
FAC-009,MED-007,2026-03-01,4
FAC-009,MED-008,2026-03-01,6
FAC-010,MED-001,2026-03-01,6
FAC-010,MED-002,2026-03-01,3
FAC-010,MED-003,2026-03-01,5
FAC-010,MED-004,2026-03-01,5
FAC-010,MED-005,2026-03-01,2
FAC-010,MED-006,2026-03-01,3
FAC-010,MED-007,2026-03-01,0
FAC-010,MED-008,2026-03-01,4
FAC-011,MED-001,2026-03-01,100
FAC-011,MED-002,2026-03-01,127
FAC-011,MED-003,2026-03-01,28
FAC-011,MED-004,2026-03-01,99
FAC-011,MED-005,2026-03-01,70
FAC-011,MED-006,2026-03-01,44
FAC-011,MED-007,2026-03-01,63
FAC-011,MED-008,2026-03-01,108
FAC-012,MED-001,2026-03-01,15
FAC-012,MED-002,2026-03-01,10
FAC-012,MED-003,2026-03-01,2
FAC-012,MED-004,2026-03-01,10
FAC-012,MED-005,2026-03-01,7
FAC-012,MED-006,2026-03-01,3
FAC-012,MED-007,2026-03-01,4
FAC-012,MED-008,2026-03-01,11
FAC-013,MED-001,2026-03-01,4
FAC-013,MED-002,2026-03-01,6
FAC-013,MED-003,2026-03-01,3
FAC-013,MED-004,2026-03-01,2
FAC-013,MED-005,2026-03-01,2
FAC-013,MED-006,2026-03-01,1
FAC-013,MED-007,2026-03-01,1
FAC-013,MED-008,2026-03-01,4
FAC-014,MED-001,2026-03-01,6
FAC-014,MED-002,2026-03-01,10
FAC-014,MED-003,2026-03-01,2
FAC-014,MED-004,2026-03-01,2
FAC-014,MED-005,2026-03-01,4
FAC-014,MED-006,2026-03-01,3
FAC-014,MED-007,2026-03-01,5
FAC-014,MED-008,2026-03-01,8
FAC-015,MED-001,2026-03-01,8
FAC-015,MED-002,2026-03-01,5
FAC-015,MED-003,2026-03-01,3
FAC-015,MED-004,2026-03-01,9
FAC-015,MED-005,2026-03-01,7
FAC-015,MED-006,2026-03-01,1
FAC-015,MED-007,2026-03-01,2
FAC-015,MED-008,2026-03-01,7
FAC-016,MED-001,2026-03-01,117
FAC-016,MED-002,2026-03-01,158
FAC-016,MED-003,2026-03-01,35
FAC-016,MED-004,2026-03-01,121
FAC-016,MED-005,2026-03-01,69
FAC-016,MED-006,2026-03-01,47
FAC-016,MED-007,2026-03-01,132
FAC-016,MED-008,2026-03-01,123
FAC-017,MED-001,2026-03-01,8
FAC-017,MED-002,2026-03-01,9
FAC-017,MED-003,2026-03-01,2
FAC-017,MED-004,2026-03-01,9
FAC-017,MED-005,2026-03-01,5
FAC-017,MED-006,2026-03-01,4
FAC-017,MED-007,2026-03-01,2
FAC-017,MED-008,2026-03-01,6
FAC-018,MED-001,2026-03-01,4
FAC-018,MED-002,2026-03-01,5
FAC-018,MED-003,2026-03-01,3
FAC-018,MED-004,2026-03-01,3
FAC-018,MED-005,2026-03-01,6
FAC-018,MED-006,2026-03-01,3
FAC-018,MED-007,2026-03-01,2
FAC-018,MED-008,2026-03-01,8
FAC-019,MED-001,2026-03-01,9
FAC-019,MED-002,2026-03-01,8
FAC-019,MED-003,2026-03-01,1
FAC-019,MED-004,2026-03-01,7
FAC-019,MED-005,2026-03-01,10
FAC-019,MED-006,2026-03-01,3
FAC-019,MED-007,2026-03-01,11
FAC-019,MED-008,2026-03-01,5
FAC-020,MED-001,2026-03-01,9
FAC-020,MED-002,2026-03-01,9
FAC-020,MED-003,2026-03-01,3
FAC-020,MED-004,2026-03-01,5
FAC-020,MED-005,2026-03-01,1
FAC-020,MED-006,2026-03-01,2
FAC-020,MED-007,2026-03-01,6
FAC-020,MED-008,2026-03-01,5
FAC-001,MED-001,2026-03-02,150
FAC-001,MED-002,2026-03-02,198
FAC-001,MED-003,2026-03-02,36
FAC-001,MED-004,2026-03-02,105
FAC-001,MED-005,2026-03-02,69
FAC-001,MED-006,2026-03-02,44
FAC-001,MED-007,2026-03-02,89
FAC-001,MED-008,2026-03-02,123
FAC-002,MED-001,2026-03-02,12
FAC-002,MED-002,2026-03-02,20
FAC-002,MED-003,2026-03-02,5
FAC-002,MED-004,2026-03-02,7
FAC-002,MED-005,2026-03-02,8
FAC-002,MED-006,2026-03-02,3
FAC-002,MED-007,2026-03-02,3
FAC-002,MED-008,2026-03-02,14
FAC-003,MED-001,2026-03-02,9
FAC-003,MED-002,2026-03-02,4
FAC-003,MED-003,2026-03-02,1
FAC-003,MED-004,2026-03-02,3
FAC-003,MED-005,2026-03-02,6
FAC-003,MED-006,2026-03-02,6
FAC-003,MED-007,2026-03-02,4
FAC-003,MED-008,2026-03-02,2
FAC-004,MED-001,2026-03-02,15
FAC-004,MED-002,2026-03-02,25
FAC-004,MED-003,2026-03-02,2
FAC-004,MED-004,2026-03-02,16
FAC-004,MED-005,2026-03-02,10
FAC-004,MED-006,2026-03-02,7
FAC-004,MED-007,2026-03-02,7
FAC-004,MED-008,2026-03-02,12
FAC-005,MED-001,2026-03-02,94
FAC-005,MED-002,2026-03-02,153
FAC-005,MED-003,2026-03-02,30
FAC-005,MED-004,2026-03-02,103
FAC-005,MED-005,2026-03-02,47
FAC-005,MED-006,2026-03-02,47
FAC-005,MED-007,2026-03-02,69
FAC-005,MED-008,2026-03-02,94
FAC-006,MED-001,2026-03-02,125
FAC-006,MED-002,2026-03-02,164
FAC-006,MED-003,2026-03-02,32
FAC-006,MED-004,2026-03-02,96
FAC-006,MED-005,2026-03-02,64
FAC-006,MED-006,2026-03-02,31
FAC-006,MED-007,2026-03-02,72
FAC-006,MED-008,2026-03-02,134
FAC-007,MED-001,2026-03-02,12
FAC-007,MED-002,2026-03-02,27
FAC-007,MED-003,2026-03-02,3
FAC-007,MED-004,2026-03-02,14
FAC-007,MED-005,2026-03-02,10
FAC-007,MED-006,2026-03-02,3
FAC-007,MED-007,2026-03-02,8
FAC-007,MED-008,2026-03-02,14
FAC-008,MED-001,2026-03-02,7
FAC-008,MED-002,2026-03-02,9
FAC-008,MED-003,2026-03-02,3
FAC-008,MED-004,2026-03-02,2
FAC-008,MED-005,2026-03-02,4
FAC-008,MED-006,2026-03-02,1
FAC-008,MED-007,2026-03-02,6
FAC-008,MED-008,2026-03-02,2
FAC-009,MED-001,2026-03-02,14
FAC-009,MED-002,2026-03-02,12
FAC-009,MED-003,2026-03-02,3
FAC-009,MED-004,2026-03-02,6
FAC-009,MED-005,2026-03-02,3
FAC-009,MED-006,2026-03-02,6
FAC-009,MED-007,2026-03-02,5
FAC-009,MED-008,2026-03-02,4
FAC-010,MED-001,2026-03-02,9
FAC-010,MED-002,2026-03-02,7
FAC-010,MED-003,2026-03-02,3
FAC-010,MED-004,2026-03-02,7
FAC-010,MED-005,2026-03-02,1
FAC-010,MED-006,2026-03-02,1
FAC-010,MED-007,2026-03-02,3
FAC-010,MED-008,2026-03-02,4
FAC-011,MED-001,2026-03-02,117
FAC-011,MED-002,2026-03-02,159
FAC-011,MED-003,2026-03-02,30
FAC-011,MED-004,2026-03-02,101
FAC-011,MED-005,2026-03-02,56
FAC-011,MED-006,2026-03-02,35
FAC-011,MED-007,2026-03-02,64
FAC-011,MED-008,2026-03-02,125
FAC-012,MED-001,2026-03-02,15
FAC-012,MED-002,2026-03-02,14
FAC-012,MED-003,2026-03-02,4
FAC-012,MED-004,2026-03-02,11
FAC-012,MED-005,2026-03-02,8
FAC-012,MED-006,2026-03-02,4
FAC-012,MED-007,2026-03-02,9
FAC-012,MED-008,2026-03-02,12
FAC-013,MED-001,2026-03-02,5
FAC-013,MED-002,2026-03-02,5
FAC-013,MED-003,2026-03-02,2
FAC-013,MED-004,2026-03-02,5
FAC-013,MED-005,2026-03-02,3
FAC-013,MED-006,2026-03-02,8
FAC-013,MED-007,2026-03-02,5
FAC-013,MED-008,2026-03-02,4
FAC-014,MED-001,2026-03-02,19
FAC-014,MED-002,2026-03-02,12
FAC-014,MED-003,2026-03-02,2
FAC-014,MED-004,2026-03-02,16
FAC-014,MED-005,2026-03-02,5
FAC-014,MED-006,2026-03-02,8
FAC-014,MED-007,2026-03-02,11
FAC-014,MED-008,2026-03-02,6
FAC-015,MED-001,2026-03-02,8
FAC-015,MED-002,2026-03-02,7
FAC-015,MED-003,2026-03-02,3
FAC-015,MED-004,2026-03-02,9
FAC-015,MED-005,2026-03-02,4
FAC-015,MED-006,2026-03-02,2
FAC-015,MED-007,2026-03-02,1
FAC-015,MED-008,2026-03-02,7
FAC-016,MED-001,2026-03-02,154
FAC-016,MED-002,2026-03-02,161
FAC-016,MED-003,2026-03-02,37
FAC-016,MED-004,2026-03-02,107
FAC-016,MED-005,2026-03-02,70
FAC-016,MED-006,2026-03-02,43
FAC-016,MED-007,2026-03-02,94
FAC-016,MED-008,2026-03-02,128
FAC-017,MED-001,2026-03-02,10
FAC-017,MED-002,2026-03-02,22
FAC-017,MED-003,2026-03-02,4
FAC-017,MED-004,2026-03-02,8
FAC-017,MED-005,2026-03-02,7
FAC-017,MED-006,2026-03-02,5
FAC-017,MED-007,2026-03-02,5
FAC-017,MED-008,2026-03-02,14
FAC-018,MED-001,2026-03-02,9
FAC-018,MED-002,2026-03-02,11
FAC-018,MED-003,2026-03-02,2
FAC-018,MED-004,2026-03-02,3
FAC-018,MED-005,2026-03-02,5
FAC-018,MED-006,2026-03-02,0
FAC-018,MED-007,2026-03-02,3
FAC-018,MED-008,2026-03-02,3
FAC-019,MED-001,2026-03-02,14
FAC-019,MED-002,2026-03-02,11
FAC-019,MED-003,2026-03-02,1
FAC-019,MED-004,2026-03-02,10
FAC-019,MED-005,2026-03-02,14
FAC-019,MED-006,2026-03-02,5
FAC-019,MED-007,2026-03-02,8
FAC-019,MED-008,2026-03-02,9
FAC-020,MED-001,2026-03-02,20
FAC-020,MED-002,2026-03-02,20
FAC-020,MED-003,2026-03-02,2
FAC-020,MED-004,2026-03-02,10
FAC-020,MED-005,2026-03-02,7
FAC-020,MED-006,2026-03-02,4
FAC-020,MED-007,2026-03-02,7
FAC-020,MED-008,2026-03-02,11
FAC-001,MED-001,2026-03-03,144
FAC-001,MED-002,2026-03-03,168
FAC-001,MED-003,2026-03-03,34
FAC-001,MED-004,2026-03-03,122
FAC-001,MED-005,2026-03-03,77
FAC-001,MED-006,2026-03-03,51
FAC-001,MED-007,2026-03-03,92
FAC-001,MED-008,2026-03-03,153
FAC-002,MED-001,2026-03-03,8
FAC-002,MED-002,2026-03-03,20
FAC-002,MED-003,2026-03-03,6
FAC-002,MED-004,2026-03-03,10
FAC-002,MED-005,2026-03-03,13
FAC-002,MED-006,2026-03-03,6
FAC-002,MED-007,2026-03-03,5
FAC-002,MED-008,2026-03-03,10
FAC-003,MED-001,2026-03-03,4
FAC-003,MED-002,2026-03-03,2
FAC-003,MED-003,2026-03-03,2
FAC-003,MED-004,2026-03-03,3
FAC-003,MED-005,2026-03-03,2
FAC-003,MED-006,2026-03-03,6
FAC-003,MED-007,2026-03-03,2
FAC-003,MED-008,2026-03-03,2
FAC-004,MED-001,2026-03-03,19
FAC-004,MED-002,2026-03-03,18
FAC-004,MED-003,2026-03-03,6
FAC-004,MED-004,2026-03-03,18
FAC-004,MED-005,2026-03-03,8
FAC-004,MED-006,2026-03-03,6
FAC-004,MED-007,2026-03-03,8
FAC-004,MED-008,2026-03-03,15
FAC-005,MED-001,2026-03-03,93
FAC-005,MED-002,2026-03-03,126
FAC-005,MED-003,2026-03-03,33
FAC-005,MED-004,2026-03-03,88
FAC-005,MED-005,2026-03-03,68
FAC-005,MED-006,2026-03-03,34
FAC-005,MED-007,2026-03-03,78
FAC-005,MED-008,2026-03-03,110
FAC-006,MED-001,2026-03-03,144
FAC-006,MED-002,2026-03-03,158
FAC-006,MED-003,2026-03-03,22
FAC-006,MED-004,2026-03-03,118
FAC-006,MED-005,2026-03-03,62
FAC-006,MED-006,2026-03-03,38
FAC-006,MED-007,2026-03-03,75
FAC-006,MED-008,2026-03-03,104
FAC-007,MED-001,2026-03-03,13
FAC-007,MED-002,2026-03-03,13
FAC-007,MED-003,2026-03-03,1
FAC-007,MED-004,2026-03-03,7
FAC-007,MED-005,2026-03-03,11
FAC-007,MED-006,2026-03-03,7
FAC-007,MED-007,2026-03-03,4
FAC-007,MED-008,2026-03-03,8
FAC-008,MED-001,2026-03-03,4
FAC-008,MED-002,2026-03-03,2
FAC-008,MED-003,2026-03-03,3
FAC-008,MED-004,2026-03-03,5
FAC-008,MED-005,2026-03-03,1
FAC-008,MED-006,2026-03-03,4
FAC-008,MED-007,2026-03-03,4
FAC-008,MED-008,2026-03-03,4
FAC-009,MED-001,2026-03-03,5
FAC-009,MED-002,2026-03-03,10
FAC-009,MED-003,2026-03-03,3
FAC-009,MED-004,2026-03-03,4
FAC-009,MED-005,2026-03-03,5
FAC-009,MED-006,2026-03-03,3
FAC-009,MED-007,2026-03-03,6
FAC-009,MED-008,2026-03-03,7
FAC-010,MED-001,2026-03-03,7
FAC-010,MED-002,2026-03-03,8
FAC-010,MED-003,2026-03-03,6
FAC-010,MED-004,2026-03-03,12
FAC-010,MED-005,2026-03-03,4
FAC-010,MED-006,2026-03-03,5
FAC-010,MED-007,2026-03-03,8
FAC-010,MED-008,2026-03-03,2
FAC-011,MED-001,2026-03-03,140
FAC-011,MED-002,2026-03-03,166
FAC-011,MED-003,2026-03-03,23
FAC-011,MED-004,2026-03-03,105
FAC-011,MED-005,2026-03-03,67
FAC-011,MED-006,2026-03-03,32
FAC-011,MED-007,2026-03-03,78
FAC-011,MED-008,2026-03-03,108
FAC-012,MED-001,2026-03-03,18
FAC-012,MED-002,2026-03-03,18
FAC-012,MED-003,2026-03-03,1
FAC-012,MED-004,2026-03-03,12
FAC-012,MED-005,2026-03-03,7
FAC-012,MED-006,2026-03-03,10
FAC-012,MED-007,2026-03-03,9
FAC-012,MED-008,2026-03-03,13
FAC-013,MED-001,2026-03-03,6
FAC-013,MED-002,2026-03-03,5
FAC-013,MED-003,2026-03-03,3
FAC-013,MED-004,2026-03-03,1
FAC-013,MED-005,2026-03-03,4
FAC-013,MED-006,2026-03-03,4
FAC-013,MED-007,2026-03-03,1
FAC-013,MED-008,2026-03-03,7
FAC-014,MED-001,2026-03-03,11
FAC-014,MED-002,2026-03-03,12
FAC-014,MED-003,2026-03-03,5
FAC-014,MED-004,2026-03-03,8
FAC-014,MED-005,2026-03-03,9
FAC-014,MED-006,2026-03-03,3
FAC-014,MED-007,2026-03-03,9
FAC-014,MED-008,2026-03-03,3
FAC-015,MED-001,2026-03-03,7
FAC-015,MED-002,2026-03-03,14
FAC-015,MED-003,2026-03-03,7
FAC-015,MED-004,2026-03-03,5
FAC-015,MED-005,2026-03-03,6
FAC-015,MED-006,2026-03-03,3
FAC-015,MED-007,2026-03-03,9
FAC-015,MED-008,2026-03-03,10
FAC-016,MED-001,2026-03-03,133
FAC-016,MED-002,2026-03-03,233
FAC-016,MED-003,2026-03-03,33
FAC-016,MED-004,2026-03-03,121
FAC-016,MED-005,2026-03-03,66
FAC-016,MED-006,2026-03-03,45
FAC-016,MED-007,2026-03-03,84
FAC-016,MED-008,2026-03-03,127
FAC-017,MED-001,2026-03-03,21
FAC-017,MED-002,2026-03-03,13
FAC-017,MED-003,2026-03-03,5
FAC-017,MED-004,2026-03-03,12
FAC-017,MED-005,2026-03-03,5
FAC-017,MED-006,2026-03-03,4
FAC-017,MED-007,2026-03-03,17
FAC-017,MED-008,2026-03-03,13
FAC-018,MED-001,2026-03-03,3
FAC-018,MED-002,2026-03-03,6
FAC-018,MED-003,2026-03-03,4
FAC-018,MED-004,2026-03-03,10
FAC-018,MED-005,2026-03-03,3
FAC-018,MED-006,2026-03-03,0
FAC-018,MED-007,2026-03-03,3
FAC-018,MED-008,2026-03-03,2
FAC-019,MED-001,2026-03-03,10
FAC-019,MED-002,2026-03-03,18
FAC-019,MED-003,2026-03-03,3
FAC-019,MED-004,2026-03-03,7
FAC-019,MED-005,2026-03-03,4
FAC-019,MED-006,2026-03-03,4
FAC-019,MED-007,2026-03-03,9
FAC-019,MED-008,2026-03-03,7
FAC-020,MED-001,2026-03-03,7
FAC-020,MED-002,2026-03-03,20
FAC-020,MED-003,2026-03-03,4
FAC-020,MED-004,2026-03-03,11
FAC-020,MED-005,2026-03-03,4
FAC-020,MED-006,2026-03-03,2
FAC-020,MED-007,2026-03-03,7
FAC-020,MED-008,2026-03-03,9
FAC-001,MED-001,2026-03-04,182
FAC-001,MED-002,2026-03-04,203
FAC-001,MED-003,2026-03-04,34
FAC-001,MED-004,2026-03-04,114
FAC-001,MED-005,2026-03-04,66
FAC-001,MED-006,2026-03-04,35
FAC-001,MED-007,2026-03-04,71
FAC-001,MED-008,2026-03-04,122
FAC-002,MED-001,2026-03-04,15
FAC-002,MED-002,2026-03-04,16
FAC-002,MED-003,2026-03-04,4
FAC-002,MED-004,2026-03-04,22
FAC-002,MED-005,2026-03-04,2
FAC-002,MED-006,2026-03-04,4
FAC-002,MED-007,2026-03-04,8
FAC-002,MED-008,2026-03-04,15
FAC-003,MED-001,2026-03-04,2
FAC-003,MED-002,2026-03-04,11
FAC-003,MED-003,2026-03-04,2
FAC-003,MED-004,2026-03-04,2
FAC-003,MED-005,2026-03-04,0
FAC-003,MED-006,2026-03-04,3
FAC-003,MED-007,2026-03-04,6
FAC-003,MED-008,2026-03-04,5
FAC-004,MED-001,2026-03-04,11
FAC-004,MED-002,2026-03-04,24
FAC-004,MED-003,2026-03-04,3
FAC-004,MED-004,2026-03-04,7
FAC-004,MED-005,2026-03-04,10
FAC-004,MED-006,2026-03-04,8
FAC-004,MED-007,2026-03-04,7
FAC-004,MED-008,2026-03-04,13
FAC-005,MED-001,2026-03-04,110
FAC-005,MED-002,2026-03-04,141
FAC-005,MED-003,2026-03-04,32
FAC-005,MED-004,2026-03-04,93
FAC-005,MED-005,2026-03-04,61
FAC-005,MED-006,2026-03-04,33
FAC-005,MED-007,2026-03-04,59
FAC-005,MED-008,2026-03-04,113
FAC-006,MED-001,2026-03-04,127
FAC-006,MED-002,2026-03-04,186
FAC-006,MED-003,2026-03-04,45
FAC-006,MED-004,2026-03-04,115
FAC-006,MED-005,2026-03-04,64
FAC-006,MED-006,2026-03-04,50
FAC-006,MED-007,2026-03-04,63
FAC-006,MED-008,2026-03-04,139
FAC-007,MED-001,2026-03-04,8
FAC-007,MED-002,2026-03-04,15
FAC-007,MED-003,2026-03-04,2
FAC-007,MED-004,2026-03-04,9
FAC-007,MED-005,2026-03-04,6
FAC-007,MED-006,2026-03-04,5
FAC-007,MED-007,2026-03-04,6
FAC-007,MED-008,2026-03-04,5
FAC-008,MED-001,2026-03-04,5
FAC-008,MED-002,2026-03-04,3
FAC-008,MED-003,2026-03-04,5
FAC-008,MED-004,2026-03-04,3
FAC-008,MED-005,2026-03-04,2
FAC-008,MED-006,2026-03-04,4
FAC-008,MED-007,2026-03-04,9
FAC-008,MED-008,2026-03-04,6
FAC-009,MED-001,2026-03-04,12
FAC-009,MED-002,2026-03-04,11
FAC-009,MED-003,2026-03-04,1
FAC-009,MED-004,2026-03-04,13
FAC-009,MED-005,2026-03-04,7
FAC-009,MED-006,2026-03-04,3
FAC-009,MED-007,2026-03-04,4
FAC-009,MED-008,2026-03-04,11
FAC-010,MED-001,2026-03-04,9
FAC-010,MED-002,2026-03-04,7
FAC-010,MED-003,2026-03-04,0
FAC-010,MED-004,2026-03-04,8
FAC-010,MED-005,2026-03-04,4
FAC-010,MED-006,2026-03-04,5
FAC-010,MED-007,2026-03-04,6
FAC-010,MED-008,2026-03-04,10
FAC-011,MED-001,2026-03-04,135
FAC-011,MED-002,2026-03-04,159
FAC-011,MED-003,2026-03-04,31
FAC-011,MED-004,2026-03-04,101
FAC-011,MED-005,2026-03-04,67
FAC-011,MED-006,2026-03-04,34
FAC-011,MED-007,2026-03-04,70
FAC-011,MED-008,2026-03-04,117
FAC-012,MED-001,2026-03-04,12
FAC-012,MED-002,2026-03-04,23
FAC-012,MED-003,2026-03-04,10
FAC-012,MED-004,2026-03-04,12
FAC-012,MED-005,2026-03-04,10
FAC-012,MED-006,2026-03-04,6
FAC-012,MED-007,2026-03-04,11
FAC-012,MED-008,2026-03-04,12
FAC-013,MED-001,2026-03-04,8
FAC-013,MED-002,2026-03-04,4
FAC-013,MED-003,2026-03-04,3
FAC-013,MED-004,2026-03-04,3
FAC-013,MED-005,2026-03-04,5
FAC-013,MED-006,2026-03-04,5
FAC-013,MED-007,2026-03-04,0
FAC-013,MED-008,2026-03-04,7
FAC-014,MED-001,2026-03-04,11
FAC-014,MED-002,2026-03-04,12
FAC-014,MED-003,2026-03-04,2
FAC-014,MED-004,2026-03-04,8
FAC-014,MED-005,2026-03-04,4
FAC-014,MED-006,2026-03-04,6
FAC-014,MED-007,2026-03-04,4
FAC-014,MED-008,2026-03-04,12
FAC-015,MED-001,2026-03-04,10
FAC-015,MED-002,2026-03-04,9
FAC-015,MED-003,2026-03-04,4
FAC-015,MED-004,2026-03-04,12
FAC-015,MED-005,2026-03-04,6
FAC-015,MED-006,2026-03-04,3
FAC-015,MED-007,2026-03-04,4
FAC-015,MED-008,2026-03-04,5
FAC-016,MED-001,2026-03-04,128
FAC-016,MED-002,2026-03-04,173
FAC-016,MED-003,2026-03-04,32
FAC-016,MED-004,2026-03-04,110
FAC-016,MED-005,2026-03-04,64
FAC-016,MED-006,2026-03-04,45
FAC-016,MED-007,2026-03-04,96
FAC-016,MED-008,2026-03-04,135
FAC-017,MED-001,2026-03-04,10
FAC-017,MED-002,2026-03-04,18
FAC-017,MED-003,2026-03-04,2
FAC-017,MED-004,2026-03-04,16
FAC-017,MED-005,2026-03-04,5
FAC-017,MED-006,2026-03-04,8
FAC-017,MED-007,2026-03-04,4
FAC-017,MED-008,2026-03-04,13
FAC-018,MED-001,2026-03-04,10
FAC-018,MED-002,2026-03-04,10
FAC-018,MED-003,2026-03-04,1
FAC-018,MED-004,2026-03-04,3
FAC-018,MED-005,2026-03-04,2
FAC-018,MED-006,2026-03-04,2
FAC-018,MED-007,2026-03-04,2
FAC-018,MED-008,2026-03-04,4
FAC-019,MED-001,2026-03-04,18
FAC-019,MED-002,2026-03-04,9
FAC-019,MED-003,2026-03-04,3
FAC-019,MED-004,2026-03-04,6
FAC-019,MED-005,2026-03-04,8
FAC-019,MED-006,2026-03-04,4
FAC-019,MED-007,2026-03-04,8
FAC-019,MED-008,2026-03-04,10
FAC-020,MED-001,2026-03-04,7
FAC-020,MED-002,2026-03-04,11
FAC-020,MED-003,2026-03-04,2
FAC-020,MED-004,2026-03-04,7
FAC-020,MED-005,2026-03-04,4
FAC-020,MED-006,2026-03-04,2
FAC-020,MED-007,2026-03-04,6
FAC-020,MED-008,2026-03-04,8
FAC-001,MED-001,2026-03-05,142
FAC-001,MED-002,2026-03-05,208
FAC-001,MED-003,2026-03-05,43
FAC-001,MED-004,2026-03-05,114
FAC-001,MED-005,2026-03-05,79
FAC-001,MED-006,2026-03-05,67
FAC-001,MED-007,2026-03-05,86
FAC-001,MED-008,2026-03-05,138
FAC-002,MED-001,2026-03-05,8
FAC-002,MED-002,2026-03-05,9
FAC-002,MED-003,2026-03-05,5
FAC-002,MED-004,2026-03-05,12
FAC-002,MED-005,2026-03-05,5
FAC-002,MED-006,2026-03-05,2
FAC-002,MED-007,2026-03-05,13
FAC-002,MED-008,2026-03-05,10
FAC-003,MED-001,2026-03-05,6
FAC-003,MED-002,2026-03-05,6
FAC-003,MED-003,2026-03-05,3
FAC-003,MED-004,2026-03-05,4
FAC-003,MED-005,2026-03-05,2
FAC-003,MED-006,2026-03-05,2
FAC-003,MED-007,2026-03-05,4
FAC-003,MED-008,2026-03-05,3
FAC-004,MED-001,2026-03-05,20
FAC-004,MED-002,2026-03-05,19
FAC-004,MED-003,2026-03-05,2
FAC-004,MED-004,2026-03-05,11
FAC-004,MED-005,2026-03-05,12
FAC-004,MED-006,2026-03-05,7
FAC-004,MED-007,2026-03-05,5
FAC-004,MED-008,2026-03-05,12
FAC-005,MED-001,2026-03-05,109
FAC-005,MED-002,2026-03-05,131
FAC-005,MED-003,2026-03-05,29
FAC-005,MED-004,2026-03-05,105
FAC-005,MED-005,2026-03-05,53
FAC-005,MED-006,2026-03-05,34
FAC-005,MED-007,2026-03-05,64
FAC-005,MED-008,2026-03-05,109
FAC-006,MED-001,2026-03-05,162
FAC-006,MED-002,2026-03-05,174
FAC-006,MED-003,2026-03-05,34
FAC-006,MED-004,2026-03-05,109
FAC-006,MED-005,2026-03-05,68
FAC-006,MED-006,2026-03-05,38
FAC-006,MED-007,2026-03-05,64
FAC-006,MED-008,2026-03-05,113
FAC-007,MED-001,2026-03-05,18
FAC-007,MED-002,2026-03-05,17
FAC-007,MED-003,2026-03-05,2
FAC-007,MED-004,2026-03-05,10
FAC-007,MED-005,2026-03-05,4
FAC-007,MED-006,2026-03-05,1
FAC-007,MED-007,2026-03-05,4
FAC-007,MED-008,2026-03-05,6
FAC-008,MED-001,2026-03-05,1
FAC-008,MED-002,2026-03-05,5
FAC-008,MED-003,2026-03-05,1
FAC-008,MED-004,2026-03-05,7
FAC-008,MED-005,2026-03-05,3
FAC-008,MED-006,2026-03-05,2
FAC-008,MED-007,2026-03-05,1
FAC-008,MED-008,2026-03-05,5
FAC-009,MED-001,2026-03-05,17
FAC-009,MED-002,2026-03-05,19
FAC-009,MED-003,2026-03-05,2
FAC-009,MED-004,2026-03-05,6
FAC-009,MED-005,2026-03-05,6
FAC-009,MED-006,2026-03-05,7
FAC-009,MED-007,2026-03-05,11
FAC-009,MED-008,2026-03-05,10
FAC-010,MED-001,2026-03-05,11
FAC-010,MED-002,2026-03-05,8
FAC-010,MED-003,2026-03-05,0
FAC-010,MED-004,2026-03-05,5
FAC-010,MED-005,2026-03-05,7
FAC-010,MED-006,2026-03-05,1
FAC-010,MED-007,2026-03-05,6
FAC-010,MED-008,2026-03-05,8
FAC-011,MED-001,2026-03-05,115
FAC-011,MED-002,2026-03-05,149
FAC-011,MED-003,2026-03-05,38
FAC-011,MED-004,2026-03-05,84
FAC-011,MED-005,2026-03-05,66
FAC-011,MED-006,2026-03-05,38
FAC-011,MED-007,2026-03-05,76
FAC-011,MED-008,2026-03-05,109
FAC-012,MED-001,2026-03-05,21
FAC-012,MED-002,2026-03-05,10
FAC-012,MED-003,2026-03-05,2
FAC-012,MED-004,2026-03-05,18
FAC-012,MED-005,2026-03-05,8
FAC-012,MED-006,2026-03-05,2
FAC-012,MED-007,2026-03-05,7
FAC-012,MED-008,2026-03-05,15
FAC-013,MED-001,2026-03-05,5
FAC-013,MED-002,2026-03-05,9
FAC-013,MED-003,2026-03-05,4
FAC-013,MED-004,2026-03-05,5
FAC-013,MED-005,2026-03-05,3
FAC-013,MED-006,2026-03-05,1
FAC-013,MED-007,2026-03-05,4
FAC-013,MED-008,2026-03-05,1
FAC-014,MED-001,2026-03-05,18
FAC-014,MED-002,2026-03-05,17
FAC-014,MED-003,2026-03-05,1
FAC-014,MED-004,2026-03-05,11
FAC-014,MED-005,2026-03-05,10
FAC-014,MED-006,2026-03-05,4
FAC-014,MED-007,2026-03-05,7
FAC-014,MED-008,2026-03-05,8
FAC-015,MED-001,2026-03-05,8
FAC-015,MED-002,2026-03-05,14
FAC-015,MED-003,2026-03-05,1
FAC-015,MED-004,2026-03-05,5
FAC-015,MED-005,2026-03-05,6
FAC-015,MED-006,2026-03-05,1
FAC-015,MED-007,2026-03-05,7
FAC-015,MED-008,2026-03-05,9
FAC-016,MED-001,2026-03-05,133
FAC-016,MED-002,2026-03-05,151
FAC-016,MED-003,2026-03-05,28
FAC-016,MED-004,2026-03-05,106
FAC-016,MED-005,2026-03-05,72
FAC-016,MED-006,2026-03-05,48
FAC-016,MED-007,2026-03-05,88
FAC-016,MED-008,2026-03-05,128
FAC-017,MED-001,2026-03-05,13
FAC-017,MED-002,2026-03-05,15
FAC-017,MED-003,2026-03-05,3
FAC-017,MED-004,2026-03-05,20
FAC-017,MED-005,2026-03-05,2
FAC-017,MED-006,2026-03-05,7
FAC-017,MED-007,2026-03-05,10
FAC-017,MED-008,2026-03-05,16
FAC-018,MED-001,2026-03-05,4
FAC-018,MED-002,2026-03-05,10
FAC-018,MED-003,2026-03-05,5
FAC-018,MED-004,2026-03-05,3
FAC-018,MED-005,2026-03-05,4
FAC-018,MED-006,2026-03-05,2
FAC-018,MED-007,2026-03-05,4
FAC-018,MED-008,2026-03-05,8
FAC-019,MED-001,2026-03-05,13
FAC-019,MED-002,2026-03-05,13
FAC-019,MED-003,2026-03-05,0
FAC-019,MED-004,2026-03-05,10
FAC-019,MED-005,2026-03-05,8
FAC-019,MED-006,2026-03-05,1
FAC-019,MED-007,2026-03-05,12
FAC-019,MED-008,2026-03-05,10
FAC-020,MED-001,2026-03-05,7
FAC-020,MED-002,2026-03-05,21
FAC-020,MED-003,2026-03-05,6
FAC-020,MED-004,2026-03-05,5
FAC-020,MED-005,2026-03-05,7
FAC-020,MED-006,2026-03-05,4
FAC-020,MED-007,2026-03-05,8
FAC-020,MED-008,2026-03-05,11
FAC-001,MED-001,2026-03-06,158
FAC-001,MED-002,2026-03-06,194
FAC-001,MED-003,2026-03-06,26
FAC-001,MED-004,2026-03-06,128
FAC-001,MED-005,2026-03-06,75
FAC-001,MED-006,2026-03-06,36
FAC-001,MED-007,2026-03-06,94
FAC-001,MED-008,2026-03-06,146
FAC-002,MED-001,2026-03-06,10
FAC-002,MED-002,2026-03-06,17
FAC-002,MED-003,2026-03-06,5
FAC-002,MED-004,2026-03-06,14
FAC-002,MED-005,2026-03-06,4
FAC-002,MED-006,2026-03-06,12
FAC-002,MED-007,2026-03-06,9
FAC-002,MED-008,2026-03-06,17
FAC-003,MED-001,2026-03-06,5
FAC-003,MED-002,2026-03-06,6
FAC-003,MED-003,2026-03-06,4
FAC-003,MED-004,2026-03-06,4
FAC-003,MED-005,2026-03-06,2
FAC-003,MED-006,2026-03-06,3
FAC-003,MED-007,2026-03-06,8
FAC-003,MED-008,2026-03-06,4
FAC-004,MED-001,2026-03-06,22
FAC-004,MED-002,2026-03-06,20
FAC-004,MED-003,2026-03-06,2
FAC-004,MED-004,2026-03-06,16
FAC-004,MED-005,2026-03-06,4
FAC-004,MED-006,2026-03-06,3
FAC-004,MED-007,2026-03-06,3
FAC-004,MED-008,2026-03-06,17
FAC-005,MED-001,2026-03-06,117
FAC-005,MED-002,2026-03-06,140
FAC-005,MED-003,2026-03-06,25
FAC-005,MED-004,2026-03-06,92
FAC-005,MED-005,2026-03-06,56
FAC-005,MED-006,2026-03-06,24
FAC-005,MED-007,2026-03-06,56
FAC-005,MED-008,2026-03-06,104
FAC-006,MED-001,2026-03-06,125
FAC-006,MED-002,2026-03-06,166
FAC-006,MED-003,2026-03-06,29
FAC-006,MED-004,2026-03-06,118
FAC-006,MED-005,2026-03-06,62
FAC-006,MED-006,2026-03-06,38
FAC-006,MED-007,2026-03-06,80
FAC-006,MED-008,2026-03-06,131
FAC-007,MED-001,2026-03-06,17
FAC-007,MED-002,2026-03-06,12
FAC-007,MED-003,2026-03-06,3
FAC-007,MED-004,2026-03-06,17
FAC-007,MED-005,2026-03-06,6
FAC-007,MED-006,2026-03-06,6
FAC-007,MED-007,2026-03-06,3
FAC-007,MED-008,2026-03-06,20
FAC-008,MED-001,2026-03-06,6
FAC-008,MED-002,2026-03-06,14
FAC-008,MED-003,2026-03-06,2
FAC-008,MED-004,2026-03-06,7
FAC-008,MED-005,2026-03-06,1
FAC-008,MED-006,2026-03-06,3
FAC-008,MED-007,2026-03-06,3
FAC-008,MED-008,2026-03-06,5
FAC-009,MED-001,2026-03-06,10
FAC-009,MED-002,2026-03-06,15
FAC-009,MED-003,2026-03-06,4
FAC-009,MED-004,2026-03-06,5
FAC-009,MED-005,2026-03-06,5
FAC-009,MED-006,2026-03-06,5
FAC-009,MED-007,2026-03-06,14
FAC-009,MED-008,2026-03-06,6
FAC-010,MED-001,2026-03-06,7
FAC-010,MED-002,2026-03-06,10
FAC-010,MED-003,2026-03-06,4
FAC-010,MED-004,2026-03-06,6
FAC-010,MED-005,2026-03-06,6
FAC-010,MED-006,2026-03-06,6
FAC-010,MED-007,2026-03-06,8
FAC-010,MED-008,2026-03-06,8
FAC-011,MED-001,2026-03-06,150
FAC-011,MED-002,2026-03-06,159
FAC-011,MED-003,2026-03-06,31
FAC-011,MED-004,2026-03-06,96
FAC-011,MED-005,2026-03-06,70
FAC-011,MED-006,2026-03-06,38
FAC-011,MED-007,2026-03-06,70
FAC-011,MED-008,2026-03-06,102
FAC-012,MED-001,2026-03-06,10
FAC-012,MED-002,2026-03-06,13
FAC-012,MED-003,2026-03-06,1
FAC-012,MED-004,2026-03-06,12
FAC-012,MED-005,2026-03-06,11
FAC-012,MED-006,2026-03-06,5
FAC-012,MED-007,2026-03-06,7
FAC-012,MED-008,2026-03-06,13
FAC-013,MED-001,2026-03-06,6
FAC-013,MED-002,2026-03-06,7
FAC-013,MED-003,2026-03-06,3
FAC-013,MED-004,2026-03-06,3
FAC-013,MED-005,2026-03-06,5
FAC-013,MED-006,2026-03-06,3
FAC-013,MED-007,2026-03-06,4
FAC-013,MED-008,2026-03-06,4
FAC-014,MED-001,2026-03-06,6
FAC-014,MED-002,2026-03-06,22
FAC-014,MED-003,2026-03-06,4
FAC-014,MED-004,2026-03-06,6
FAC-014,MED-005,2026-03-06,8
FAC-014,MED-006,2026-03-06,3
FAC-014,MED-007,2026-03-06,8
FAC-014,MED-008,2026-03-06,12
FAC-015,MED-001,2026-03-06,13
FAC-015,MED-002,2026-03-06,10
FAC-015,MED-003,2026-03-06,3
FAC-015,MED-004,2026-03-06,7
FAC-015,MED-005,2026-03-06,7
FAC-015,MED-006,2026-03-06,2
FAC-015,MED-007,2026-03-06,4
FAC-015,MED-008,2026-03-06,13
FAC-016,MED-001,2026-03-06,128
FAC-016,MED-002,2026-03-06,155
FAC-016,MED-003,2026-03-06,30
FAC-016,MED-004,2026-03-06,115
FAC-016,MED-005,2026-03-06,67
FAC-016,MED-006,2026-03-06,40
FAC-016,MED-007,2026-03-06,79
FAC-016,MED-008,2026-03-06,113
FAC-017,MED-001,2026-03-06,12
FAC-017,MED-002,2026-03-06,19
FAC-017,MED-003,2026-03-06,5
FAC-017,MED-004,2026-03-06,12
FAC-017,MED-005,2026-03-06,8
FAC-017,MED-006,2026-03-06,5
FAC-017,MED-007,2026-03-06,14
FAC-017,MED-008,2026-03-06,10
FAC-018,MED-001,2026-03-06,3
FAC-018,MED-002,2026-03-06,8
FAC-018,MED-003,2026-03-06,2
FAC-018,MED-004,2026-03-06,5
FAC-018,MED-005,2026-03-06,3
FAC-018,MED-006,2026-03-06,4
FAC-018,MED-007,2026-03-06,3
FAC-018,MED-008,2026-03-06,5
FAC-019,MED-001,2026-03-06,10
FAC-019,MED-002,2026-03-06,16
FAC-019,MED-003,2026-03-06,3
FAC-019,MED-004,2026-03-06,8
FAC-019,MED-005,2026-03-06,6
FAC-019,MED-006,2026-03-06,3
FAC-019,MED-007,2026-03-06,8
FAC-019,MED-008,2026-03-06,11
FAC-020,MED-001,2026-03-06,11
FAC-020,MED-002,2026-03-06,8
FAC-020,MED-003,2026-03-06,2
FAC-020,MED-004,2026-03-06,9
FAC-020,MED-005,2026-03-06,3
FAC-020,MED-006,2026-03-06,1
FAC-020,MED-007,2026-03-06,5
FAC-020,MED-008,2026-03-06,9
FAC-001,MED-001,2026-03-07,128
FAC-001,MED-002,2026-03-07,191
FAC-001,MED-003,2026-03-07,36
FAC-001,MED-004,2026-03-07,109
FAC-001,MED-005,2026-03-07,75
FAC-001,MED-006,2026-03-07,50
FAC-001,MED-007,2026-03-07,83
FAC-001,MED-008,2026-03-07,119
FAC-002,MED-001,2026-03-07,9
FAC-002,MED-002,2026-03-07,9
FAC-002,MED-003,2026-03-07,2
FAC-002,MED-004,2026-03-07,8
FAC-002,MED-005,2026-03-07,11
FAC-002,MED-006,2026-03-07,4
FAC-002,MED-007,2026-03-07,2
FAC-002,MED-008,2026-03-07,10
FAC-003,MED-001,2026-03-07,8
FAC-003,MED-002,2026-03-07,3
FAC-003,MED-003,2026-03-07,2
FAC-003,MED-004,2026-03-07,2
FAC-003,MED-005,2026-03-07,1
FAC-003,MED-006,2026-03-07,0
FAC-003,MED-007,2026-03-07,1
FAC-003,MED-008,2026-03-07,4
FAC-004,MED-001,2026-03-07,10
FAC-004,MED-002,2026-03-07,11
FAC-004,MED-003,2026-03-07,3
FAC-004,MED-004,2026-03-07,6
FAC-004,MED-005,2026-03-07,5
FAC-004,MED-006,2026-03-07,4
FAC-004,MED-007,2026-03-07,8
FAC-004,MED-008,2026-03-07,7
FAC-005,MED-001,2026-03-07,102
FAC-005,MED-002,2026-03-07,122
FAC-005,MED-003,2026-03-07,21
FAC-005,MED-004,2026-03-07,90
FAC-005,MED-005,2026-03-07,50
FAC-005,MED-006,2026-03-07,44
FAC-005,MED-007,2026-03-07,59
FAC-005,MED-008,2026-03-07,91
FAC-006,MED-001,2026-03-07,125
FAC-006,MED-002,2026-03-07,178
FAC-006,MED-003,2026-03-07,29
FAC-006,MED-004,2026-03-07,108
FAC-006,MED-005,2026-03-07,73
FAC-006,MED-006,2026-03-07,56
FAC-006,MED-007,2026-03-07,77
FAC-006,MED-008,2026-03-07,146
FAC-007,MED-001,2026-03-07,10
FAC-007,MED-002,2026-03-07,6
FAC-007,MED-003,2026-03-07,1
FAC-007,MED-004,2026-03-07,8
FAC-007,MED-005,2026-03-07,7
FAC-007,MED-006,2026-03-07,1
FAC-007,MED-007,2026-03-07,4
FAC-007,MED-008,2026-03-07,7
FAC-008,MED-001,2026-03-07,5
FAC-008,MED-002,2026-03-07,7
FAC-008,MED-003,2026-03-07,1
FAC-008,MED-004,2026-03-07,4
FAC-008,MED-005,2026-03-07,1
FAC-008,MED-006,2026-03-07,1
FAC-008,MED-007,2026-03-07,2
FAC-008,MED-008,2026-03-07,4
FAC-009,MED-001,2026-03-07,8
FAC-009,MED-002,2026-03-07,5
FAC-009,MED-003,2026-03-07,3
FAC-009,MED-004,2026-03-07,6
FAC-009,MED-005,2026-03-07,6
FAC-009,MED-006,2026-03-07,4
FAC-009,MED-007,2026-03-07,6
FAC-009,MED-008,2026-03-07,5
FAC-010,MED-001,2026-03-07,3
FAC-010,MED-002,2026-03-07,6
FAC-010,MED-003,2026-03-07,4
FAC-010,MED-004,2026-03-07,5
FAC-010,MED-005,2026-03-07,4
FAC-010,MED-006,2026-03-07,1
FAC-010,MED-007,2026-03-07,4
FAC-010,MED-008,2026-03-07,5
FAC-011,MED-001,2026-03-07,109
FAC-011,MED-002,2026-03-07,125
FAC-011,MED-003,2026-03-07,25
FAC-011,MED-004,2026-03-07,84
FAC-011,MED-005,2026-03-07,49
FAC-011,MED-006,2026-03-07,43
FAC-011,MED-007,2026-03-07,68
FAC-011,MED-008,2026-03-07,103
FAC-012,MED-001,2026-03-07,13
FAC-012,MED-002,2026-03-07,12
FAC-012,MED-003,2026-03-07,1
FAC-012,MED-004,2026-03-07,6
FAC-012,MED-005,2026-03-07,5
FAC-012,MED-006,2026-03-07,3
FAC-012,MED-007,2026-03-07,3
FAC-012,MED-008,2026-03-07,15
FAC-013,MED-001,2026-03-07,4
FAC-013,MED-002,2026-03-07,10
FAC-013,MED-003,2026-03-07,1
FAC-013,MED-004,2026-03-07,3
FAC-013,MED-005,2026-03-07,5
FAC-013,MED-006,2026-03-07,3
FAC-013,MED-007,2026-03-07,2
FAC-013,MED-008,2026-03-07,2
FAC-014,MED-001,2026-03-07,5
FAC-014,MED-002,2026-03-07,8
FAC-014,MED-003,2026-03-07,1
FAC-014,MED-004,2026-03-07,7
FAC-014,MED-005,2026-03-07,1
FAC-014,MED-006,2026-03-07,3
FAC-014,MED-007,2026-03-07,4
FAC-014,MED-008,2026-03-07,4
FAC-015,MED-001,2026-03-07,6
FAC-015,MED-002,2026-03-07,4
FAC-015,MED-003,2026-03-07,1
FAC-015,MED-004,2026-03-07,5
FAC-015,MED-005,2026-03-07,0
FAC-015,MED-006,2026-03-07,2
FAC-015,MED-007,2026-03-07,5
FAC-015,MED-008,2026-03-07,11
FAC-016,MED-001,2026-03-07,122
FAC-016,MED-002,2026-03-07,177
FAC-016,MED-003,2026-03-07,34
FAC-016,MED-004,2026-03-07,147
FAC-016,MED-005,2026-03-07,53
FAC-016,MED-006,2026-03-07,46
FAC-016,MED-007,2026-03-07,74
FAC-016,MED-008,2026-03-07,123
FAC-017,MED-001,2026-03-07,10
FAC-017,MED-002,2026-03-07,9
FAC-017,MED-003,2026-03-07,2
FAC-017,MED-004,2026-03-07,9
FAC-017,MED-005,2026-03-07,2
FAC-017,MED-006,2026-03-07,1
FAC-017,MED-007,2026-03-07,8
FAC-017,MED-008,2026-03-07,9
FAC-018,MED-001,2026-03-07,3
FAC-018,MED-002,2026-03-07,8
FAC-018,MED-003,2026-03-07,1
FAC-018,MED-004,2026-03-07,4
FAC-018,MED-005,2026-03-07,2
FAC-018,MED-006,2026-03-07,3
FAC-018,MED-007,2026-03-07,4
FAC-018,MED-008,2026-03-07,3
FAC-019,MED-001,2026-03-07,7
FAC-019,MED-002,2026-03-07,7
FAC-019,MED-003,2026-03-07,2
FAC-019,MED-004,2026-03-07,2
FAC-019,MED-005,2026-03-07,3
FAC-019,MED-006,2026-03-07,0
FAC-019,MED-007,2026-03-07,1
FAC-019,MED-008,2026-03-07,5
FAC-020,MED-001,2026-03-07,12
FAC-020,MED-002,2026-03-07,16
FAC-020,MED-003,2026-03-07,3
FAC-020,MED-004,2026-03-07,9
FAC-020,MED-005,2026-03-07,8
FAC-020,MED-006,2026-03-07,5
FAC-020,MED-007,2026-03-07,3
FAC-020,MED-008,2026-03-07,7
FAC-001,MED-001,2026-03-08,139
FAC-001,MED-002,2026-03-08,146
FAC-001,MED-003,2026-03-08,23
FAC-001,MED-004,2026-03-08,113
FAC-001,MED-005,2026-03-08,80
FAC-001,MED-006,2026-03-08,51
FAC-001,MED-007,2026-03-08,86
FAC-001,MED-008,2026-03-08,126
FAC-002,MED-001,2026-03-08,7
FAC-002,MED-002,2026-03-08,11
FAC-002,MED-003,2026-03-08,1
FAC-002,MED-004,2026-03-08,8
FAC-002,MED-005,2026-03-08,6
FAC-002,MED-006,2026-03-08,2
FAC-002,MED-007,2026-03-08,8
FAC-002,MED-008,2026-03-08,8
FAC-003,MED-001,2026-03-08,3
FAC-003,MED-002,2026-03-08,5
FAC-003,MED-003,2026-03-08,3
FAC-003,MED-004,2026-03-08,8
FAC-003,MED-005,2026-03-08,0
FAC-003,MED-006,2026-03-08,1
FAC-003,MED-007,2026-03-08,2
FAC-003,MED-008,2026-03-08,7
FAC-004,MED-001,2026-03-08,9
FAC-004,MED-002,2026-03-08,13
FAC-004,MED-003,2026-03-08,3
FAC-004,MED-004,2026-03-08,8
FAC-004,MED-005,2026-03-08,5
FAC-004,MED-006,2026-03-08,3
FAC-004,MED-007,2026-03-08,3
FAC-004,MED-008,2026-03-08,10
FAC-005,MED-001,2026-03-08,92
FAC-005,MED-002,2026-03-08,128
FAC-005,MED-003,2026-03-08,22
FAC-005,MED-004,2026-03-08,97
FAC-005,MED-005,2026-03-08,65
FAC-005,MED-006,2026-03-08,27
FAC-005,MED-007,2026-03-08,117
FAC-005,MED-008,2026-03-08,108
FAC-006,MED-001,2026-03-08,143
FAC-006,MED-002,2026-03-08,157
FAC-006,MED-003,2026-03-08,20
FAC-006,MED-004,2026-03-08,106
FAC-006,MED-005,2026-03-08,56
FAC-006,MED-006,2026-03-08,34
FAC-006,MED-007,2026-03-08,71
FAC-006,MED-008,2026-03-08,114
FAC-007,MED-001,2026-03-08,10
FAC-007,MED-002,2026-03-08,12
FAC-007,MED-003,2026-03-08,1
FAC-007,MED-004,2026-03-08,11
FAC-007,MED-005,2026-03-08,8
FAC-007,MED-006,2026-03-08,6
FAC-007,MED-007,2026-03-08,5
FAC-007,MED-008,2026-03-08,11
FAC-008,MED-001,2026-03-08,7
FAC-008,MED-002,2026-03-08,9
FAC-008,MED-003,2026-03-08,1
FAC-008,MED-004,2026-03-08,2
FAC-008,MED-005,2026-03-08,5
FAC-008,MED-006,2026-03-08,4
FAC-008,MED-007,2026-03-08,1
FAC-008,MED-008,2026-03-08,1
FAC-009,MED-001,2026-03-08,6
FAC-009,MED-002,2026-03-08,5
FAC-009,MED-003,2026-03-08,2
FAC-009,MED-004,2026-03-08,4
FAC-009,MED-005,2026-03-08,3
FAC-009,MED-006,2026-03-08,2
FAC-009,MED-007,2026-03-08,5
FAC-009,MED-008,2026-03-08,7
FAC-010,MED-001,2026-03-08,6
FAC-010,MED-002,2026-03-08,9
FAC-010,MED-003,2026-03-08,2
FAC-010,MED-004,2026-03-08,5
FAC-010,MED-005,2026-03-08,7
FAC-010,MED-006,2026-03-08,2
FAC-010,MED-007,2026-03-08,5
FAC-010,MED-008,2026-03-08,2
FAC-011,MED-001,2026-03-08,109
FAC-011,MED-002,2026-03-08,132
FAC-011,MED-003,2026-03-08,27
FAC-011,MED-004,2026-03-08,98
FAC-011,MED-005,2026-03-08,50
FAC-011,MED-006,2026-03-08,35
FAC-011,MED-007,2026-03-08,77
FAC-011,MED-008,2026-03-08,77
FAC-012,MED-001,2026-03-08,14
FAC-012,MED-002,2026-03-08,10
FAC-012,MED-003,2026-03-08,2
FAC-012,MED-004,2026-03-08,10
FAC-012,MED-005,2026-03-08,5
FAC-012,MED-006,2026-03-08,3
FAC-012,MED-007,2026-03-08,3
FAC-012,MED-008,2026-03-08,9
FAC-013,MED-001,2026-03-08,6
FAC-013,MED-002,2026-03-08,9
FAC-013,MED-003,2026-03-08,6
FAC-013,MED-004,2026-03-08,9
FAC-013,MED-005,2026-03-08,1
FAC-013,MED-006,2026-03-08,2
FAC-013,MED-007,2026-03-08,3
FAC-013,MED-008,2026-03-08,6
FAC-014,MED-001,2026-03-08,11
FAC-014,MED-002,2026-03-08,12
FAC-014,MED-003,2026-03-08,2
FAC-014,MED-004,2026-03-08,6
FAC-014,MED-005,2026-03-08,3
FAC-014,MED-006,2026-03-08,2
FAC-014,MED-007,2026-03-08,5
FAC-014,MED-008,2026-03-08,8
FAC-015,MED-001,2026-03-08,9
FAC-015,MED-002,2026-03-08,15
FAC-015,MED-003,2026-03-08,1
FAC-015,MED-004,2026-03-08,3
FAC-015,MED-005,2026-03-08,2
FAC-015,MED-006,2026-03-08,1
FAC-015,MED-007,2026-03-08,2
FAC-015,MED-008,2026-03-08,2
FAC-016,MED-001,2026-03-08,119
FAC-016,MED-002,2026-03-08,172
FAC-016,MED-003,2026-03-08,32
FAC-016,MED-004,2026-03-08,118
FAC-016,MED-005,2026-03-08,74
FAC-016,MED-006,2026-03-08,42
FAC-016,MED-007,2026-03-08,77
FAC-016,MED-008,2026-03-08,123
FAC-017,MED-001,2026-03-08,9
FAC-017,MED-002,2026-03-08,8
FAC-017,MED-003,2026-03-08,1
FAC-017,MED-004,2026-03-08,9
FAC-017,MED-005,2026-03-08,2
FAC-017,MED-006,2026-03-08,1
FAC-017,MED-007,2026-03-08,9
FAC-017,MED-008,2026-03-08,8
FAC-018,MED-001,2026-03-08,2
FAC-018,MED-002,2026-03-08,4
FAC-018,MED-003,2026-03-08,2
FAC-018,MED-004,2026-03-08,3
FAC-018,MED-005,2026-03-08,2
FAC-018,MED-006,2026-03-08,2
FAC-018,MED-007,2026-03-08,2
FAC-018,MED-008,2026-03-08,6
FAC-019,MED-001,2026-03-08,9
FAC-019,MED-002,2026-03-08,5
FAC-019,MED-003,2026-03-08,2
FAC-019,MED-004,2026-03-08,1
FAC-019,MED-005,2026-03-08,2
FAC-019,MED-006,2026-03-08,2
FAC-019,MED-007,2026-03-08,6
FAC-019,MED-008,2026-03-08,6
FAC-020,MED-001,2026-03-08,7
FAC-020,MED-002,2026-03-08,9
FAC-020,MED-003,2026-03-08,1
FAC-020,MED-004,2026-03-08,3
FAC-020,MED-005,2026-03-08,1
FAC-020,MED-006,2026-03-08,5
FAC-020,MED-007,2026-03-08,3
FAC-020,MED-008,2026-03-08,6
FAC-001,MED-001,2026-03-09,156
FAC-001,MED-002,2026-03-09,166
FAC-001,MED-003,2026-03-09,34
FAC-001,MED-004,2026-03-09,122
FAC-001,MED-005,2026-03-09,81
FAC-001,MED-006,2026-03-09,48
FAC-001,MED-007,2026-03-09,74
FAC-001,MED-008,2026-03-09,116
FAC-002,MED-001,2026-03-09,17
FAC-002,MED-002,2026-03-09,20
FAC-002,MED-003,2026-03-09,5
FAC-002,MED-004,2026-03-09,19
FAC-002,MED-005,2026-03-09,9
FAC-002,MED-006,2026-03-09,5
FAC-002,MED-007,2026-03-09,6
FAC-002,MED-008,2026-03-09,18
FAC-003,MED-001,2026-03-09,5
FAC-003,MED-002,2026-03-09,1
FAC-003,MED-003,2026-03-09,3
FAC-003,MED-004,2026-03-09,2
FAC-003,MED-005,2026-03-09,0
FAC-003,MED-006,2026-03-09,4
FAC-003,MED-007,2026-03-09,0
FAC-003,MED-008,2026-03-09,2
FAC-004,MED-001,2026-03-09,15
FAC-004,MED-002,2026-03-09,16
FAC-004,MED-003,2026-03-09,3
FAC-004,MED-004,2026-03-09,11
FAC-004,MED-005,2026-03-09,11
FAC-004,MED-006,2026-03-09,1
FAC-004,MED-007,2026-03-09,8
FAC-004,MED-008,2026-03-09,12
FAC-005,MED-001,2026-03-09,124
FAC-005,MED-002,2026-03-09,143
FAC-005,MED-003,2026-03-09,24
FAC-005,MED-004,2026-03-09,85
FAC-005,MED-005,2026-03-09,58
FAC-005,MED-006,2026-03-09,29
FAC-005,MED-007,2026-03-09,62
FAC-005,MED-008,2026-03-09,106
FAC-006,MED-001,2026-03-09,124
FAC-006,MED-002,2026-03-09,172
FAC-006,MED-003,2026-03-09,31
FAC-006,MED-004,2026-03-09,99
FAC-006,MED-005,2026-03-09,61
FAC-006,MED-006,2026-03-09,32
FAC-006,MED-007,2026-03-09,66
FAC-006,MED-008,2026-03-09,131
FAC-007,MED-001,2026-03-09,17
FAC-007,MED-002,2026-03-09,15
FAC-007,MED-003,2026-03-09,3
FAC-007,MED-004,2026-03-09,15
FAC-007,MED-005,2026-03-09,7
FAC-007,MED-006,2026-03-09,6
FAC-007,MED-007,2026-03-09,9
FAC-007,MED-008,2026-03-09,18
FAC-008,MED-001,2026-03-09,5
FAC-008,MED-002,2026-03-09,4
FAC-008,MED-003,2026-03-09,2
FAC-008,MED-004,2026-03-09,8
FAC-008,MED-005,2026-03-09,3
FAC-008,MED-006,2026-03-09,4
FAC-008,MED-007,2026-03-09,3
FAC-008,MED-008,2026-03-09,6
FAC-009,MED-001,2026-03-09,9
FAC-009,MED-002,2026-03-09,12
FAC-009,MED-003,2026-03-09,4
FAC-009,MED-004,2026-03-09,11
FAC-009,MED-005,2026-03-09,9
FAC-009,MED-006,2026-03-09,6
FAC-009,MED-007,2026-03-09,4
FAC-009,MED-008,2026-03-09,7
FAC-010,MED-001,2026-03-09,11
FAC-010,MED-002,2026-03-09,8
FAC-010,MED-003,2026-03-09,6
FAC-010,MED-004,2026-03-09,6
FAC-010,MED-005,2026-03-09,4
FAC-010,MED-006,2026-03-09,7
FAC-010,MED-007,2026-03-09,5
FAC-010,MED-008,2026-03-09,10
FAC-011,MED-001,2026-03-09,139
FAC-011,MED-002,2026-03-09,139
FAC-011,MED-003,2026-03-09,21
FAC-011,MED-004,2026-03-09,116
FAC-011,MED-005,2026-03-09,77
FAC-011,MED-006,2026-03-09,31
FAC-011,MED-007,2026-03-09,59
FAC-011,MED-008,2026-03-09,122
FAC-012,MED-001,2026-03-09,9
FAC-012,MED-002,2026-03-09,17
FAC-012,MED-003,2026-03-09,5
FAC-012,MED-004,2026-03-09,8
FAC-012,MED-005,2026-03-09,5
FAC-012,MED-006,2026-03-09,5
FAC-012,MED-007,2026-03-09,10
FAC-012,MED-008,2026-03-09,18
FAC-013,MED-001,2026-03-09,6
FAC-013,MED-002,2026-03-09,7
FAC-013,MED-003,2026-03-09,5
FAC-013,MED-004,2026-03-09,6
FAC-013,MED-005,2026-03-09,4
FAC-013,MED-006,2026-03-09,1
FAC-013,MED-007,2026-03-09,3
FAC-013,MED-008,2026-03-09,2
FAC-014,MED-001,2026-03-09,14
FAC-014,MED-002,2026-03-09,10
FAC-014,MED-003,2026-03-09,4
FAC-014,MED-004,2026-03-09,6
FAC-014,MED-005,2026-03-09,6
FAC-014,MED-006,2026-03-09,6
FAC-014,MED-007,2026-03-09,9
FAC-014,MED-008,2026-03-09,12
FAC-015,MED-001,2026-03-09,7
FAC-015,MED-002,2026-03-09,10
FAC-015,MED-003,2026-03-09,3
FAC-015,MED-004,2026-03-09,10
FAC-015,MED-005,2026-03-09,5
FAC-015,MED-006,2026-03-09,0
FAC-015,MED-007,2026-03-09,4
FAC-015,MED-008,2026-03-09,8
FAC-016,MED-001,2026-03-09,128
FAC-016,MED-002,2026-03-09,167
FAC-016,MED-003,2026-03-09,31
FAC-016,MED-004,2026-03-09,121
FAC-016,MED-005,2026-03-09,83
FAC-016,MED-006,2026-03-09,38
FAC-016,MED-007,2026-03-09,69
FAC-016,MED-008,2026-03-09,147
FAC-017,MED-001,2026-03-09,10
FAC-017,MED-002,2026-03-09,21
FAC-017,MED-003,2026-03-09,5
FAC-017,MED-004,2026-03-09,6
FAC-017,MED-005,2026-03-09,5
FAC-017,MED-006,2026-03-09,3
FAC-017,MED-007,2026-03-09,8
FAC-017,MED-008,2026-03-09,15
FAC-018,MED-001,2026-03-09,5
FAC-018,MED-002,2026-03-09,5
FAC-018,MED-003,2026-03-09,6
FAC-018,MED-004,2026-03-09,5
FAC-018,MED-005,2026-03-09,3
FAC-018,MED-006,2026-03-09,3
FAC-018,MED-007,2026-03-09,6
FAC-018,MED-008,2026-03-09,2
FAC-019,MED-001,2026-03-09,7
FAC-019,MED-002,2026-03-09,15
FAC-019,MED-003,2026-03-09,5
FAC-019,MED-004,2026-03-09,14
FAC-019,MED-005,2026-03-09,11
FAC-019,MED-006,2026-03-09,1
FAC-019,MED-007,2026-03-09,5
FAC-019,MED-008,2026-03-09,9
FAC-020,MED-001,2026-03-09,17
FAC-020,MED-002,2026-03-09,12
FAC-020,MED-003,2026-03-09,4
FAC-020,MED-004,2026-03-09,12
FAC-020,MED-005,2026-03-09,2
FAC-020,MED-006,2026-03-09,8
FAC-020,MED-007,2026-03-09,7
FAC-020,MED-008,2026-03-09,10
FAC-001,MED-001,2026-03-10,121
FAC-001,MED-002,2026-03-10,178
FAC-001,MED-003,2026-03-10,41
FAC-001,MED-004,2026-03-10,118
FAC-001,MED-005,2026-03-10,57
FAC-001,MED-006,2026-03-10,60
FAC-001,MED-007,2026-03-10,82
FAC-001,MED-008,2026-03-10,120
FAC-002,MED-001,2026-03-10,17
FAC-002,MED-002,2026-03-10,24
FAC-002,MED-003,2026-03-10,6
FAC-002,MED-004,2026-03-10,8
FAC-002,MED-005,2026-03-10,5
FAC-002,MED-006,2026-03-10,8
FAC-002,MED-007,2026-03-10,12
FAC-002,MED-008,2026-03-10,17
FAC-003,MED-001,2026-03-10,5
FAC-003,MED-002,2026-03-10,7
FAC-003,MED-003,2026-03-10,4
FAC-003,MED-004,2026-03-10,1
FAC-003,MED-005,2026-03-10,7
FAC-003,MED-006,2026-03-10,5
FAC-003,MED-007,2026-03-10,3
FAC-003,MED-008,2026-03-10,4
FAC-004,MED-001,2026-03-10,20
FAC-004,MED-002,2026-03-10,31
FAC-004,MED-003,2026-03-10,3
FAC-004,MED-004,2026-03-10,24
FAC-004,MED-005,2026-03-10,0
FAC-004,MED-006,2026-03-10,5
FAC-004,MED-007,2026-03-10,11
FAC-004,MED-008,2026-03-10,23
FAC-005,MED-001,2026-03-10,134
FAC-005,MED-002,2026-03-10,131
FAC-005,MED-003,2026-03-10,24
FAC-005,MED-004,2026-03-10,97
FAC-005,MED-005,2026-03-10,55
FAC-005,MED-006,2026-03-10,26
FAC-005,MED-007,2026-03-10,84
FAC-005,MED-008,2026-03-10,96
FAC-006,MED-001,2026-03-10,146
FAC-006,MED-002,2026-03-10,180
FAC-006,MED-003,2026-03-10,26
FAC-006,MED-004,2026-03-10,123
FAC-006,MED-005,2026-03-10,49
FAC-006,MED-006,2026-03-10,48
FAC-006,MED-007,2026-03-10,91
FAC-006,MED-008,2026-03-10,108
FAC-007,MED-001,2026-03-10,15
FAC-007,MED-002,2026-03-10,14
FAC-007,MED-003,2026-03-10,0
FAC-007,MED-004,2026-03-10,11
FAC-007,MED-005,2026-03-10,4
FAC-007,MED-006,2026-03-10,7
FAC-007,MED-007,2026-03-10,6
FAC-007,MED-008,2026-03-10,18
FAC-008,MED-001,2026-03-10,12
FAC-008,MED-002,2026-03-10,5
FAC-008,MED-003,2026-03-10,4
FAC-008,MED-004,2026-03-10,3
FAC-008,MED-005,2026-03-10,2
FAC-008,MED-006,2026-03-10,2
FAC-008,MED-007,2026-03-10,3
FAC-008,MED-008,2026-03-10,10
FAC-009,MED-001,2026-03-10,13
FAC-009,MED-002,2026-03-10,11
FAC-009,MED-003,2026-03-10,1
FAC-009,MED-004,2026-03-10,16
FAC-009,MED-005,2026-03-10,5
FAC-009,MED-006,2026-03-10,2
FAC-009,MED-007,2026-03-10,5
FAC-009,MED-008,2026-03-10,11
FAC-010,MED-001,2026-03-10,11
FAC-010,MED-002,2026-03-10,15
FAC-010,MED-003,2026-03-10,5
FAC-010,MED-004,2026-03-10,6
FAC-010,MED-005,2026-03-10,4
FAC-010,MED-006,2026-03-10,1
FAC-010,MED-007,2026-03-10,6
FAC-010,MED-008,2026-03-10,9
FAC-011,MED-001,2026-03-10,136
FAC-011,MED-002,2026-03-10,137
FAC-011,MED-003,2026-03-10,26
FAC-011,MED-004,2026-03-10,108
FAC-011,MED-005,2026-03-10,74
FAC-011,MED-006,2026-03-10,40
FAC-011,MED-007,2026-03-10,60
FAC-011,MED-008,2026-03-10,108
FAC-012,MED-001,2026-03-10,15
FAC-012,MED-002,2026-03-10,22
FAC-012,MED-003,2026-03-10,3
FAC-012,MED-004,2026-03-10,15
FAC-012,MED-005,2026-03-10,8
FAC-012,MED-006,2026-03-10,4
FAC-012,MED-007,2026-03-10,9
FAC-012,MED-008,2026-03-10,12
FAC-013,MED-001,2026-03-10,1
FAC-013,MED-002,2026-03-10,6
FAC-013,MED-003,2026-03-10,3
FAC-013,MED-004,2026-03-10,3
FAC-013,MED-005,2026-03-10,3
FAC-013,MED-006,2026-03-10,3
FAC-013,MED-007,2026-03-10,6
FAC-013,MED-008,2026-03-10,4
FAC-014,MED-001,2026-03-10,5
FAC-014,MED-002,2026-03-10,16
FAC-014,MED-003,2026-03-10,3
FAC-014,MED-004,2026-03-10,6
FAC-014,MED-005,2026-03-10,10
FAC-014,MED-006,2026-03-10,7
FAC-014,MED-007,2026-03-10,8
FAC-014,MED-008,2026-03-10,7
FAC-015,MED-001,2026-03-10,5
FAC-015,MED-002,2026-03-10,12
FAC-015,MED-003,2026-03-10,5
FAC-015,MED-004,2026-03-10,11
FAC-015,MED-005,2026-03-10,5
FAC-015,MED-006,2026-03-10,2
FAC-015,MED-007,2026-03-10,4
FAC-015,MED-008,2026-03-10,16
FAC-016,MED-001,2026-03-10,133
FAC-016,MED-002,2026-03-10,154
FAC-016,MED-003,2026-03-10,32
FAC-016,MED-004,2026-03-10,104
FAC-016,MED-005,2026-03-10,67
FAC-016,MED-006,2026-03-10,46
FAC-016,MED-007,2026-03-10,78
FAC-016,MED-008,2026-03-10,135
FAC-017,MED-001,2026-03-10,10
FAC-017,MED-002,2026-03-10,21
FAC-017,MED-003,2026-03-10,3
FAC-017,MED-004,2026-03-10,12
FAC-017,MED-005,2026-03-10,9
FAC-017,MED-006,2026-03-10,7
FAC-017,MED-007,2026-03-10,5
FAC-017,MED-008,2026-03-10,13
FAC-018,MED-001,2026-03-10,5
FAC-018,MED-002,2026-03-10,7
FAC-018,MED-003,2026-03-10,3
FAC-018,MED-004,2026-03-10,2
FAC-018,MED-005,2026-03-10,3
FAC-018,MED-006,2026-03-10,1
FAC-018,MED-007,2026-03-10,6
FAC-018,MED-008,2026-03-10,4
FAC-019,MED-001,2026-03-10,22
FAC-019,MED-002,2026-03-10,16
FAC-019,MED-003,2026-03-10,0
FAC-019,MED-004,2026-03-10,12
FAC-019,MED-005,2026-03-10,6
FAC-019,MED-006,2026-03-10,8
FAC-019,MED-007,2026-03-10,10
FAC-019,MED-008,2026-03-10,11
FAC-020,MED-001,2026-03-10,6
FAC-020,MED-002,2026-03-10,11
FAC-020,MED-003,2026-03-10,3
FAC-020,MED-004,2026-03-10,9
FAC-020,MED-005,2026-03-10,4
FAC-020,MED-006,2026-03-10,5
FAC-020,MED-007,2026-03-10,3
FAC-020,MED-008,2026-03-10,9
FAC-001,MED-001,2026-03-11,154
FAC-001,MED-002,2026-03-11,93
FAC-001,MED-003,2026-03-11,31
FAC-001,MED-004,2026-03-11,132
FAC-001,MED-005,2026-03-11,66
FAC-001,MED-006,2026-03-11,49
FAC-001,MED-007,2026-03-11,84
FAC-001,MED-008,2026-03-11,150
FAC-002,MED-001,2026-03-11,13
FAC-002,MED-002,2026-03-11,20
FAC-002,MED-003,2026-03-11,0
FAC-002,MED-004,2026-03-11,9
FAC-002,MED-005,2026-03-11,5
FAC-002,MED-006,2026-03-11,3
FAC-002,MED-007,2026-03-11,8
FAC-002,MED-008,2026-03-11,9
FAC-003,MED-001,2026-03-11,4
FAC-003,MED-002,2026-03-11,7
FAC-003,MED-003,2026-03-11,5
FAC-003,MED-004,2026-03-11,6
FAC-003,MED-005,2026-03-11,6
FAC-003,MED-006,2026-03-11,3
FAC-003,MED-007,2026-03-11,2
FAC-003,MED-008,2026-03-11,7
FAC-004,MED-001,2026-03-11,22
FAC-004,MED-002,2026-03-11,26
FAC-004,MED-003,2026-03-11,2
FAC-004,MED-004,2026-03-11,16
FAC-004,MED-005,2026-03-11,0
FAC-004,MED-006,2026-03-11,4
FAC-004,MED-007,2026-03-11,12
FAC-004,MED-008,2026-03-11,24
FAC-005,MED-001,2026-03-11,101
FAC-005,MED-002,2026-03-11,134
FAC-005,MED-003,2026-03-11,27
FAC-005,MED-004,2026-03-11,95
FAC-005,MED-005,2026-03-11,57
FAC-005,MED-006,2026-03-11,39
FAC-005,MED-007,2026-03-11,66
FAC-005,MED-008,2026-03-11,102
FAC-006,MED-001,2026-03-11,81
FAC-006,MED-002,2026-03-11,38
FAC-006,MED-003,2026-03-11,0
FAC-006,MED-004,2026-03-11,126
FAC-006,MED-005,2026-03-11,72
FAC-006,MED-006,2026-03-11,5
FAC-006,MED-007,2026-03-11,35
FAC-006,MED-008,2026-03-11,125
FAC-007,MED-001,2026-03-11,12
FAC-007,MED-002,2026-03-11,13
FAC-007,MED-003,2026-03-11,2
FAC-007,MED-004,2026-03-11,9
FAC-007,MED-005,2026-03-11,7
FAC-007,MED-006,2026-03-11,2
FAC-007,MED-007,2026-03-11,7
FAC-007,MED-008,2026-03-11,12
FAC-008,MED-001,2026-03-11,5
FAC-008,MED-002,2026-03-11,6
FAC-008,MED-003,2026-03-11,5
FAC-008,MED-004,2026-03-11,3
FAC-008,MED-005,2026-03-11,4
FAC-008,MED-006,2026-03-11,2
FAC-008,MED-007,2026-03-11,5
FAC-008,MED-008,2026-03-11,6
FAC-009,MED-001,2026-03-11,12
FAC-009,MED-002,2026-03-11,11
FAC-009,MED-003,2026-03-11,1
FAC-009,MED-004,2026-03-11,10
FAC-009,MED-005,2026-03-11,12
FAC-009,MED-006,2026-03-11,5
FAC-009,MED-007,2026-03-11,4
FAC-009,MED-008,2026-03-11,9
FAC-010,MED-001,2026-03-11,10
FAC-010,MED-002,2026-03-11,10
FAC-010,MED-003,2026-03-11,5
FAC-010,MED-004,2026-03-11,7
FAC-010,MED-005,2026-03-11,7
FAC-010,MED-006,2026-03-11,3
FAC-010,MED-007,2026-03-11,5
FAC-010,MED-008,2026-03-11,10
FAC-011,MED-001,2026-03-11,111
FAC-011,MED-002,2026-03-11,148
FAC-011,MED-003,2026-03-11,37
FAC-011,MED-004,2026-03-11,100
FAC-011,MED-005,2026-03-11,65
FAC-011,MED-006,2026-03-11,46
FAC-011,MED-007,2026-03-11,81
FAC-011,MED-008,2026-03-11,102
FAC-012,MED-001,2026-03-11,26
FAC-012,MED-002,2026-03-11,20
FAC-012,MED-003,2026-03-11,4
FAC-012,MED-004,2026-03-11,12
FAC-012,MED-005,2026-03-11,9
FAC-012,MED-006,2026-03-11,8
FAC-012,MED-007,2026-03-11,11
FAC-012,MED-008,2026-03-11,12
FAC-013,MED-001,2026-03-11,4
FAC-013,MED-002,2026-03-11,6
FAC-013,MED-003,2026-03-11,4
FAC-013,MED-004,2026-03-11,4
FAC-013,MED-005,2026-03-11,4
FAC-013,MED-006,2026-03-11,1
FAC-013,MED-007,2026-03-11,3
FAC-013,MED-008,2026-03-11,8
FAC-014,MED-001,2026-03-11,12
FAC-014,MED-002,2026-03-11,21
FAC-014,MED-003,2026-03-11,0
FAC-014,MED-004,2026-03-11,8
FAC-014,MED-005,2026-03-11,8
FAC-014,MED-006,2026-03-11,3
FAC-014,MED-007,2026-03-11,3
FAC-014,MED-008,2026-03-11,9
FAC-015,MED-001,2026-03-11,7
FAC-015,MED-002,2026-03-11,14
FAC-015,MED-003,2026-03-11,2
FAC-015,MED-004,2026-03-11,3
FAC-015,MED-005,2026-03-11,2
FAC-015,MED-006,2026-03-11,2
FAC-015,MED-007,2026-03-11,9
FAC-015,MED-008,2026-03-11,8
FAC-016,MED-001,2026-03-11,142
FAC-016,MED-002,2026-03-11,205
FAC-016,MED-003,2026-03-11,35
FAC-016,MED-004,2026-03-11,116
FAC-016,MED-005,2026-03-11,64
FAC-016,MED-006,2026-03-11,59
FAC-016,MED-007,2026-03-11,108
FAC-016,MED-008,2026-03-11,121
FAC-017,MED-001,2026-03-11,9
FAC-017,MED-002,2026-03-11,19
FAC-017,MED-003,2026-03-11,5
FAC-017,MED-004,2026-03-11,15
FAC-017,MED-005,2026-03-11,5
FAC-017,MED-006,2026-03-11,2
FAC-017,MED-007,2026-03-11,4
FAC-017,MED-008,2026-03-11,4
FAC-018,MED-001,2026-03-11,6
FAC-018,MED-002,2026-03-11,8
FAC-018,MED-003,2026-03-11,6
FAC-018,MED-004,2026-03-11,6
FAC-018,MED-005,2026-03-11,2
FAC-018,MED-006,2026-03-11,3
FAC-018,MED-007,2026-03-11,7
FAC-018,MED-008,2026-03-11,6
FAC-019,MED-001,2026-03-11,13
FAC-019,MED-002,2026-03-11,16
FAC-019,MED-003,2026-03-11,3
FAC-019,MED-004,2026-03-11,8
FAC-019,MED-005,2026-03-11,10
FAC-019,MED-006,2026-03-11,5
FAC-019,MED-007,2026-03-11,6
FAC-019,MED-008,2026-03-11,12
FAC-020,MED-001,2026-03-11,13
FAC-020,MED-002,2026-03-11,12
FAC-020,MED-003,2026-03-11,6
FAC-020,MED-004,2026-03-11,10
FAC-020,MED-005,2026-03-11,4
FAC-020,MED-006,2026-03-11,6
FAC-020,MED-007,2026-03-11,6
FAC-020,MED-008,2026-03-11,7
FAC-001,MED-001,2026-03-12,137
FAC-001,MED-002,2026-03-12,0
FAC-001,MED-003,2026-03-12,29
FAC-001,MED-004,2026-03-12,119
FAC-001,MED-005,2026-03-12,74
FAC-001,MED-006,2026-03-12,46
FAC-001,MED-007,2026-03-12,88
FAC-001,MED-008,2026-03-12,134
FAC-002,MED-001,2026-03-12,18
FAC-002,MED-002,2026-03-12,14
FAC-002,MED-003,2026-03-12,1
FAC-002,MED-004,2026-03-12,11
FAC-002,MED-005,2026-03-12,7
FAC-002,MED-006,2026-03-12,6
FAC-002,MED-007,2026-03-12,7
FAC-002,MED-008,2026-03-12,4
FAC-003,MED-001,2026-03-12,5
FAC-003,MED-002,2026-03-12,8
FAC-003,MED-003,2026-03-12,3
FAC-003,MED-004,2026-03-12,7
FAC-003,MED-005,2026-03-12,5
FAC-003,MED-006,2026-03-12,10
FAC-003,MED-007,2026-03-12,1
FAC-003,MED-008,2026-03-12,8
FAC-004,MED-001,2026-03-12,16
FAC-004,MED-002,2026-03-12,14
FAC-004,MED-003,2026-03-12,4
FAC-004,MED-004,2026-03-12,9
FAC-004,MED-005,2026-03-12,0
FAC-004,MED-006,2026-03-12,4
FAC-004,MED-007,2026-03-12,14
FAC-004,MED-008,2026-03-12,12
FAC-005,MED-001,2026-03-12,107
FAC-005,MED-002,2026-03-12,142
FAC-005,MED-003,2026-03-12,26
FAC-005,MED-004,2026-03-12,92
FAC-005,MED-005,2026-03-12,57
FAC-005,MED-006,2026-03-12,34
FAC-005,MED-007,2026-03-12,60
FAC-005,MED-008,2026-03-12,113
FAC-006,MED-001,2026-03-12,0
FAC-006,MED-002,2026-03-12,0
FAC-006,MED-003,2026-03-12,0
FAC-006,MED-004,2026-03-12,111
FAC-006,MED-005,2026-03-12,105
FAC-006,MED-006,2026-03-12,0
FAC-006,MED-007,2026-03-12,0
FAC-006,MED-008,2026-03-12,116
FAC-007,MED-001,2026-03-12,13
FAC-007,MED-002,2026-03-12,11
FAC-007,MED-003,2026-03-12,9
FAC-007,MED-004,2026-03-12,10
FAC-007,MED-005,2026-03-12,6
FAC-007,MED-006,2026-03-12,6
FAC-007,MED-007,2026-03-12,7
FAC-007,MED-008,2026-03-12,15
FAC-008,MED-001,2026-03-12,5
FAC-008,MED-002,2026-03-12,10
FAC-008,MED-003,2026-03-12,8
FAC-008,MED-004,2026-03-12,12
FAC-008,MED-005,2026-03-12,4
FAC-008,MED-006,2026-03-12,1
FAC-008,MED-007,2026-03-12,5
FAC-008,MED-008,2026-03-12,3
FAC-009,MED-001,2026-03-12,7
FAC-009,MED-002,2026-03-12,17
FAC-009,MED-003,2026-03-12,1
FAC-009,MED-004,2026-03-12,6
FAC-009,MED-005,2026-03-12,3
FAC-009,MED-006,2026-03-12,1
FAC-009,MED-007,2026-03-12,8
FAC-009,MED-008,2026-03-12,3
FAC-010,MED-001,2026-03-12,15
FAC-010,MED-002,2026-03-12,7
FAC-010,MED-003,2026-03-12,4
FAC-010,MED-004,2026-03-12,4
FAC-010,MED-005,2026-03-12,2
FAC-010,MED-006,2026-03-12,2
FAC-010,MED-007,2026-03-12,4
FAC-010,MED-008,2026-03-12,11
FAC-011,MED-001,2026-03-12,129
FAC-011,MED-002,2026-03-12,156
FAC-011,MED-003,2026-03-12,23
FAC-011,MED-004,2026-03-12,100
FAC-011,MED-005,2026-03-12,57
FAC-011,MED-006,2026-03-12,42
FAC-011,MED-007,2026-03-12,72
FAC-011,MED-008,2026-03-12,112
FAC-012,MED-001,2026-03-12,32
FAC-012,MED-002,2026-03-12,13
FAC-012,MED-003,2026-03-12,5
FAC-012,MED-004,2026-03-12,10
FAC-012,MED-005,2026-03-12,8
FAC-012,MED-006,2026-03-12,4
FAC-012,MED-007,2026-03-12,6
FAC-012,MED-008,2026-03-12,16
FAC-013,MED-001,2026-03-12,3
FAC-013,MED-002,2026-03-12,7
FAC-013,MED-003,2026-03-12,5
FAC-013,MED-004,2026-03-12,3
FAC-013,MED-005,2026-03-12,1
FAC-013,MED-006,2026-03-12,3
FAC-013,MED-007,2026-03-12,6
FAC-013,MED-008,2026-03-12,4
FAC-014,MED-001,2026-03-12,16
FAC-014,MED-002,2026-03-12,15
FAC-014,MED-003,2026-03-12,0
FAC-014,MED-004,2026-03-12,14
FAC-014,MED-005,2026-03-12,4
FAC-014,MED-006,2026-03-12,4
FAC-014,MED-007,2026-03-12,3
FAC-014,MED-008,2026-03-12,7
FAC-015,MED-001,2026-03-12,8
FAC-015,MED-002,2026-03-12,8
FAC-015,MED-003,2026-03-12,4
FAC-015,MED-004,2026-03-12,5
FAC-015,MED-005,2026-03-12,5
FAC-015,MED-006,2026-03-12,4
FAC-015,MED-007,2026-03-12,8
FAC-015,MED-008,2026-03-12,14
FAC-016,MED-001,2026-03-12,134
FAC-016,MED-002,2026-03-12,187
FAC-016,MED-003,2026-03-12,37
FAC-016,MED-004,2026-03-12,112
FAC-016,MED-005,2026-03-12,71
FAC-016,MED-006,2026-03-12,50
FAC-016,MED-007,2026-03-12,77
FAC-016,MED-008,2026-03-12,115
FAC-017,MED-001,2026-03-12,16
FAC-017,MED-002,2026-03-12,10
FAC-017,MED-003,2026-03-12,4
FAC-017,MED-004,2026-03-12,8
FAC-017,MED-005,2026-03-12,9
FAC-017,MED-006,2026-03-12,3
FAC-017,MED-007,2026-03-12,9
FAC-017,MED-008,2026-03-12,10
FAC-018,MED-001,2026-03-12,5
FAC-018,MED-002,2026-03-12,4
FAC-018,MED-003,2026-03-12,4
FAC-018,MED-004,2026-03-12,3
FAC-018,MED-005,2026-03-12,3
FAC-018,MED-006,2026-03-12,6
FAC-018,MED-007,2026-03-12,4
FAC-018,MED-008,2026-03-12,2
FAC-019,MED-001,2026-03-12,13
FAC-019,MED-002,2026-03-12,16
FAC-019,MED-003,2026-03-12,3
FAC-019,MED-004,2026-03-12,13
FAC-019,MED-005,2026-03-12,8
FAC-019,MED-006,2026-03-12,4
FAC-019,MED-007,2026-03-12,8
FAC-019,MED-008,2026-03-12,13
FAC-020,MED-001,2026-03-12,18
FAC-020,MED-002,2026-03-12,18
FAC-020,MED-003,2026-03-12,4
FAC-020,MED-004,2026-03-12,7
FAC-020,MED-005,2026-03-12,3
FAC-020,MED-006,2026-03-12,3
FAC-020,MED-007,2026-03-12,5
FAC-020,MED-008,2026-03-12,7
FAC-001,MED-001,2026-03-13,146
FAC-001,MED-002,2026-03-13,0
FAC-001,MED-003,2026-03-13,26
FAC-001,MED-004,2026-03-13,133
FAC-001,MED-005,2026-03-13,69
FAC-001,MED-006,2026-03-13,41
FAC-001,MED-007,2026-03-13,163
FAC-001,MED-008,2026-03-13,133
FAC-002,MED-001,2026-03-13,13
FAC-002,MED-002,2026-03-13,21
FAC-002,MED-003,2026-03-13,7
FAC-002,MED-004,2026-03-13,15
FAC-002,MED-005,2026-03-13,3
FAC-002,MED-006,2026-03-13,7
FAC-002,MED-007,2026-03-13,12
FAC-002,MED-008,2026-03-13,0
FAC-003,MED-001,2026-03-13,3
FAC-003,MED-002,2026-03-13,7
FAC-003,MED-003,2026-03-13,2
FAC-003,MED-004,2026-03-13,3
FAC-003,MED-005,2026-03-13,2
FAC-003,MED-006,2026-03-13,2
FAC-003,MED-007,2026-03-13,0
FAC-003,MED-008,2026-03-13,6
FAC-004,MED-001,2026-03-13,12
FAC-004,MED-002,2026-03-13,23
FAC-004,MED-003,2026-03-13,6
FAC-004,MED-004,2026-03-13,10
FAC-004,MED-005,2026-03-13,0
FAC-004,MED-006,2026-03-13,4
FAC-004,MED-007,2026-03-13,13
FAC-004,MED-008,2026-03-13,3
FAC-005,MED-001,2026-03-13,109
FAC-005,MED-002,2026-03-13,149
FAC-005,MED-003,2026-03-13,26
FAC-005,MED-004,2026-03-13,80
FAC-005,MED-005,2026-03-13,53
FAC-005,MED-006,2026-03-13,42
FAC-005,MED-007,2026-03-13,68
FAC-005,MED-008,2026-03-13,91
FAC-006,MED-001,2026-03-13,129
FAC-006,MED-002,2026-03-13,150
FAC-006,MED-003,2026-03-13,0
FAC-006,MED-004,2026-03-13,123
FAC-006,MED-005,2026-03-13,67
FAC-006,MED-006,2026-03-13,0
FAC-006,MED-007,2026-03-13,0
FAC-006,MED-008,2026-03-13,128
FAC-007,MED-001,2026-03-13,12
FAC-007,MED-002,2026-03-13,20
FAC-007,MED-003,2026-03-13,2
FAC-007,MED-004,2026-03-13,7
FAC-007,MED-005,2026-03-13,7
FAC-007,MED-006,2026-03-13,6
FAC-007,MED-007,2026-03-13,9
FAC-007,MED-008,2026-03-13,8
FAC-008,MED-001,2026-03-13,11
FAC-008,MED-002,2026-03-13,7
FAC-008,MED-003,2026-03-13,1
FAC-008,MED-004,2026-03-13,5
FAC-008,MED-005,2026-03-13,4
FAC-008,MED-006,2026-03-13,1
FAC-008,MED-007,2026-03-13,2
FAC-008,MED-008,2026-03-13,4
FAC-009,MED-001,2026-03-13,14
FAC-009,MED-002,2026-03-13,7
FAC-009,MED-003,2026-03-13,4
FAC-009,MED-004,2026-03-13,8
FAC-009,MED-005,2026-03-13,0
FAC-009,MED-006,2026-03-13,7
FAC-009,MED-007,2026-03-13,3
FAC-009,MED-008,2026-03-13,7
FAC-010,MED-001,2026-03-13,5
FAC-010,MED-002,2026-03-13,14
FAC-010,MED-003,2026-03-13,5
FAC-010,MED-004,2026-03-13,7
FAC-010,MED-005,2026-03-13,0
FAC-010,MED-006,2026-03-13,3
FAC-010,MED-007,2026-03-13,7
FAC-010,MED-008,2026-03-13,9
FAC-011,MED-001,2026-03-13,125
FAC-011,MED-002,2026-03-13,206
FAC-011,MED-003,2026-03-13,23
FAC-011,MED-004,2026-03-13,101
FAC-011,MED-005,2026-03-13,72
FAC-011,MED-006,2026-03-13,36
FAC-011,MED-007,2026-03-13,64
FAC-011,MED-008,2026-03-13,108
FAC-012,MED-001,2026-03-13,27
FAC-012,MED-002,2026-03-13,21
FAC-012,MED-003,2026-03-13,4
FAC-012,MED-004,2026-03-13,13
FAC-012,MED-005,2026-03-13,4
FAC-012,MED-006,2026-03-13,8
FAC-012,MED-007,2026-03-13,12
FAC-012,MED-008,2026-03-13,17
FAC-013,MED-001,2026-03-13,5
FAC-013,MED-002,2026-03-13,7
FAC-013,MED-003,2026-03-13,4
FAC-013,MED-004,2026-03-13,3
FAC-013,MED-005,2026-03-13,1
FAC-013,MED-006,2026-03-13,1
FAC-013,MED-007,2026-03-13,0
FAC-013,MED-008,2026-03-13,2
FAC-014,MED-001,2026-03-13,11
FAC-014,MED-002,2026-03-13,10
FAC-014,MED-003,2026-03-13,3
FAC-014,MED-004,2026-03-13,8
FAC-014,MED-005,2026-03-13,8
FAC-014,MED-006,2026-03-13,6
FAC-014,MED-007,2026-03-13,7
FAC-014,MED-008,2026-03-13,9
FAC-015,MED-001,2026-03-13,5
FAC-015,MED-002,2026-03-13,6
FAC-015,MED-003,2026-03-13,2
FAC-015,MED-004,2026-03-13,13
FAC-015,MED-005,2026-03-13,3
FAC-015,MED-006,2026-03-13,3
FAC-015,MED-007,2026-03-13,7
FAC-015,MED-008,2026-03-13,5
FAC-016,MED-001,2026-03-13,148
FAC-016,MED-002,2026-03-13,178
FAC-016,MED-003,2026-03-13,35
FAC-016,MED-004,2026-03-13,131
FAC-016,MED-005,2026-03-13,57
FAC-016,MED-006,2026-03-13,50
FAC-016,MED-007,2026-03-13,86
FAC-016,MED-008,2026-03-13,127
FAC-017,MED-001,2026-03-13,16
FAC-017,MED-002,2026-03-13,10
FAC-017,MED-003,2026-03-13,2
FAC-017,MED-004,2026-03-13,5
FAC-017,MED-005,2026-03-13,11
FAC-017,MED-006,2026-03-13,7
FAC-017,MED-007,2026-03-13,4
FAC-017,MED-008,2026-03-13,9
FAC-018,MED-001,2026-03-13,7
FAC-018,MED-002,2026-03-13,8
FAC-018,MED-003,2026-03-13,1
FAC-018,MED-004,2026-03-13,7
FAC-018,MED-005,2026-03-13,4
FAC-018,MED-006,2026-03-13,0
FAC-018,MED-007,2026-03-13,4
FAC-018,MED-008,2026-03-13,5
FAC-019,MED-001,2026-03-13,8
FAC-019,MED-002,2026-03-13,17
FAC-019,MED-003,2026-03-13,3
FAC-019,MED-004,2026-03-13,12
FAC-019,MED-005,2026-03-13,3
FAC-019,MED-006,2026-03-13,2
FAC-019,MED-007,2026-03-13,3
FAC-019,MED-008,2026-03-13,10
FAC-020,MED-001,2026-03-13,11
FAC-020,MED-002,2026-03-13,11
FAC-020,MED-003,2026-03-13,2
FAC-020,MED-004,2026-03-13,13
FAC-020,MED-005,2026-03-13,5
FAC-020,MED-006,2026-03-13,4
FAC-020,MED-007,2026-03-13,8
FAC-020,MED-008,2026-03-13,7
FAC-001,MED-001,2026-03-14,152
FAC-001,MED-002,2026-03-14,0
FAC-001,MED-003,2026-03-14,32
FAC-001,MED-004,2026-03-14,98
FAC-001,MED-005,2026-03-14,74
FAC-001,MED-006,2026-03-14,0
FAC-001,MED-007,2026-03-14,68
FAC-001,MED-008,2026-03-14,134
FAC-002,MED-001,2026-03-14,8
FAC-002,MED-002,2026-03-14,16
FAC-002,MED-003,2026-03-14,5
FAC-002,MED-004,2026-03-14,9
FAC-002,MED-005,2026-03-14,0
FAC-002,MED-006,2026-03-14,4
FAC-002,MED-007,2026-03-14,6
FAC-002,MED-008,2026-03-14,9
FAC-003,MED-001,2026-03-14,3
FAC-003,MED-002,2026-03-14,6
FAC-003,MED-003,2026-03-14,3
FAC-003,MED-004,2026-03-14,0
FAC-003,MED-005,2026-03-14,5
FAC-003,MED-006,2026-03-14,2
FAC-003,MED-007,2026-03-14,4
FAC-003,MED-008,2026-03-14,5
FAC-004,MED-001,2026-03-14,13
FAC-004,MED-002,2026-03-14,11
FAC-004,MED-003,2026-03-14,1
FAC-004,MED-004,2026-03-14,6
FAC-004,MED-005,2026-03-14,0
FAC-004,MED-006,2026-03-14,4
FAC-004,MED-007,2026-03-14,4
FAC-004,MED-008,2026-03-14,0
FAC-005,MED-001,2026-03-14,108
FAC-005,MED-002,2026-03-14,136
FAC-005,MED-003,2026-03-14,27
FAC-005,MED-004,2026-03-14,85
FAC-005,MED-005,2026-03-14,47
FAC-005,MED-006,2026-03-14,33
FAC-005,MED-007,2026-03-14,62
FAC-005,MED-008,2026-03-14,95
FAC-006,MED-001,2026-03-14,132
FAC-006,MED-002,2026-03-14,177
FAC-006,MED-003,2026-03-14,38
FAC-006,MED-004,2026-03-14,109
FAC-006,MED-005,2026-03-14,70
FAC-006,MED-006,2026-03-14,0
FAC-006,MED-007,2026-03-14,80
FAC-006,MED-008,2026-03-14,105
FAC-007,MED-001,2026-03-14,8
FAC-007,MED-002,2026-03-14,8
FAC-007,MED-003,2026-03-14,2
FAC-007,MED-004,2026-03-14,0
FAC-007,MED-005,2026-03-14,3
FAC-007,MED-006,2026-03-14,1
FAC-007,MED-007,2026-03-14,4
FAC-007,MED-008,2026-03-14,4
FAC-008,MED-001,2026-03-14,3
FAC-008,MED-002,2026-03-14,3
FAC-008,MED-003,2026-03-14,1
FAC-008,MED-004,2026-03-14,3
FAC-008,MED-005,2026-03-14,4
FAC-008,MED-006,2026-03-14,4
FAC-008,MED-007,2026-03-14,5
FAC-008,MED-008,2026-03-14,5
FAC-009,MED-001,2026-03-14,5
FAC-009,MED-002,2026-03-14,10
FAC-009,MED-003,2026-03-14,4
FAC-009,MED-004,2026-03-14,12
FAC-009,MED-005,2026-03-14,0
FAC-009,MED-006,2026-03-14,0
FAC-009,MED-007,2026-03-14,5
FAC-009,MED-008,2026-03-14,3
FAC-010,MED-001,2026-03-14,4
FAC-010,MED-002,2026-03-14,4
FAC-010,MED-003,2026-03-14,2
FAC-010,MED-004,2026-03-14,0
FAC-010,MED-005,2026-03-14,1
FAC-010,MED-006,2026-03-14,2
FAC-010,MED-007,2026-03-14,6
FAC-010,MED-008,2026-03-14,4
FAC-011,MED-001,2026-03-14,136
FAC-011,MED-002,2026-03-14,141
FAC-011,MED-003,2026-03-14,34
FAC-011,MED-004,2026-03-14,96
FAC-011,MED-005,2026-03-14,59
FAC-011,MED-006,2026-03-14,36
FAC-011,MED-007,2026-03-14,58
FAC-011,MED-008,2026-03-14,108
FAC-012,MED-001,2026-03-14,21
FAC-012,MED-002,2026-03-14,15
FAC-012,MED-003,2026-03-14,4
FAC-012,MED-004,2026-03-14,8
FAC-012,MED-005,2026-03-14,2
FAC-012,MED-006,2026-03-14,4
FAC-012,MED-007,2026-03-14,4
FAC-012,MED-008,2026-03-14,15
FAC-013,MED-001,2026-03-14,3
FAC-013,MED-002,2026-03-14,5
FAC-013,MED-003,2026-03-14,0
FAC-013,MED-004,2026-03-14,4
FAC-013,MED-005,2026-03-14,4
FAC-013,MED-006,2026-03-14,2
FAC-013,MED-007,2026-03-14,2
FAC-013,MED-008,2026-03-14,3
FAC-014,MED-001,2026-03-14,9
FAC-014,MED-002,2026-03-14,8
FAC-014,MED-003,2026-03-14,2
FAC-014,MED-004,2026-03-14,5
FAC-014,MED-005,2026-03-14,2
FAC-014,MED-006,2026-03-14,2
FAC-014,MED-007,2026-03-14,2
FAC-014,MED-008,2026-03-14,4
FAC-015,MED-001,2026-03-14,7
FAC-015,MED-002,2026-03-14,5
FAC-015,MED-003,2026-03-14,2
FAC-015,MED-004,2026-03-14,2
FAC-015,MED-005,2026-03-14,5
FAC-015,MED-006,2026-03-14,1
FAC-015,MED-007,2026-03-14,2
FAC-015,MED-008,2026-03-14,7
FAC-016,MED-001,2026-03-14,127
FAC-016,MED-002,2026-03-14,151
FAC-016,MED-003,2026-03-14,32
FAC-016,MED-004,2026-03-14,129
FAC-016,MED-005,2026-03-14,74
FAC-016,MED-006,2026-03-14,49
FAC-016,MED-007,2026-03-14,82
FAC-016,MED-008,2026-03-14,111
FAC-017,MED-001,2026-03-14,4
FAC-017,MED-002,2026-03-14,15
FAC-017,MED-003,2026-03-14,2
FAC-017,MED-004,2026-03-14,10
FAC-017,MED-005,2026-03-14,3
FAC-017,MED-006,2026-03-14,4
FAC-017,MED-007,2026-03-14,10
FAC-017,MED-008,2026-03-14,10
FAC-018,MED-001,2026-03-14,4
FAC-018,MED-002,2026-03-14,11
FAC-018,MED-003,2026-03-14,1
FAC-018,MED-004,2026-03-14,4
FAC-018,MED-005,2026-03-14,0
FAC-018,MED-006,2026-03-14,2
FAC-018,MED-007,2026-03-14,1
FAC-018,MED-008,2026-03-14,2
FAC-019,MED-001,2026-03-14,10
FAC-019,MED-002,2026-03-14,10
FAC-019,MED-003,2026-03-14,1
FAC-019,MED-004,2026-03-14,7
FAC-019,MED-005,2026-03-14,5
FAC-019,MED-006,2026-03-14,2
FAC-019,MED-007,2026-03-14,3
FAC-019,MED-008,2026-03-14,8
FAC-020,MED-001,2026-03-14,3
FAC-020,MED-002,2026-03-14,9
FAC-020,MED-003,2026-03-14,2
FAC-020,MED-004,2026-03-14,8
FAC-020,MED-005,2026-03-14,3
FAC-020,MED-006,2026-03-14,2
FAC-020,MED-007,2026-03-14,6
FAC-020,MED-008,2026-03-14,6
FAC-001,MED-001,2026-03-15,144
FAC-001,MED-002,2026-03-15,0
FAC-001,MED-003,2026-03-15,27
FAC-001,MED-004,2026-03-15,116
FAC-001,MED-005,2026-03-15,73
FAC-001,MED-006,2026-03-15,0
FAC-001,MED-007,2026-03-15,88
FAC-001,MED-008,2026-03-15,128
FAC-002,MED-001,2026-03-15,12
FAC-002,MED-002,2026-03-15,1
FAC-002,MED-003,2026-03-15,1
FAC-002,MED-004,2026-03-15,6
FAC-002,MED-005,2026-03-15,0
FAC-002,MED-006,2026-03-15,3
FAC-002,MED-007,2026-03-15,3
FAC-002,MED-008,2026-03-15,13
FAC-003,MED-001,2026-03-15,4
FAC-003,MED-002,2026-03-15,5
FAC-003,MED-003,2026-03-15,5
FAC-003,MED-004,2026-03-15,1
FAC-003,MED-005,2026-03-15,1
FAC-003,MED-006,2026-03-15,5
FAC-003,MED-007,2026-03-15,5
FAC-003,MED-008,2026-03-15,1
FAC-004,MED-001,2026-03-15,9
FAC-004,MED-002,2026-03-15,17
FAC-004,MED-003,2026-03-15,3
FAC-004,MED-004,2026-03-15,4
FAC-004,MED-005,2026-03-15,5
FAC-004,MED-006,2026-03-15,4
FAC-004,MED-007,2026-03-15,8
FAC-004,MED-008,2026-03-15,0
FAC-005,MED-001,2026-03-15,85
FAC-005,MED-002,2026-03-15,131
FAC-005,MED-003,2026-03-15,35
FAC-005,MED-004,2026-03-15,78
FAC-005,MED-005,2026-03-15,55
FAC-005,MED-006,2026-03-15,37
FAC-005,MED-007,2026-03-15,71
FAC-005,MED-008,2026-03-15,89
FAC-006,MED-001,2026-03-15,112
FAC-006,MED-002,2026-03-15,150
FAC-006,MED-003,2026-03-15,31
FAC-006,MED-004,2026-03-15,83
FAC-006,MED-005,2026-03-15,68
FAC-006,MED-006,2026-03-15,44
FAC-006,MED-007,2026-03-15,83
FAC-006,MED-008,2026-03-15,91
FAC-007,MED-001,2026-03-15,8
FAC-007,MED-002,2026-03-15,12
FAC-007,MED-003,2026-03-15,5
FAC-007,MED-004,2026-03-15,0
FAC-007,MED-005,2026-03-15,2
FAC-007,MED-006,2026-03-15,2
FAC-007,MED-007,2026-03-15,3
FAC-007,MED-008,2026-03-15,7
FAC-008,MED-001,2026-03-15,6
FAC-008,MED-002,2026-03-15,5
FAC-008,MED-003,2026-03-15,3
FAC-008,MED-004,2026-03-15,7
FAC-008,MED-005,2026-03-15,1
FAC-008,MED-006,2026-03-15,1
FAC-008,MED-007,2026-03-15,4
FAC-008,MED-008,2026-03-15,4
FAC-009,MED-001,2026-03-15,7
FAC-009,MED-002,2026-03-15,9
FAC-009,MED-003,2026-03-15,0
FAC-009,MED-004,2026-03-15,6
FAC-009,MED-005,2026-03-15,0
FAC-009,MED-006,2026-03-15,0
FAC-009,MED-007,2026-03-15,5
FAC-009,MED-008,2026-03-15,7
FAC-010,MED-001,2026-03-15,1
FAC-010,MED-002,2026-03-15,10
FAC-010,MED-003,2026-03-15,3
FAC-010,MED-004,2026-03-15,6
FAC-010,MED-005,2026-03-15,6
FAC-010,MED-006,2026-03-15,1
FAC-010,MED-007,2026-03-15,3
FAC-010,MED-008,2026-03-15,5
FAC-011,MED-001,2026-03-15,113
FAC-011,MED-002,2026-03-15,157
FAC-011,MED-003,2026-03-15,31
FAC-011,MED-004,2026-03-15,90
FAC-011,MED-005,2026-03-15,55
FAC-011,MED-006,2026-03-15,36
FAC-011,MED-007,2026-03-15,69
FAC-011,MED-008,2026-03-15,112
FAC-012,MED-001,2026-03-15,32
FAC-012,MED-002,2026-03-15,10
FAC-012,MED-003,2026-03-15,2
FAC-012,MED-004,2026-03-15,9
FAC-012,MED-005,2026-03-15,5
FAC-012,MED-006,2026-03-15,3
FAC-012,MED-007,2026-03-15,5
FAC-012,MED-008,2026-03-15,8
FAC-013,MED-001,2026-03-15,2
FAC-013,MED-002,2026-03-15,3
FAC-013,MED-003,2026-03-15,2
FAC-013,MED-004,2026-03-15,5
FAC-013,MED-005,2026-03-15,1
FAC-013,MED-006,2026-03-15,1
FAC-013,MED-007,2026-03-15,1
FAC-013,MED-008,2026-03-15,2
FAC-014,MED-001,2026-03-15,11
FAC-014,MED-002,2026-03-15,7
FAC-014,MED-003,2026-03-15,1
FAC-014,MED-004,2026-03-15,7
FAC-014,MED-005,2026-03-15,3
FAC-014,MED-006,2026-03-15,3
FAC-014,MED-007,2026-03-15,7
FAC-014,MED-008,2026-03-15,4
FAC-015,MED-001,2026-03-15,7
FAC-015,MED-002,2026-03-15,15
FAC-015,MED-003,2026-03-15,2
FAC-015,MED-004,2026-03-15,11
FAC-015,MED-005,2026-03-15,3
FAC-015,MED-006,2026-03-15,1
FAC-015,MED-007,2026-03-15,3
FAC-015,MED-008,2026-03-15,10
FAC-016,MED-001,2026-03-15,128
FAC-016,MED-002,2026-03-15,157
FAC-016,MED-003,2026-03-15,37
FAC-016,MED-004,2026-03-15,116
FAC-016,MED-005,2026-03-15,82
FAC-016,MED-006,2026-03-15,42
FAC-016,MED-007,2026-03-15,68
FAC-016,MED-008,2026-03-15,127
FAC-017,MED-001,2026-03-15,9
FAC-017,MED-002,2026-03-15,11
FAC-017,MED-003,2026-03-15,0
FAC-017,MED-004,2026-03-15,5
FAC-017,MED-005,2026-03-15,3
FAC-017,MED-006,2026-03-15,4
FAC-017,MED-007,2026-03-15,4
FAC-017,MED-008,2026-03-15,13
FAC-018,MED-001,2026-03-15,2
FAC-018,MED-002,2026-03-15,4
FAC-018,MED-003,2026-03-15,3
FAC-018,MED-004,2026-03-15,4
FAC-018,MED-005,2026-03-15,2
FAC-018,MED-006,2026-03-15,5
FAC-018,MED-007,2026-03-15,6
FAC-018,MED-008,2026-03-15,3
FAC-019,MED-001,2026-03-15,9
FAC-019,MED-002,2026-03-15,10
FAC-019,MED-003,2026-03-15,2
FAC-019,MED-004,2026-03-15,6
FAC-019,MED-005,2026-03-15,3
FAC-019,MED-006,2026-03-15,1
FAC-019,MED-007,2026-03-15,4
FAC-019,MED-008,2026-03-15,5
FAC-020,MED-001,2026-03-15,5
FAC-020,MED-002,2026-03-15,8
FAC-020,MED-003,2026-03-15,2
FAC-020,MED-004,2026-03-15,8
FAC-020,MED-005,2026-03-15,3
FAC-020,MED-006,2026-03-15,8
FAC-020,MED-007,2026-03-15,3
FAC-020,MED-008,2026-03-15,9
FAC-001,MED-001,2026-03-16,145
FAC-001,MED-002,2026-03-16,202
FAC-001,MED-003,2026-03-16,0
FAC-001,MED-004,2026-03-16,98
FAC-001,MED-005,2026-03-16,73
FAC-001,MED-006,2026-03-16,42
FAC-001,MED-007,2026-03-16,62
FAC-001,MED-008,2026-03-16,45
FAC-002,MED-001,2026-03-16,10
FAC-002,MED-002,2026-03-16,0
FAC-002,MED-003,2026-03-16,0
FAC-002,MED-004,2026-03-16,9
FAC-002,MED-005,2026-03-16,0
FAC-002,MED-006,2026-03-16,5
FAC-002,MED-007,2026-03-16,0
FAC-002,MED-008,2026-03-16,10
FAC-003,MED-001,2026-03-16,4
FAC-003,MED-002,2026-03-16,5
FAC-003,MED-003,2026-03-16,2
FAC-003,MED-004,2026-03-16,6
FAC-003,MED-005,2026-03-16,1
FAC-003,MED-006,2026-03-16,1
FAC-003,MED-007,2026-03-16,5
FAC-003,MED-008,2026-03-16,0
FAC-004,MED-001,2026-03-16,12
FAC-004,MED-002,2026-03-16,18
FAC-004,MED-003,2026-03-16,4
FAC-004,MED-004,2026-03-16,17
FAC-004,MED-005,2026-03-16,15
FAC-004,MED-006,2026-03-16,0
FAC-004,MED-007,2026-03-16,7
FAC-004,MED-008,2026-03-16,0
FAC-005,MED-001,2026-03-16,119
FAC-005,MED-002,2026-03-16,142
FAC-005,MED-003,2026-03-16,33
FAC-005,MED-004,2026-03-16,78
FAC-005,MED-005,2026-03-16,51
FAC-005,MED-006,2026-03-16,42
FAC-005,MED-007,2026-03-16,65
FAC-005,MED-008,2026-03-16,102
FAC-006,MED-001,2026-03-16,126
FAC-006,MED-002,2026-03-16,158
FAC-006,MED-003,2026-03-16,31
FAC-006,MED-004,2026-03-16,110
FAC-006,MED-005,2026-03-16,55
FAC-006,MED-006,2026-03-16,42
FAC-006,MED-007,2026-03-16,68
FAC-006,MED-008,2026-03-16,77
FAC-007,MED-001,2026-03-16,10
FAC-007,MED-002,2026-03-16,10
FAC-007,MED-003,2026-03-16,3
FAC-007,MED-004,2026-03-16,0
FAC-007,MED-005,2026-03-16,0
FAC-007,MED-006,2026-03-16,5
FAC-007,MED-007,2026-03-16,8
FAC-007,MED-008,2026-03-16,20
FAC-008,MED-001,2026-03-16,5
FAC-008,MED-002,2026-03-16,9
FAC-008,MED-003,2026-03-16,3
FAC-008,MED-004,2026-03-16,3
FAC-008,MED-005,2026-03-16,2
FAC-008,MED-006,2026-03-16,3
FAC-008,MED-007,2026-03-16,2
FAC-008,MED-008,2026-03-16,5
FAC-009,MED-001,2026-03-16,24
FAC-009,MED-002,2026-03-16,20
FAC-009,MED-003,2026-03-16,5
FAC-009,MED-004,2026-03-16,9
FAC-009,MED-005,2026-03-16,0
FAC-009,MED-006,2026-03-16,0
FAC-009,MED-007,2026-03-16,3
FAC-009,MED-008,2026-03-16,13
FAC-010,MED-001,2026-03-16,9
FAC-010,MED-002,2026-03-16,9
FAC-010,MED-003,2026-03-16,4
FAC-010,MED-004,2026-03-16,4
FAC-010,MED-005,2026-03-16,9
FAC-010,MED-006,2026-03-16,7
FAC-010,MED-007,2026-03-16,2
FAC-010,MED-008,2026-03-16,8
FAC-011,MED-001,2026-03-16,224
FAC-011,MED-002,2026-03-16,177
FAC-011,MED-003,2026-03-16,28
FAC-011,MED-004,2026-03-16,115
FAC-011,MED-005,2026-03-16,64
FAC-011,MED-006,2026-03-16,37
FAC-011,MED-007,2026-03-16,89
FAC-011,MED-008,2026-03-16,124
FAC-012,MED-001,2026-03-16,28
FAC-012,MED-002,2026-03-16,12
FAC-012,MED-003,2026-03-16,2
FAC-012,MED-004,2026-03-16,12
FAC-012,MED-005,2026-03-16,8
FAC-012,MED-006,2026-03-16,2
FAC-012,MED-007,2026-03-16,14
FAC-012,MED-008,2026-03-16,18
FAC-013,MED-001,2026-03-16,2
FAC-013,MED-002,2026-03-16,7
FAC-013,MED-003,2026-03-16,4
FAC-013,MED-004,2026-03-16,8
FAC-013,MED-005,2026-03-16,1
FAC-013,MED-006,2026-03-16,6
FAC-013,MED-007,2026-03-16,3
FAC-013,MED-008,2026-03-16,2
FAC-014,MED-001,2026-03-16,7
FAC-014,MED-002,2026-03-16,11
FAC-014,MED-003,2026-03-16,4
FAC-014,MED-004,2026-03-16,7
FAC-014,MED-005,2026-03-16,4
FAC-014,MED-006,2026-03-16,4
FAC-014,MED-007,2026-03-16,8
FAC-014,MED-008,2026-03-16,12
FAC-015,MED-001,2026-03-16,12
FAC-015,MED-002,2026-03-16,11
FAC-015,MED-003,2026-03-16,6
FAC-015,MED-004,2026-03-16,10
FAC-015,MED-005,2026-03-16,2
FAC-015,MED-006,2026-03-16,4
FAC-015,MED-007,2026-03-16,5
FAC-015,MED-008,2026-03-16,4
FAC-016,MED-001,2026-03-16,145
FAC-016,MED-002,2026-03-16,183
FAC-016,MED-003,2026-03-16,36
FAC-016,MED-004,2026-03-16,126
FAC-016,MED-005,2026-03-16,60
FAC-016,MED-006,2026-03-16,45
FAC-016,MED-007,2026-03-16,89
FAC-016,MED-008,2026-03-16,123
FAC-017,MED-001,2026-03-16,12
FAC-017,MED-002,2026-03-16,9
FAC-017,MED-003,2026-03-16,2
FAC-017,MED-004,2026-03-16,14
FAC-017,MED-005,2026-03-16,8
FAC-017,MED-006,2026-03-16,3
FAC-017,MED-007,2026-03-16,8
FAC-017,MED-008,2026-03-16,20
FAC-018,MED-001,2026-03-16,6
FAC-018,MED-002,2026-03-16,5
FAC-018,MED-003,2026-03-16,6
FAC-018,MED-004,2026-03-16,5
FAC-018,MED-005,2026-03-16,3
FAC-018,MED-006,2026-03-16,3
FAC-018,MED-007,2026-03-16,4
FAC-018,MED-008,2026-03-16,4
FAC-019,MED-001,2026-03-16,9
FAC-019,MED-002,2026-03-16,14
FAC-019,MED-003,2026-03-16,1
FAC-019,MED-004,2026-03-16,8
FAC-019,MED-005,2026-03-16,8
FAC-019,MED-006,2026-03-16,5
FAC-019,MED-007,2026-03-16,7
FAC-019,MED-008,2026-03-16,13
FAC-020,MED-001,2026-03-16,9
FAC-020,MED-002,2026-03-16,9
FAC-020,MED-003,2026-03-16,6
FAC-020,MED-004,2026-03-16,9
FAC-020,MED-005,2026-03-16,4
FAC-020,MED-006,2026-03-16,3
FAC-020,MED-007,2026-03-16,10
FAC-020,MED-008,2026-03-16,8
FAC-001,MED-001,2026-03-17,25
FAC-001,MED-002,2026-03-17,173
FAC-001,MED-003,2026-03-17,0
FAC-001,MED-004,2026-03-17,123
FAC-001,MED-005,2026-03-17,73
FAC-001,MED-006,2026-03-17,42
FAC-001,MED-007,2026-03-17,86
FAC-001,MED-008,2026-03-17,0
FAC-002,MED-001,2026-03-17,17
FAC-002,MED-002,2026-03-17,0
FAC-002,MED-003,2026-03-17,0
FAC-002,MED-004,2026-03-17,11
FAC-002,MED-005,2026-03-17,7
FAC-002,MED-006,2026-03-17,6
FAC-002,MED-007,2026-03-17,0
FAC-002,MED-008,2026-03-17,13
FAC-003,MED-001,2026-03-17,4
FAC-003,MED-002,2026-03-17,8
FAC-003,MED-003,2026-03-17,4
FAC-003,MED-004,2026-03-17,4
FAC-003,MED-005,2026-03-17,2
FAC-003,MED-006,2026-03-17,3
FAC-003,MED-007,2026-03-17,4
FAC-003,MED-008,2026-03-17,3
FAC-004,MED-001,2026-03-17,14
FAC-004,MED-002,2026-03-17,15
FAC-004,MED-003,2026-03-17,4
FAC-004,MED-004,2026-03-17,8
FAC-004,MED-005,2026-03-17,8
FAC-004,MED-006,2026-03-17,0
FAC-004,MED-007,2026-03-17,6
FAC-004,MED-008,2026-03-17,16
FAC-005,MED-001,2026-03-17,111
FAC-005,MED-002,2026-03-17,142
FAC-005,MED-003,2026-03-17,27
FAC-005,MED-004,2026-03-17,102
FAC-005,MED-005,2026-03-17,54
FAC-005,MED-006,2026-03-17,34
FAC-005,MED-007,2026-03-17,65
FAC-005,MED-008,2026-03-17,111
FAC-006,MED-001,2026-03-17,108
FAC-006,MED-002,2026-03-17,176
FAC-006,MED-003,2026-03-17,27
FAC-006,MED-004,2026-03-17,121
FAC-006,MED-005,2026-03-17,63
FAC-006,MED-006,2026-03-17,40
FAC-006,MED-007,2026-03-17,83
FAC-006,MED-008,2026-03-17,0
FAC-007,MED-001,2026-03-17,13
FAC-007,MED-002,2026-03-17,16
FAC-007,MED-003,2026-03-17,3
FAC-007,MED-004,2026-03-17,10
FAC-007,MED-005,2026-03-17,0
FAC-007,MED-006,2026-03-17,2
FAC-007,MED-007,2026-03-17,5
FAC-007,MED-008,2026-03-17,11
FAC-008,MED-001,2026-03-17,11
FAC-008,MED-002,2026-03-17,6
FAC-008,MED-003,2026-03-17,1
FAC-008,MED-004,2026-03-17,4
FAC-008,MED-005,2026-03-17,1
FAC-008,MED-006,2026-03-17,1
FAC-008,MED-007,2026-03-17,7
FAC-008,MED-008,2026-03-17,3
FAC-009,MED-001,2026-03-17,3
FAC-009,MED-002,2026-03-17,13
FAC-009,MED-003,2026-03-17,1
FAC-009,MED-004,2026-03-17,8
FAC-009,MED-005,2026-03-17,8
FAC-009,MED-006,2026-03-17,4
FAC-009,MED-007,2026-03-17,6
FAC-009,MED-008,2026-03-17,10
FAC-010,MED-001,2026-03-17,5
FAC-010,MED-002,2026-03-17,10
FAC-010,MED-003,2026-03-17,4
FAC-010,MED-004,2026-03-17,6
FAC-010,MED-005,2026-03-17,2
FAC-010,MED-006,2026-03-17,7
FAC-010,MED-007,2026-03-17,7
FAC-010,MED-008,2026-03-17,8
FAC-011,MED-001,2026-03-17,126
FAC-011,MED-002,2026-03-17,148
FAC-011,MED-003,2026-03-17,33
FAC-011,MED-004,2026-03-17,104
FAC-011,MED-005,2026-03-17,53
FAC-011,MED-006,2026-03-17,43
FAC-011,MED-007,2026-03-17,92
FAC-011,MED-008,2026-03-17,134
FAC-012,MED-001,2026-03-17,25
FAC-012,MED-002,2026-03-17,24
FAC-012,MED-003,2026-03-17,4
FAC-012,MED-004,2026-03-17,12
FAC-012,MED-005,2026-03-17,8
FAC-012,MED-006,2026-03-17,5
FAC-012,MED-007,2026-03-17,11
FAC-012,MED-008,2026-03-17,9
FAC-013,MED-001,2026-03-17,5
FAC-013,MED-002,2026-03-17,11
FAC-013,MED-003,2026-03-17,6
FAC-013,MED-004,2026-03-17,2
FAC-013,MED-005,2026-03-17,4
FAC-013,MED-006,2026-03-17,4
FAC-013,MED-007,2026-03-17,1
FAC-013,MED-008,2026-03-17,3
FAC-014,MED-001,2026-03-17,7
FAC-014,MED-002,2026-03-17,10
FAC-014,MED-003,2026-03-17,2
FAC-014,MED-004,2026-03-17,11
FAC-014,MED-005,2026-03-17,3
FAC-014,MED-006,2026-03-17,3
FAC-014,MED-007,2026-03-17,4
FAC-014,MED-008,2026-03-17,6
FAC-015,MED-001,2026-03-17,7
FAC-015,MED-002,2026-03-17,11
FAC-015,MED-003,2026-03-17,3
FAC-015,MED-004,2026-03-17,13
FAC-015,MED-005,2026-03-17,8
FAC-015,MED-006,2026-03-17,10
FAC-015,MED-007,2026-03-17,3
FAC-015,MED-008,2026-03-17,7
FAC-016,MED-001,2026-03-17,125
FAC-016,MED-002,2026-03-17,179
FAC-016,MED-003,2026-03-17,29
FAC-016,MED-004,2026-03-17,99
FAC-016,MED-005,2026-03-17,71
FAC-016,MED-006,2026-03-17,53
FAC-016,MED-007,2026-03-17,98
FAC-016,MED-008,2026-03-17,141
FAC-017,MED-001,2026-03-17,11
FAC-017,MED-002,2026-03-17,16
FAC-017,MED-003,2026-03-17,2
FAC-017,MED-004,2026-03-17,14
FAC-017,MED-005,2026-03-17,5
FAC-017,MED-006,2026-03-17,3
FAC-017,MED-007,2026-03-17,12
FAC-017,MED-008,2026-03-17,11
FAC-018,MED-001,2026-03-17,7
FAC-018,MED-002,2026-03-17,5
FAC-018,MED-003,2026-03-17,3
FAC-018,MED-004,2026-03-17,4
FAC-018,MED-005,2026-03-17,2
FAC-018,MED-006,2026-03-17,2
FAC-018,MED-007,2026-03-17,2
FAC-018,MED-008,2026-03-17,10
FAC-019,MED-001,2026-03-17,13
FAC-019,MED-002,2026-03-17,12
FAC-019,MED-003,2026-03-17,2
FAC-019,MED-004,2026-03-17,13
FAC-019,MED-005,2026-03-17,5
FAC-019,MED-006,2026-03-17,2
FAC-019,MED-007,2026-03-17,9
FAC-019,MED-008,2026-03-17,12
FAC-020,MED-001,2026-03-17,15
FAC-020,MED-002,2026-03-17,16
FAC-020,MED-003,2026-03-17,5
FAC-020,MED-004,2026-03-17,8
FAC-020,MED-005,2026-03-17,7
FAC-020,MED-006,2026-03-17,4
FAC-020,MED-007,2026-03-17,5
FAC-020,MED-008,2026-03-17,12
FAC-001,MED-001,2026-03-18,0
FAC-001,MED-002,2026-03-18,187
FAC-001,MED-003,2026-03-18,0
FAC-001,MED-004,2026-03-18,146
FAC-001,MED-005,2026-03-18,74
FAC-001,MED-006,2026-03-18,58
FAC-001,MED-007,2026-03-18,93
FAC-001,MED-008,2026-03-18,139
FAC-002,MED-001,2026-03-18,14
FAC-002,MED-002,2026-03-18,0
FAC-002,MED-003,2026-03-18,0
FAC-002,MED-004,2026-03-18,10
FAC-002,MED-005,2026-03-18,10
FAC-002,MED-006,2026-03-18,3
FAC-002,MED-007,2026-03-18,6
FAC-002,MED-008,2026-03-18,9
FAC-003,MED-001,2026-03-18,3
FAC-003,MED-002,2026-03-18,7
FAC-003,MED-003,2026-03-18,3
FAC-003,MED-004,2026-03-18,4
FAC-003,MED-005,2026-03-18,0
FAC-003,MED-006,2026-03-18,2
FAC-003,MED-007,2026-03-18,2
FAC-003,MED-008,2026-03-18,5
FAC-004,MED-001,2026-03-18,27
FAC-004,MED-002,2026-03-18,21
FAC-004,MED-003,2026-03-18,2
FAC-004,MED-004,2026-03-18,15
FAC-004,MED-005,2026-03-18,11
FAC-004,MED-006,2026-03-18,5
FAC-004,MED-007,2026-03-18,5
FAC-004,MED-008,2026-03-18,17
FAC-005,MED-001,2026-03-18,140
FAC-005,MED-002,2026-03-18,140
FAC-005,MED-003,2026-03-18,23
FAC-005,MED-004,2026-03-18,94
FAC-005,MED-005,2026-03-18,70
FAC-005,MED-006,2026-03-18,38
FAC-005,MED-007,2026-03-18,69
FAC-005,MED-008,2026-03-18,120
FAC-006,MED-001,2026-03-18,123
FAC-006,MED-002,2026-03-18,171
FAC-006,MED-003,2026-03-18,21
FAC-006,MED-004,2026-03-18,10
FAC-006,MED-005,2026-03-18,58
FAC-006,MED-006,2026-03-18,55
FAC-006,MED-007,2026-03-18,69
FAC-006,MED-008,2026-03-18,0
FAC-007,MED-001,2026-03-18,13
FAC-007,MED-002,2026-03-18,8
FAC-007,MED-003,2026-03-18,5
FAC-007,MED-004,2026-03-18,6
FAC-007,MED-005,2026-03-18,0
FAC-007,MED-006,2026-03-18,5
FAC-007,MED-007,2026-03-18,2
FAC-007,MED-008,2026-03-18,7
FAC-008,MED-001,2026-03-18,3
FAC-008,MED-002,2026-03-18,10
FAC-008,MED-003,2026-03-18,1
FAC-008,MED-004,2026-03-18,6
FAC-008,MED-005,2026-03-18,4
FAC-008,MED-006,2026-03-18,1
FAC-008,MED-007,2026-03-18,2
FAC-008,MED-008,2026-03-18,6
FAC-009,MED-001,2026-03-18,9
FAC-009,MED-002,2026-03-18,18
FAC-009,MED-003,2026-03-18,1
FAC-009,MED-004,2026-03-18,3
FAC-009,MED-005,2026-03-18,4
FAC-009,MED-006,2026-03-18,0
FAC-009,MED-007,2026-03-18,5
FAC-009,MED-008,2026-03-18,12
FAC-010,MED-001,2026-03-18,12
FAC-010,MED-002,2026-03-18,5
FAC-010,MED-003,2026-03-18,0
FAC-010,MED-004,2026-03-18,5
FAC-010,MED-005,2026-03-18,4
FAC-010,MED-006,2026-03-18,4
FAC-010,MED-007,2026-03-18,5
FAC-010,MED-008,2026-03-18,7
FAC-011,MED-001,2026-03-18,127
FAC-011,MED-002,2026-03-18,159
FAC-011,MED-003,2026-03-18,28
FAC-011,MED-004,2026-03-18,96
FAC-011,MED-005,2026-03-18,56
FAC-011,MED-006,2026-03-18,47
FAC-011,MED-007,2026-03-18,60
FAC-011,MED-008,2026-03-18,116
FAC-012,MED-001,2026-03-18,30
FAC-012,MED-002,2026-03-18,24
FAC-012,MED-003,2026-03-18,4
FAC-012,MED-004,2026-03-18,20
FAC-012,MED-005,2026-03-18,5
FAC-012,MED-006,2026-03-18,2
FAC-012,MED-007,2026-03-18,9
FAC-012,MED-008,2026-03-18,14
FAC-013,MED-001,2026-03-18,1
FAC-013,MED-002,2026-03-18,6
FAC-013,MED-003,2026-03-18,3
FAC-013,MED-004,2026-03-18,3
FAC-013,MED-005,2026-03-18,0
FAC-013,MED-006,2026-03-18,0
FAC-013,MED-007,2026-03-18,1
FAC-013,MED-008,2026-03-18,7
FAC-014,MED-001,2026-03-18,11
FAC-014,MED-002,2026-03-18,12
FAC-014,MED-003,2026-03-18,0
FAC-014,MED-004,2026-03-18,10
FAC-014,MED-005,2026-03-18,5
FAC-014,MED-006,2026-03-18,4
FAC-014,MED-007,2026-03-18,5
FAC-014,MED-008,2026-03-18,17
FAC-015,MED-001,2026-03-18,8
FAC-015,MED-002,2026-03-18,11
FAC-015,MED-003,2026-03-18,3
FAC-015,MED-004,2026-03-18,5
FAC-015,MED-005,2026-03-18,4
FAC-015,MED-006,2026-03-18,6
FAC-015,MED-007,2026-03-18,5
FAC-015,MED-008,2026-03-18,4
FAC-016,MED-001,2026-03-18,133
FAC-016,MED-002,2026-03-18,175
FAC-016,MED-003,2026-03-18,40
FAC-016,MED-004,2026-03-18,120
FAC-016,MED-005,2026-03-18,72
FAC-016,MED-006,2026-03-18,53
FAC-016,MED-007,2026-03-18,73
FAC-016,MED-008,2026-03-18,147
FAC-017,MED-001,2026-03-18,22
FAC-017,MED-002,2026-03-18,18
FAC-017,MED-003,2026-03-18,3
FAC-017,MED-004,2026-03-18,16
FAC-017,MED-005,2026-03-18,5
FAC-017,MED-006,2026-03-18,11
FAC-017,MED-007,2026-03-18,11
FAC-017,MED-008,2026-03-18,11
FAC-018,MED-001,2026-03-18,7
FAC-018,MED-002,2026-03-18,6
FAC-018,MED-003,2026-03-18,4
FAC-018,MED-004,2026-03-18,2
FAC-018,MED-005,2026-03-18,3
FAC-018,MED-006,2026-03-18,3
FAC-018,MED-007,2026-03-18,0
FAC-018,MED-008,2026-03-18,2
FAC-019,MED-001,2026-03-18,12
FAC-019,MED-002,2026-03-18,10
FAC-019,MED-003,2026-03-18,5
FAC-019,MED-004,2026-03-18,11
FAC-019,MED-005,2026-03-18,11
FAC-019,MED-006,2026-03-18,4
FAC-019,MED-007,2026-03-18,5
FAC-019,MED-008,2026-03-18,14
FAC-020,MED-001,2026-03-18,9
FAC-020,MED-002,2026-03-18,11
FAC-020,MED-003,2026-03-18,6
FAC-020,MED-004,2026-03-18,14
FAC-020,MED-005,2026-03-18,7
FAC-020,MED-006,2026-03-18,5
FAC-020,MED-007,2026-03-18,8
FAC-020,MED-008,2026-03-18,11
FAC-001,MED-001,2026-03-19,148
FAC-001,MED-002,2026-03-19,181
FAC-001,MED-003,2026-03-19,80
FAC-001,MED-004,2026-03-19,138
FAC-001,MED-005,2026-03-19,73
FAC-001,MED-006,2026-03-19,54
FAC-001,MED-007,2026-03-19,100
FAC-001,MED-008,2026-03-19,142
FAC-002,MED-001,2026-03-19,17
FAC-002,MED-002,2026-03-19,17
FAC-002,MED-003,2026-03-19,0
FAC-002,MED-004,2026-03-19,17
FAC-002,MED-005,2026-03-19,9
FAC-002,MED-006,2026-03-19,1
FAC-002,MED-007,2026-03-19,14
FAC-002,MED-008,2026-03-19,10
FAC-003,MED-001,2026-03-19,7
FAC-003,MED-002,2026-03-19,3
FAC-003,MED-003,2026-03-19,3
FAC-003,MED-004,2026-03-19,4
FAC-003,MED-005,2026-03-19,0
FAC-003,MED-006,2026-03-19,3
FAC-003,MED-007,2026-03-19,1
FAC-003,MED-008,2026-03-19,2
FAC-004,MED-001,2026-03-19,13
FAC-004,MED-002,2026-03-19,23
FAC-004,MED-003,2026-03-19,5
FAC-004,MED-004,2026-03-19,10
FAC-004,MED-005,2026-03-19,8
FAC-004,MED-006,2026-03-19,4
FAC-004,MED-007,2026-03-19,10
FAC-004,MED-008,2026-03-19,15
FAC-005,MED-001,2026-03-19,113
FAC-005,MED-002,2026-03-19,159
FAC-005,MED-003,2026-03-19,37
FAC-005,MED-004,2026-03-19,82
FAC-005,MED-005,2026-03-19,49
FAC-005,MED-006,2026-03-19,37
FAC-005,MED-007,2026-03-19,71
FAC-005,MED-008,2026-03-19,148
FAC-006,MED-001,2026-03-19,130
FAC-006,MED-002,2026-03-19,161
FAC-006,MED-003,2026-03-19,33
FAC-006,MED-004,2026-03-19,0
FAC-006,MED-005,2026-03-19,55
FAC-006,MED-006,2026-03-19,57
FAC-006,MED-007,2026-03-19,70
FAC-006,MED-008,2026-03-19,0
FAC-007,MED-001,2026-03-19,10
FAC-007,MED-002,2026-03-19,12
FAC-007,MED-003,2026-03-19,2
FAC-007,MED-004,2026-03-19,9
FAC-007,MED-005,2026-03-19,3
FAC-007,MED-006,2026-03-19,1
FAC-007,MED-007,2026-03-19,7
FAC-007,MED-008,2026-03-19,9
FAC-008,MED-001,2026-03-19,6
FAC-008,MED-002,2026-03-19,5
FAC-008,MED-003,2026-03-19,2
FAC-008,MED-004,2026-03-19,1
FAC-008,MED-005,2026-03-19,2
FAC-008,MED-006,2026-03-19,3
FAC-008,MED-007,2026-03-19,5
FAC-008,MED-008,2026-03-19,1
FAC-009,MED-001,2026-03-19,3
FAC-009,MED-002,2026-03-19,9
FAC-009,MED-003,2026-03-19,4
FAC-009,MED-004,2026-03-19,8
FAC-009,MED-005,2026-03-19,5
FAC-009,MED-006,2026-03-19,1
FAC-009,MED-007,2026-03-19,2
FAC-009,MED-008,2026-03-19,10
FAC-010,MED-001,2026-03-19,9
FAC-010,MED-002,2026-03-19,10
FAC-010,MED-003,2026-03-19,1
FAC-010,MED-004,2026-03-19,8
FAC-010,MED-005,2026-03-19,3
FAC-010,MED-006,2026-03-19,2
FAC-010,MED-007,2026-03-19,2
FAC-010,MED-008,2026-03-19,3
FAC-011,MED-001,2026-03-19,119
FAC-011,MED-002,2026-03-19,154
FAC-011,MED-003,2026-03-19,30
FAC-011,MED-004,2026-03-19,121
FAC-011,MED-005,2026-03-19,64
FAC-011,MED-006,2026-03-19,36
FAC-011,MED-007,2026-03-19,62
FAC-011,MED-008,2026-03-19,98
FAC-012,MED-001,2026-03-19,27
FAC-012,MED-002,2026-03-19,32
FAC-012,MED-003,2026-03-19,7
FAC-012,MED-004,2026-03-19,13
FAC-012,MED-005,2026-03-19,7
FAC-012,MED-006,2026-03-19,4
FAC-012,MED-007,2026-03-19,8
FAC-012,MED-008,2026-03-19,10
FAC-013,MED-001,2026-03-19,4
FAC-013,MED-002,2026-03-19,6
FAC-013,MED-003,2026-03-19,1
FAC-013,MED-004,2026-03-19,6
FAC-013,MED-005,2026-03-19,2
FAC-013,MED-006,2026-03-19,2
FAC-013,MED-007,2026-03-19,3
FAC-013,MED-008,2026-03-19,6
FAC-014,MED-001,2026-03-19,8
FAC-014,MED-002,2026-03-19,9
FAC-014,MED-003,2026-03-19,3
FAC-014,MED-004,2026-03-19,6
FAC-014,MED-005,2026-03-19,6
FAC-014,MED-006,2026-03-19,3
FAC-014,MED-007,2026-03-19,9
FAC-014,MED-008,2026-03-19,11
FAC-015,MED-001,2026-03-19,10
FAC-015,MED-002,2026-03-19,10
FAC-015,MED-003,2026-03-19,5
FAC-015,MED-004,2026-03-19,8
FAC-015,MED-005,2026-03-19,8
FAC-015,MED-006,2026-03-19,3
FAC-015,MED-007,2026-03-19,5
FAC-015,MED-008,2026-03-19,9
FAC-016,MED-001,2026-03-19,134
FAC-016,MED-002,2026-03-19,174
FAC-016,MED-003,2026-03-19,31
FAC-016,MED-004,2026-03-19,99
FAC-016,MED-005,2026-03-19,75
FAC-016,MED-006,2026-03-19,50
FAC-016,MED-007,2026-03-19,79
FAC-016,MED-008,2026-03-19,118
FAC-017,MED-001,2026-03-19,16
FAC-017,MED-002,2026-03-19,18
FAC-017,MED-003,2026-03-19,3
FAC-017,MED-004,2026-03-19,10
FAC-017,MED-005,2026-03-19,9
FAC-017,MED-006,2026-03-19,7
FAC-017,MED-007,2026-03-19,8
FAC-017,MED-008,2026-03-19,12
FAC-018,MED-001,2026-03-19,2
FAC-018,MED-002,2026-03-19,8
FAC-018,MED-003,2026-03-19,1
FAC-018,MED-004,2026-03-19,3
FAC-018,MED-005,2026-03-19,2
FAC-018,MED-006,2026-03-19,1
FAC-018,MED-007,2026-03-19,2
FAC-018,MED-008,2026-03-19,3
FAC-019,MED-001,2026-03-19,15
FAC-019,MED-002,2026-03-19,15
FAC-019,MED-003,2026-03-19,2
FAC-019,MED-004,2026-03-19,9
FAC-019,MED-005,2026-03-19,9
FAC-019,MED-006,2026-03-19,5
FAC-019,MED-007,2026-03-19,8
FAC-019,MED-008,2026-03-19,9
FAC-020,MED-001,2026-03-19,7
FAC-020,MED-002,2026-03-19,14
FAC-020,MED-003,2026-03-19,3
FAC-020,MED-004,2026-03-19,7
FAC-020,MED-005,2026-03-19,9
FAC-020,MED-006,2026-03-19,6
FAC-020,MED-007,2026-03-19,7
FAC-020,MED-008,2026-03-19,14
FAC-001,MED-001,2026-03-20,162
FAC-001,MED-002,2026-03-20,171
FAC-001,MED-003,2026-03-20,26
FAC-001,MED-004,2026-03-20,139
FAC-001,MED-005,2026-03-20,70
FAC-001,MED-006,2026-03-20,56
FAC-001,MED-007,2026-03-20,100
FAC-001,MED-008,2026-03-20,147
FAC-002,MED-001,2026-03-20,16
FAC-002,MED-002,2026-03-20,18
FAC-002,MED-003,2026-03-20,0
FAC-002,MED-004,2026-03-20,11
FAC-002,MED-005,2026-03-20,4
FAC-002,MED-006,2026-03-20,0
FAC-002,MED-007,2026-03-20,6
FAC-002,MED-008,2026-03-20,15
FAC-003,MED-001,2026-03-20,6
FAC-003,MED-002,2026-03-20,10
FAC-003,MED-003,2026-03-20,5
FAC-003,MED-004,2026-03-20,5
FAC-003,MED-005,2026-03-20,1
FAC-003,MED-006,2026-03-20,5
FAC-003,MED-007,2026-03-20,3
FAC-003,MED-008,2026-03-20,4
FAC-004,MED-001,2026-03-20,12
FAC-004,MED-002,2026-03-20,27
FAC-004,MED-003,2026-03-20,5
FAC-004,MED-004,2026-03-20,13
FAC-004,MED-005,2026-03-20,11
FAC-004,MED-006,2026-03-20,6
FAC-004,MED-007,2026-03-20,10
FAC-004,MED-008,2026-03-20,19
FAC-005,MED-001,2026-03-20,117
FAC-005,MED-002,2026-03-20,140
FAC-005,MED-003,2026-03-20,22
FAC-005,MED-004,2026-03-20,82
FAC-005,MED-005,2026-03-20,49
FAC-005,MED-006,2026-03-20,25
FAC-005,MED-007,2026-03-20,60
FAC-005,MED-008,2026-03-20,108
FAC-006,MED-001,2026-03-20,140
FAC-006,MED-002,2026-03-20,156
FAC-006,MED-003,2026-03-20,38
FAC-006,MED-004,2026-03-20,112
FAC-006,MED-005,2026-03-20,59
FAC-006,MED-006,2026-03-20,38
FAC-006,MED-007,2026-03-20,72
FAC-006,MED-008,2026-03-20,123
FAC-007,MED-001,2026-03-20,13
FAC-007,MED-002,2026-03-20,15
FAC-007,MED-003,2026-03-20,0
FAC-007,MED-004,2026-03-20,7
FAC-007,MED-005,2026-03-20,7
FAC-007,MED-006,2026-03-20,6
FAC-007,MED-007,2026-03-20,7
FAC-007,MED-008,2026-03-20,12
FAC-008,MED-001,2026-03-20,5
FAC-008,MED-002,2026-03-20,10
FAC-008,MED-003,2026-03-20,3
FAC-008,MED-004,2026-03-20,5
FAC-008,MED-005,2026-03-20,3
FAC-008,MED-006,2026-03-20,4
FAC-008,MED-007,2026-03-20,8
FAC-008,MED-008,2026-03-20,4
FAC-009,MED-001,2026-03-20,3
FAC-009,MED-002,2026-03-20,14
FAC-009,MED-003,2026-03-20,2
FAC-009,MED-004,2026-03-20,7
FAC-009,MED-005,2026-03-20,6
FAC-009,MED-006,2026-03-20,3
FAC-009,MED-007,2026-03-20,2
FAC-009,MED-008,2026-03-20,14
FAC-010,MED-001,2026-03-20,8
FAC-010,MED-002,2026-03-20,12
FAC-010,MED-003,2026-03-20,1
FAC-010,MED-004,2026-03-20,7
FAC-010,MED-005,2026-03-20,4
FAC-010,MED-006,2026-03-20,3
FAC-010,MED-007,2026-03-20,6
FAC-010,MED-008,2026-03-20,10
FAC-011,MED-001,2026-03-20,122
FAC-011,MED-002,2026-03-20,147
FAC-011,MED-003,2026-03-20,28
FAC-011,MED-004,2026-03-20,84
FAC-011,MED-005,2026-03-20,68
FAC-011,MED-006,2026-03-20,41
FAC-011,MED-007,2026-03-20,58
FAC-011,MED-008,2026-03-20,130
FAC-012,MED-001,2026-03-20,23
FAC-012,MED-002,2026-03-20,18
FAC-012,MED-003,2026-03-20,1
FAC-012,MED-004,2026-03-20,10
FAC-012,MED-005,2026-03-20,5
FAC-012,MED-006,2026-03-20,4
FAC-012,MED-007,2026-03-20,13
FAC-012,MED-008,2026-03-20,11
FAC-013,MED-001,2026-03-20,5
FAC-013,MED-002,2026-03-20,2
FAC-013,MED-003,2026-03-20,2
FAC-013,MED-004,2026-03-20,7
FAC-013,MED-005,2026-03-20,6
FAC-013,MED-006,2026-03-20,1
FAC-013,MED-007,2026-03-20,1
FAC-013,MED-008,2026-03-20,6
FAC-014,MED-001,2026-03-20,10
FAC-014,MED-002,2026-03-20,18
FAC-014,MED-003,2026-03-20,7
FAC-014,MED-004,2026-03-20,12
FAC-014,MED-005,2026-03-20,4
FAC-014,MED-006,2026-03-20,4
FAC-014,MED-007,2026-03-20,5
FAC-014,MED-008,2026-03-20,13
FAC-015,MED-001,2026-03-20,11
FAC-015,MED-002,2026-03-20,13
FAC-015,MED-003,2026-03-20,2
FAC-015,MED-004,2026-03-20,4
FAC-015,MED-005,2026-03-20,4
FAC-015,MED-006,2026-03-20,2
FAC-015,MED-007,2026-03-20,8
FAC-015,MED-008,2026-03-20,8
FAC-016,MED-001,2026-03-20,133
FAC-016,MED-002,2026-03-20,184
FAC-016,MED-003,2026-03-20,32
FAC-016,MED-004,2026-03-20,120
FAC-016,MED-005,2026-03-20,65
FAC-016,MED-006,2026-03-20,42
FAC-016,MED-007,2026-03-20,77
FAC-016,MED-008,2026-03-20,128
FAC-017,MED-001,2026-03-20,13
FAC-017,MED-002,2026-03-20,19
FAC-017,MED-003,2026-03-20,1
FAC-017,MED-004,2026-03-20,9
FAC-017,MED-005,2026-03-20,6
FAC-017,MED-006,2026-03-20,6
FAC-017,MED-007,2026-03-20,8
FAC-017,MED-008,2026-03-20,16
FAC-018,MED-001,2026-03-20,4
FAC-018,MED-002,2026-03-20,10
FAC-018,MED-003,2026-03-20,3
FAC-018,MED-004,2026-03-20,8
FAC-018,MED-005,2026-03-20,4
FAC-018,MED-006,2026-03-20,2
FAC-018,MED-007,2026-03-20,3
FAC-018,MED-008,2026-03-20,2
FAC-019,MED-001,2026-03-20,9
FAC-019,MED-002,2026-03-20,17
FAC-019,MED-003,2026-03-20,1
FAC-019,MED-004,2026-03-20,15
FAC-019,MED-005,2026-03-20,6
FAC-019,MED-006,2026-03-20,7
FAC-019,MED-007,2026-03-20,3
FAC-019,MED-008,2026-03-20,14
FAC-020,MED-001,2026-03-20,8
FAC-020,MED-002,2026-03-20,15
FAC-020,MED-003,2026-03-20,5
FAC-020,MED-004,2026-03-20,8
FAC-020,MED-005,2026-03-20,0
FAC-020,MED-006,2026-03-20,2
FAC-020,MED-007,2026-03-20,10
FAC-020,MED-008,2026-03-20,6
FAC-001,MED-001,2026-03-21,160
FAC-001,MED-002,2026-03-21,166
FAC-001,MED-003,2026-03-21,41
FAC-001,MED-004,2026-03-21,137
FAC-001,MED-005,2026-03-21,75
FAC-001,MED-006,2026-03-21,43
FAC-001,MED-007,2026-03-21,101
FAC-001,MED-008,2026-03-21,118
FAC-002,MED-001,2026-03-21,6
FAC-002,MED-002,2026-03-21,7
FAC-002,MED-003,2026-03-21,2
FAC-002,MED-004,2026-03-21,10
FAC-002,MED-005,2026-03-21,4
FAC-002,MED-006,2026-03-21,2
FAC-002,MED-007,2026-03-21,5
FAC-002,MED-008,2026-03-21,9
FAC-003,MED-001,2026-03-21,4
FAC-003,MED-002,2026-03-21,4
FAC-003,MED-003,2026-03-21,2
FAC-003,MED-004,2026-03-21,3
FAC-003,MED-005,2026-03-21,3
FAC-003,MED-006,2026-03-21,4
FAC-003,MED-007,2026-03-21,1
FAC-003,MED-008,2026-03-21,1
FAC-004,MED-001,2026-03-21,2
FAC-004,MED-002,2026-03-21,11
FAC-004,MED-003,2026-03-21,2
FAC-004,MED-004,2026-03-21,10
FAC-004,MED-005,2026-03-21,2
FAC-004,MED-006,2026-03-21,1
FAC-004,MED-007,2026-03-21,4
FAC-004,MED-008,2026-03-21,16
FAC-005,MED-001,2026-03-21,120
FAC-005,MED-002,2026-03-21,126
FAC-005,MED-003,2026-03-21,20
FAC-005,MED-004,2026-03-21,93
FAC-005,MED-005,2026-03-21,56
FAC-005,MED-006,2026-03-21,26
FAC-005,MED-007,2026-03-21,57
FAC-005,MED-008,2026-03-21,115
FAC-006,MED-001,2026-03-21,112
FAC-006,MED-002,2026-03-21,141
FAC-006,MED-003,2026-03-21,26
FAC-006,MED-004,2026-03-21,110
FAC-006,MED-005,2026-03-21,54
FAC-006,MED-006,2026-03-21,44
FAC-006,MED-007,2026-03-21,70
FAC-006,MED-008,2026-03-21,123
FAC-007,MED-001,2026-03-21,14
FAC-007,MED-002,2026-03-21,9
FAC-007,MED-003,2026-03-21,0
FAC-007,MED-004,2026-03-21,7
FAC-007,MED-005,2026-03-21,4
FAC-007,MED-006,2026-03-21,3
FAC-007,MED-007,2026-03-21,7
FAC-007,MED-008,2026-03-21,0
FAC-008,MED-001,2026-03-21,7
FAC-008,MED-002,2026-03-21,9
FAC-008,MED-003,2026-03-21,7
FAC-008,MED-004,2026-03-21,5
FAC-008,MED-005,2026-03-21,1
FAC-008,MED-006,2026-03-21,1
FAC-008,MED-007,2026-03-21,5
FAC-008,MED-008,2026-03-21,4
FAC-009,MED-001,2026-03-21,5
FAC-009,MED-002,2026-03-21,10
FAC-009,MED-003,2026-03-21,0
FAC-009,MED-004,2026-03-21,6
FAC-009,MED-005,2026-03-21,2
FAC-009,MED-006,2026-03-21,6
FAC-009,MED-007,2026-03-21,2
FAC-009,MED-008,2026-03-21,9
FAC-010,MED-001,2026-03-21,5
FAC-010,MED-002,2026-03-21,7
FAC-010,MED-003,2026-03-21,1
FAC-010,MED-004,2026-03-21,3
FAC-010,MED-005,2026-03-21,3
FAC-010,MED-006,2026-03-21,1
FAC-010,MED-007,2026-03-21,5
FAC-010,MED-008,2026-03-21,3
FAC-011,MED-001,2026-03-21,129
FAC-011,MED-002,2026-03-21,140
FAC-011,MED-003,2026-03-21,30
FAC-011,MED-004,2026-03-21,84
FAC-011,MED-005,2026-03-21,57
FAC-011,MED-006,2026-03-21,45
FAC-011,MED-007,2026-03-21,71
FAC-011,MED-008,2026-03-21,129
FAC-012,MED-001,2026-03-21,13
FAC-012,MED-002,2026-03-21,11
FAC-012,MED-003,2026-03-21,7
FAC-012,MED-004,2026-03-21,12
FAC-012,MED-005,2026-03-21,10
FAC-012,MED-006,2026-03-21,1
FAC-012,MED-007,2026-03-21,5
FAC-012,MED-008,2026-03-21,12
FAC-013,MED-001,2026-03-21,4
FAC-013,MED-002,2026-03-21,2
FAC-013,MED-003,2026-03-21,0
FAC-013,MED-004,2026-03-21,2
FAC-013,MED-005,2026-03-21,3
FAC-013,MED-006,2026-03-21,1
FAC-013,MED-007,2026-03-21,2
FAC-013,MED-008,2026-03-21,4
FAC-014,MED-001,2026-03-21,10
FAC-014,MED-002,2026-03-21,15
FAC-014,MED-003,2026-03-21,1
FAC-014,MED-004,2026-03-21,9
FAC-014,MED-005,2026-03-21,3
FAC-014,MED-006,2026-03-21,1
FAC-014,MED-007,2026-03-21,7
FAC-014,MED-008,2026-03-21,5
FAC-015,MED-001,2026-03-21,4
FAC-015,MED-002,2026-03-21,7
FAC-015,MED-003,2026-03-21,3
FAC-015,MED-004,2026-03-21,4
FAC-015,MED-005,2026-03-21,2
FAC-015,MED-006,2026-03-21,1
FAC-015,MED-007,2026-03-21,3
FAC-015,MED-008,2026-03-21,6
FAC-016,MED-001,2026-03-21,136
FAC-016,MED-002,2026-03-21,196
FAC-016,MED-003,2026-03-21,31
FAC-016,MED-004,2026-03-21,112
FAC-016,MED-005,2026-03-21,70
FAC-016,MED-006,2026-03-21,58
FAC-016,MED-007,2026-03-21,81
FAC-016,MED-008,2026-03-21,124
FAC-017,MED-001,2026-03-21,8
FAC-017,MED-002,2026-03-21,15
FAC-017,MED-003,2026-03-21,2
FAC-017,MED-004,2026-03-21,4
FAC-017,MED-005,2026-03-21,2
FAC-017,MED-006,2026-03-21,7
FAC-017,MED-007,2026-03-21,6
FAC-017,MED-008,2026-03-21,6
FAC-018,MED-001,2026-03-21,5
FAC-018,MED-002,2026-03-21,8
FAC-018,MED-003,2026-03-21,2
FAC-018,MED-004,2026-03-21,0
FAC-018,MED-005,2026-03-21,2
FAC-018,MED-006,2026-03-21,3
FAC-018,MED-007,2026-03-21,1
FAC-018,MED-008,2026-03-21,7
FAC-019,MED-001,2026-03-21,4
FAC-019,MED-002,2026-03-21,8
FAC-019,MED-003,2026-03-21,5
FAC-019,MED-004,2026-03-21,12
FAC-019,MED-005,2026-03-21,5
FAC-019,MED-006,2026-03-21,3
FAC-019,MED-007,2026-03-21,7
FAC-019,MED-008,2026-03-21,10
FAC-020,MED-001,2026-03-21,6
FAC-020,MED-002,2026-03-21,11
FAC-020,MED-003,2026-03-21,1
FAC-020,MED-004,2026-03-21,5
FAC-020,MED-005,2026-03-21,4
FAC-020,MED-006,2026-03-21,2
FAC-020,MED-007,2026-03-21,10
FAC-020,MED-008,2026-03-21,4
FAC-001,MED-001,2026-03-22,136
FAC-001,MED-002,2026-03-22,185
FAC-001,MED-003,2026-03-22,22
FAC-001,MED-004,2026-03-22,126
FAC-001,MED-005,2026-03-22,67
FAC-001,MED-006,2026-03-22,49
FAC-001,MED-007,2026-03-22,67
FAC-001,MED-008,2026-03-22,115
FAC-002,MED-001,2026-03-22,7
FAC-002,MED-002,2026-03-22,14
FAC-002,MED-003,2026-03-22,1
FAC-002,MED-004,2026-03-22,12
FAC-002,MED-005,2026-03-22,6
FAC-002,MED-006,2026-03-22,2
FAC-002,MED-007,2026-03-22,8
FAC-002,MED-008,2026-03-22,9
FAC-003,MED-001,2026-03-22,2
FAC-003,MED-002,2026-03-22,7
FAC-003,MED-003,2026-03-22,3
FAC-003,MED-004,2026-03-22,4
FAC-003,MED-005,2026-03-22,2
FAC-003,MED-006,2026-03-22,2
FAC-003,MED-007,2026-03-22,2
FAC-003,MED-008,2026-03-22,3
FAC-004,MED-001,2026-03-22,0
FAC-004,MED-002,2026-03-22,11
FAC-004,MED-003,2026-03-22,1
FAC-004,MED-004,2026-03-22,9
FAC-004,MED-005,2026-03-22,7
FAC-004,MED-006,2026-03-22,1
FAC-004,MED-007,2026-03-22,6
FAC-004,MED-008,2026-03-22,7
FAC-005,MED-001,2026-03-22,118
FAC-005,MED-002,2026-03-22,131
FAC-005,MED-003,2026-03-22,25
FAC-005,MED-004,2026-03-22,61
FAC-005,MED-005,2026-03-22,61
FAC-005,MED-006,2026-03-22,29
FAC-005,MED-007,2026-03-22,45
FAC-005,MED-008,2026-03-22,98
FAC-006,MED-001,2026-03-22,118
FAC-006,MED-002,2026-03-22,186
FAC-006,MED-003,2026-03-22,39
FAC-006,MED-004,2026-03-22,111
FAC-006,MED-005,2026-03-22,49
FAC-006,MED-006,2026-03-22,35
FAC-006,MED-007,2026-03-22,63
FAC-006,MED-008,2026-03-22,101
FAC-007,MED-001,2026-03-22,6
FAC-007,MED-002,2026-03-22,17
FAC-007,MED-003,2026-03-22,5
FAC-007,MED-004,2026-03-22,5
FAC-007,MED-005,2026-03-22,3
FAC-007,MED-006,2026-03-22,4
FAC-007,MED-007,2026-03-22,2
FAC-007,MED-008,2026-03-22,0
FAC-008,MED-001,2026-03-22,6
FAC-008,MED-002,2026-03-22,8
FAC-008,MED-003,2026-03-22,3
FAC-008,MED-004,2026-03-22,6
FAC-008,MED-005,2026-03-22,0
FAC-008,MED-006,2026-03-22,0
FAC-008,MED-007,2026-03-22,2
FAC-008,MED-008,2026-03-22,5
FAC-009,MED-001,2026-03-22,3
FAC-009,MED-002,2026-03-22,0
FAC-009,MED-003,2026-03-22,2
FAC-009,MED-004,2026-03-22,2
FAC-009,MED-005,2026-03-22,2
FAC-009,MED-006,2026-03-22,4
FAC-009,MED-007,2026-03-22,3
FAC-009,MED-008,2026-03-22,6
FAC-010,MED-001,2026-03-22,5
FAC-010,MED-002,2026-03-22,4
FAC-010,MED-003,2026-03-22,4
FAC-010,MED-004,2026-03-22,3
FAC-010,MED-005,2026-03-22,3
FAC-010,MED-006,2026-03-22,0
FAC-010,MED-007,2026-03-22,4
FAC-010,MED-008,2026-03-22,8
FAC-011,MED-001,2026-03-22,133
FAC-011,MED-002,2026-03-22,157
FAC-011,MED-003,2026-03-22,34
FAC-011,MED-004,2026-03-22,103
FAC-011,MED-005,2026-03-22,57
FAC-011,MED-006,2026-03-22,42
FAC-011,MED-007,2026-03-22,66
FAC-011,MED-008,2026-03-22,98
FAC-012,MED-001,2026-03-22,17
FAC-012,MED-002,2026-03-22,9
FAC-012,MED-003,2026-03-22,4
FAC-012,MED-004,2026-03-22,11
FAC-012,MED-005,2026-03-22,2
FAC-012,MED-006,2026-03-22,4
FAC-012,MED-007,2026-03-22,1
FAC-012,MED-008,2026-03-22,12
FAC-013,MED-001,2026-03-22,5
FAC-013,MED-002,2026-03-22,0
FAC-013,MED-003,2026-03-22,1
FAC-013,MED-004,2026-03-22,2
FAC-013,MED-005,2026-03-22,1
FAC-013,MED-006,2026-03-22,3
FAC-013,MED-007,2026-03-22,2
FAC-013,MED-008,2026-03-22,2
FAC-014,MED-001,2026-03-22,5
FAC-014,MED-002,2026-03-22,10
FAC-014,MED-003,2026-03-22,3
FAC-014,MED-004,2026-03-22,7
FAC-014,MED-005,2026-03-22,3
FAC-014,MED-006,2026-03-22,1
FAC-014,MED-007,2026-03-22,6
FAC-014,MED-008,2026-03-22,10
FAC-015,MED-001,2026-03-22,5
FAC-015,MED-002,2026-03-22,8
FAC-015,MED-003,2026-03-22,2
FAC-015,MED-004,2026-03-22,2
FAC-015,MED-005,2026-03-22,3
FAC-015,MED-006,2026-03-22,1
FAC-015,MED-007,2026-03-22,5
FAC-015,MED-008,2026-03-22,6
FAC-016,MED-001,2026-03-22,135
FAC-016,MED-002,2026-03-22,167
FAC-016,MED-003,2026-03-22,30
FAC-016,MED-004,2026-03-22,103
FAC-016,MED-005,2026-03-22,47
FAC-016,MED-006,2026-03-22,59
FAC-016,MED-007,2026-03-22,78
FAC-016,MED-008,2026-03-22,136
FAC-017,MED-001,2026-03-22,10
FAC-017,MED-002,2026-03-22,16
FAC-017,MED-003,2026-03-22,1
FAC-017,MED-004,2026-03-22,12
FAC-017,MED-005,2026-03-22,7
FAC-017,MED-006,2026-03-22,3
FAC-017,MED-007,2026-03-22,6
FAC-017,MED-008,2026-03-22,6
FAC-018,MED-001,2026-03-22,6
FAC-018,MED-002,2026-03-22,7
FAC-018,MED-003,2026-03-22,2
FAC-018,MED-004,2026-03-22,3
FAC-018,MED-005,2026-03-22,4
FAC-018,MED-006,2026-03-22,0
FAC-018,MED-007,2026-03-22,5
FAC-018,MED-008,2026-03-22,6
FAC-019,MED-001,2026-03-22,7
FAC-019,MED-002,2026-03-22,7
FAC-019,MED-003,2026-03-22,4
FAC-019,MED-004,2026-03-22,8
FAC-019,MED-005,2026-03-22,3
FAC-019,MED-006,2026-03-22,7
FAC-019,MED-007,2026-03-22,0
FAC-019,MED-008,2026-03-22,10
FAC-020,MED-001,2026-03-22,4
FAC-020,MED-002,2026-03-22,9
FAC-020,MED-003,2026-03-22,4
FAC-020,MED-004,2026-03-22,4
FAC-020,MED-005,2026-03-22,4
FAC-020,MED-006,2026-03-22,4
FAC-020,MED-007,2026-03-22,6
FAC-020,MED-008,2026-03-22,5
FAC-001,MED-001,2026-03-23,153
FAC-001,MED-002,2026-03-23,177
FAC-001,MED-003,2026-03-23,31
FAC-001,MED-004,2026-03-23,118
FAC-001,MED-005,2026-03-23,72
FAC-001,MED-006,2026-03-23,54
FAC-001,MED-007,2026-03-23,78
FAC-001,MED-008,2026-03-23,118
FAC-002,MED-001,2026-03-23,12
FAC-002,MED-002,2026-03-23,20
FAC-002,MED-003,2026-03-23,2
FAC-002,MED-004,2026-03-23,20
FAC-002,MED-005,2026-03-23,9
FAC-002,MED-006,2026-03-23,6
FAC-002,MED-007,2026-03-23,5
FAC-002,MED-008,2026-03-23,10
FAC-003,MED-001,2026-03-23,5
FAC-003,MED-002,2026-03-23,3
FAC-003,MED-003,2026-03-23,8
FAC-003,MED-004,2026-03-23,6
FAC-003,MED-005,2026-03-23,1
FAC-003,MED-006,2026-03-23,2
FAC-003,MED-007,2026-03-23,8
FAC-003,MED-008,2026-03-23,6
FAC-004,MED-001,2026-03-23,9
FAC-004,MED-002,2026-03-23,22
FAC-004,MED-003,2026-03-23,2
FAC-004,MED-004,2026-03-23,13
FAC-004,MED-005,2026-03-23,7
FAC-004,MED-006,2026-03-23,7
FAC-004,MED-007,2026-03-23,0
FAC-004,MED-008,2026-03-23,18
FAC-005,MED-001,2026-03-23,123
FAC-005,MED-002,2026-03-23,137
FAC-005,MED-003,2026-03-23,27
FAC-005,MED-004,2026-03-23,104
FAC-005,MED-005,2026-03-23,50
FAC-005,MED-006,2026-03-23,39
FAC-005,MED-007,2026-03-23,65
FAC-005,MED-008,2026-03-23,95
FAC-006,MED-001,2026-03-23,126
FAC-006,MED-002,2026-03-23,155
FAC-006,MED-003,2026-03-23,30
FAC-006,MED-004,2026-03-23,94
FAC-006,MED-005,2026-03-23,2
FAC-006,MED-006,2026-03-23,41
FAC-006,MED-007,2026-03-23,74
FAC-006,MED-008,2026-03-23,121
FAC-007,MED-001,2026-03-23,0
FAC-007,MED-002,2026-03-23,23
FAC-007,MED-003,2026-03-23,3
FAC-007,MED-004,2026-03-23,10
FAC-007,MED-005,2026-03-23,7
FAC-007,MED-006,2026-03-23,5
FAC-007,MED-007,2026-03-23,6
FAC-007,MED-008,2026-03-23,15
FAC-008,MED-001,2026-03-23,8
FAC-008,MED-002,2026-03-23,4
FAC-008,MED-003,2026-03-23,3
FAC-008,MED-004,2026-03-23,3
FAC-008,MED-005,2026-03-23,4
FAC-008,MED-006,2026-03-23,5
FAC-008,MED-007,2026-03-23,4
FAC-008,MED-008,2026-03-23,4
FAC-009,MED-001,2026-03-23,9
FAC-009,MED-002,2026-03-23,0
FAC-009,MED-003,2026-03-23,6
FAC-009,MED-004,2026-03-23,2
FAC-009,MED-005,2026-03-23,7
FAC-009,MED-006,2026-03-23,4
FAC-009,MED-007,2026-03-23,7
FAC-009,MED-008,2026-03-23,15
FAC-010,MED-001,2026-03-23,9
FAC-010,MED-002,2026-03-23,15
FAC-010,MED-003,2026-03-23,0
FAC-010,MED-004,2026-03-23,4
FAC-010,MED-005,2026-03-23,2
FAC-010,MED-006,2026-03-23,5
FAC-010,MED-007,2026-03-23,5
FAC-010,MED-008,2026-03-23,4
FAC-011,MED-001,2026-03-23,107
FAC-011,MED-002,2026-03-23,141
FAC-011,MED-003,2026-03-23,32
FAC-011,MED-004,2026-03-23,104
FAC-011,MED-005,2026-03-23,83
FAC-011,MED-006,2026-03-23,36
FAC-011,MED-007,2026-03-23,68
FAC-011,MED-008,2026-03-23,101
FAC-012,MED-001,2026-03-23,37
FAC-012,MED-002,2026-03-23,16
FAC-012,MED-003,2026-03-23,4
FAC-012,MED-004,2026-03-23,14
FAC-012,MED-005,2026-03-23,8
FAC-012,MED-006,2026-03-23,6
FAC-012,MED-007,2026-03-23,6
FAC-012,MED-008,2026-03-23,12
FAC-013,MED-001,2026-03-23,4
FAC-013,MED-002,2026-03-23,1
FAC-013,MED-003,2026-03-23,3
FAC-013,MED-004,2026-03-23,3
FAC-013,MED-005,2026-03-23,2
FAC-013,MED-006,2026-03-23,4
FAC-013,MED-007,2026-03-23,2
FAC-013,MED-008,2026-03-23,6
FAC-014,MED-001,2026-03-23,10
FAC-014,MED-002,2026-03-23,13
FAC-014,MED-003,2026-03-23,5
FAC-014,MED-004,2026-03-23,13
FAC-014,MED-005,2026-03-23,8
FAC-014,MED-006,2026-03-23,1
FAC-014,MED-007,2026-03-23,8
FAC-014,MED-008,2026-03-23,7
FAC-015,MED-001,2026-03-23,12
FAC-015,MED-002,2026-03-23,13
FAC-015,MED-003,2026-03-23,4
FAC-015,MED-004,2026-03-23,6
FAC-015,MED-005,2026-03-23,7
FAC-015,MED-006,2026-03-23,5
FAC-015,MED-007,2026-03-23,4
FAC-015,MED-008,2026-03-23,11
FAC-016,MED-001,2026-03-23,136
FAC-016,MED-002,2026-03-23,179
FAC-016,MED-003,2026-03-23,36
FAC-016,MED-004,2026-03-23,180
FAC-016,MED-005,2026-03-23,65
FAC-016,MED-006,2026-03-23,48
FAC-016,MED-007,2026-03-23,76
FAC-016,MED-008,2026-03-23,105
FAC-017,MED-001,2026-03-23,11
FAC-017,MED-002,2026-03-23,15
FAC-017,MED-003,2026-03-23,2
FAC-017,MED-004,2026-03-23,9
FAC-017,MED-005,2026-03-23,6
FAC-017,MED-006,2026-03-23,4
FAC-017,MED-007,2026-03-23,12
FAC-017,MED-008,2026-03-23,14
FAC-018,MED-001,2026-03-23,3
FAC-018,MED-002,2026-03-23,14
FAC-018,MED-003,2026-03-23,4
FAC-018,MED-004,2026-03-23,3
FAC-018,MED-005,2026-03-23,2
FAC-018,MED-006,2026-03-23,8
FAC-018,MED-007,2026-03-23,6
FAC-018,MED-008,2026-03-23,4
FAC-019,MED-001,2026-03-23,6
FAC-019,MED-002,2026-03-23,16
FAC-019,MED-003,2026-03-23,7
FAC-019,MED-004,2026-03-23,8
FAC-019,MED-005,2026-03-23,10
FAC-019,MED-006,2026-03-23,1
FAC-019,MED-007,2026-03-23,7
FAC-019,MED-008,2026-03-23,12
FAC-020,MED-001,2026-03-23,7
FAC-020,MED-002,2026-03-23,16
FAC-020,MED-003,2026-03-23,3
FAC-020,MED-004,2026-03-23,7
FAC-020,MED-005,2026-03-23,8
FAC-020,MED-006,2026-03-23,0
FAC-020,MED-007,2026-03-23,5
FAC-020,MED-008,2026-03-23,4
FAC-001,MED-001,2026-03-24,174
FAC-001,MED-002,2026-03-24,189
FAC-001,MED-003,2026-03-24,41
FAC-001,MED-004,2026-03-24,60
FAC-001,MED-005,2026-03-24,76
FAC-001,MED-006,2026-03-24,56
FAC-001,MED-007,2026-03-24,90
FAC-001,MED-008,2026-03-24,129
FAC-002,MED-001,2026-03-24,12
FAC-002,MED-002,2026-03-24,18
FAC-002,MED-003,2026-03-24,2
FAC-002,MED-004,2026-03-24,14
FAC-002,MED-005,2026-03-24,8
FAC-002,MED-006,2026-03-24,7
FAC-002,MED-007,2026-03-24,9
FAC-002,MED-008,2026-03-24,10
FAC-003,MED-001,2026-03-24,5
FAC-003,MED-002,2026-03-24,6
FAC-003,MED-003,2026-03-24,2
FAC-003,MED-004,2026-03-24,3
FAC-003,MED-005,2026-03-24,5
FAC-003,MED-006,2026-03-24,1
FAC-003,MED-007,2026-03-24,1
FAC-003,MED-008,2026-03-24,3
FAC-004,MED-001,2026-03-24,17
FAC-004,MED-002,2026-03-24,13
FAC-004,MED-003,2026-03-24,0
FAC-004,MED-004,2026-03-24,9
FAC-004,MED-005,2026-03-24,13
FAC-004,MED-006,2026-03-24,6
FAC-004,MED-007,2026-03-24,0
FAC-004,MED-008,2026-03-24,15
FAC-005,MED-001,2026-03-24,112
FAC-005,MED-002,2026-03-24,135
FAC-005,MED-003,2026-03-24,31
FAC-005,MED-004,2026-03-24,90
FAC-005,MED-005,2026-03-24,58
FAC-005,MED-006,2026-03-24,47
FAC-005,MED-007,2026-03-24,50
FAC-005,MED-008,2026-03-24,95
FAC-006,MED-001,2026-03-24,128
FAC-006,MED-002,2026-03-24,152
FAC-006,MED-003,2026-03-24,33
FAC-006,MED-004,2026-03-24,80
FAC-006,MED-005,2026-03-24,0
FAC-006,MED-006,2026-03-24,41
FAC-006,MED-007,2026-03-24,85
FAC-006,MED-008,2026-03-24,114
FAC-007,MED-001,2026-03-24,0
FAC-007,MED-002,2026-03-24,10
FAC-007,MED-003,2026-03-24,2
FAC-007,MED-004,2026-03-24,10
FAC-007,MED-005,2026-03-24,8
FAC-007,MED-006,2026-03-24,3
FAC-007,MED-007,2026-03-24,0
FAC-007,MED-008,2026-03-24,16
FAC-008,MED-001,2026-03-24,5
FAC-008,MED-002,2026-03-24,8
FAC-008,MED-003,2026-03-24,2
FAC-008,MED-004,2026-03-24,4
FAC-008,MED-005,2026-03-24,3
FAC-008,MED-006,2026-03-24,2
FAC-008,MED-007,2026-03-24,3
FAC-008,MED-008,2026-03-24,3
FAC-009,MED-001,2026-03-24,15
FAC-009,MED-002,2026-03-24,16
FAC-009,MED-003,2026-03-24,1
FAC-009,MED-004,2026-03-24,8
FAC-009,MED-005,2026-03-24,9
FAC-009,MED-006,2026-03-24,4
FAC-009,MED-007,2026-03-24,5
FAC-009,MED-008,2026-03-24,7
FAC-010,MED-001,2026-03-24,4
FAC-010,MED-002,2026-03-24,15
FAC-010,MED-003,2026-03-24,2
FAC-010,MED-004,2026-03-24,8
FAC-010,MED-005,2026-03-24,7
FAC-010,MED-006,2026-03-24,4
FAC-010,MED-007,2026-03-24,5
FAC-010,MED-008,2026-03-24,6
FAC-011,MED-001,2026-03-24,133
FAC-011,MED-002,2026-03-24,158
FAC-011,MED-003,2026-03-24,33
FAC-011,MED-004,2026-03-24,108
FAC-011,MED-005,2026-03-24,51
FAC-011,MED-006,2026-03-24,45
FAC-011,MED-007,2026-03-24,93
FAC-011,MED-008,2026-03-24,112
FAC-012,MED-001,2026-03-24,36
FAC-012,MED-002,2026-03-24,24
FAC-012,MED-003,2026-03-24,4
FAC-012,MED-004,2026-03-24,12
FAC-012,MED-005,2026-03-24,5
FAC-012,MED-006,2026-03-24,4
FAC-012,MED-007,2026-03-24,10
FAC-012,MED-008,2026-03-24,10
FAC-013,MED-001,2026-03-24,6
FAC-013,MED-002,2026-03-24,1
FAC-013,MED-003,2026-03-24,2
FAC-013,MED-004,2026-03-24,2
FAC-013,MED-005,2026-03-24,6
FAC-013,MED-006,2026-03-24,3
FAC-013,MED-007,2026-03-24,2
FAC-013,MED-008,2026-03-24,5
FAC-014,MED-001,2026-03-24,12
FAC-014,MED-002,2026-03-24,16
FAC-014,MED-003,2026-03-24,6
FAC-014,MED-004,2026-03-24,8
FAC-014,MED-005,2026-03-24,10
FAC-014,MED-006,2026-03-24,5
FAC-014,MED-007,2026-03-24,6
FAC-014,MED-008,2026-03-24,6
FAC-015,MED-001,2026-03-24,8
FAC-015,MED-002,2026-03-24,8
FAC-015,MED-003,2026-03-24,3
FAC-015,MED-004,2026-03-24,4
FAC-015,MED-005,2026-03-24,4
FAC-015,MED-006,2026-03-24,4
FAC-015,MED-007,2026-03-24,2
FAC-015,MED-008,2026-03-24,8
FAC-016,MED-001,2026-03-24,150
FAC-016,MED-002,2026-03-24,159
FAC-016,MED-003,2026-03-24,30
FAC-016,MED-004,2026-03-24,104
FAC-016,MED-005,2026-03-24,69
FAC-016,MED-006,2026-03-24,56
FAC-016,MED-007,2026-03-24,87
FAC-016,MED-008,2026-03-24,115
FAC-017,MED-001,2026-03-24,11
FAC-017,MED-002,2026-03-24,14
FAC-017,MED-003,2026-03-24,2
FAC-017,MED-004,2026-03-24,13
FAC-017,MED-005,2026-03-24,8
FAC-017,MED-006,2026-03-24,5
FAC-017,MED-007,2026-03-24,10
FAC-017,MED-008,2026-03-24,15
FAC-018,MED-001,2026-03-24,4
FAC-018,MED-002,2026-03-24,10
FAC-018,MED-003,2026-03-24,5
FAC-018,MED-004,2026-03-24,7
FAC-018,MED-005,2026-03-24,6
FAC-018,MED-006,2026-03-24,6
FAC-018,MED-007,2026-03-24,2
FAC-018,MED-008,2026-03-24,3
FAC-019,MED-001,2026-03-24,10
FAC-019,MED-002,2026-03-24,8
FAC-019,MED-003,2026-03-24,2
FAC-019,MED-004,2026-03-24,14
FAC-019,MED-005,2026-03-24,4
FAC-019,MED-006,2026-03-24,8
FAC-019,MED-007,2026-03-24,6
FAC-019,MED-008,2026-03-24,7
FAC-020,MED-001,2026-03-24,11
FAC-020,MED-002,2026-03-24,7
FAC-020,MED-003,2026-03-24,2
FAC-020,MED-004,2026-03-24,5
FAC-020,MED-005,2026-03-24,2
FAC-020,MED-006,2026-03-24,7
FAC-020,MED-007,2026-03-24,4
FAC-020,MED-008,2026-03-24,10
FAC-001,MED-001,2026-03-25,226
FAC-001,MED-002,2026-03-25,156
FAC-001,MED-003,2026-03-25,41
FAC-001,MED-004,2026-03-25,0
FAC-001,MED-005,2026-03-25,82
FAC-001,MED-006,2026-03-25,51
FAC-001,MED-007,2026-03-25,78
FAC-001,MED-008,2026-03-25,132
FAC-002,MED-001,2026-03-25,11
FAC-002,MED-002,2026-03-25,16
FAC-002,MED-003,2026-03-25,1
FAC-002,MED-004,2026-03-25,15
FAC-002,MED-005,2026-03-25,9
FAC-002,MED-006,2026-03-25,6
FAC-002,MED-007,2026-03-25,10
FAC-002,MED-008,2026-03-25,9
FAC-003,MED-001,2026-03-25,1
FAC-003,MED-002,2026-03-25,11
FAC-003,MED-003,2026-03-25,1
FAC-003,MED-004,2026-03-25,3
FAC-003,MED-005,2026-03-25,3
FAC-003,MED-006,2026-03-25,3
FAC-003,MED-007,2026-03-25,2
FAC-003,MED-008,2026-03-25,3
FAC-004,MED-001,2026-03-25,12
FAC-004,MED-002,2026-03-25,16
FAC-004,MED-003,2026-03-25,0
FAC-004,MED-004,2026-03-25,14
FAC-004,MED-005,2026-03-25,11
FAC-004,MED-006,2026-03-25,5
FAC-004,MED-007,2026-03-25,0
FAC-004,MED-008,2026-03-25,13
FAC-005,MED-001,2026-03-25,126
FAC-005,MED-002,2026-03-25,140
FAC-005,MED-003,2026-03-25,34
FAC-005,MED-004,2026-03-25,172
FAC-005,MED-005,2026-03-25,47
FAC-005,MED-006,2026-03-25,42
FAC-005,MED-007,2026-03-25,50
FAC-005,MED-008,2026-03-25,95
FAC-006,MED-001,2026-03-25,99
FAC-006,MED-002,2026-03-25,68
FAC-006,MED-003,2026-03-25,3
FAC-006,MED-004,2026-03-25,88
FAC-006,MED-005,2026-03-25,0
FAC-006,MED-006,2026-03-25,42
FAC-006,MED-007,2026-03-25,42
FAC-006,MED-008,2026-03-25,194
FAC-007,MED-001,2026-03-25,0
FAC-007,MED-002,2026-03-25,17
FAC-007,MED-003,2026-03-25,3
FAC-007,MED-004,2026-03-25,4
FAC-007,MED-005,2026-03-25,8
FAC-007,MED-006,2026-03-25,5
FAC-007,MED-007,2026-03-25,3
FAC-007,MED-008,2026-03-25,13
FAC-008,MED-001,2026-03-25,6
FAC-008,MED-002,2026-03-25,7
FAC-008,MED-003,2026-03-25,1
FAC-008,MED-004,2026-03-25,2
FAC-008,MED-005,2026-03-25,2
FAC-008,MED-006,2026-03-25,1
FAC-008,MED-007,2026-03-25,6
FAC-008,MED-008,2026-03-25,2
FAC-009,MED-001,2026-03-25,8
FAC-009,MED-002,2026-03-25,13
FAC-009,MED-003,2026-03-25,0
FAC-009,MED-004,2026-03-25,8
FAC-009,MED-005,2026-03-25,6
FAC-009,MED-006,2026-03-25,2
FAC-009,MED-007,2026-03-25,8
FAC-009,MED-008,2026-03-25,9
FAC-010,MED-001,2026-03-25,9
FAC-010,MED-002,2026-03-25,8
FAC-010,MED-003,2026-03-25,0
FAC-010,MED-004,2026-03-25,8
FAC-010,MED-005,2026-03-25,2
FAC-010,MED-006,2026-03-25,6
FAC-010,MED-007,2026-03-25,4
FAC-010,MED-008,2026-03-25,8
FAC-011,MED-001,2026-03-25,134
FAC-011,MED-002,2026-03-25,138
FAC-011,MED-003,2026-03-25,24
FAC-011,MED-004,2026-03-25,100
FAC-011,MED-005,2026-03-25,63
FAC-011,MED-006,2026-03-25,45
FAC-011,MED-007,2026-03-25,71
FAC-011,MED-008,2026-03-25,120
FAC-012,MED-001,2026-03-25,27
FAC-012,MED-002,2026-03-25,13
FAC-012,MED-003,2026-03-25,6
FAC-012,MED-004,2026-03-25,7
FAC-012,MED-005,2026-03-25,4
FAC-012,MED-006,2026-03-25,4
FAC-012,MED-007,2026-03-25,8
FAC-012,MED-008,2026-03-25,11
FAC-013,MED-001,2026-03-25,5
FAC-013,MED-002,2026-03-25,3
FAC-013,MED-003,2026-03-25,3
FAC-013,MED-004,2026-03-25,10
FAC-013,MED-005,2026-03-25,2
FAC-013,MED-006,2026-03-25,7
FAC-013,MED-007,2026-03-25,3
FAC-013,MED-008,2026-03-25,4
FAC-014,MED-001,2026-03-25,8
FAC-014,MED-002,2026-03-25,12
FAC-014,MED-003,2026-03-25,1
FAC-014,MED-004,2026-03-25,9
FAC-014,MED-005,2026-03-25,6
FAC-014,MED-006,2026-03-25,2
FAC-014,MED-007,2026-03-25,9
FAC-014,MED-008,2026-03-25,16
FAC-015,MED-001,2026-03-25,11
FAC-015,MED-002,2026-03-25,11
FAC-015,MED-003,2026-03-25,1
FAC-015,MED-004,2026-03-25,5
FAC-015,MED-005,2026-03-25,6
FAC-015,MED-006,2026-03-25,1
FAC-015,MED-007,2026-03-25,6
FAC-015,MED-008,2026-03-25,7
FAC-016,MED-001,2026-03-25,141
FAC-016,MED-002,2026-03-25,174
FAC-016,MED-003,2026-03-25,37
FAC-016,MED-004,2026-03-25,120
FAC-016,MED-005,2026-03-25,63
FAC-016,MED-006,2026-03-25,36
FAC-016,MED-007,2026-03-25,82
FAC-016,MED-008,2026-03-25,126
FAC-017,MED-001,2026-03-25,12
FAC-017,MED-002,2026-03-25,14
FAC-017,MED-003,2026-03-25,3
FAC-017,MED-004,2026-03-25,8
FAC-017,MED-005,2026-03-25,7
FAC-017,MED-006,2026-03-25,6
FAC-017,MED-007,2026-03-25,7
FAC-017,MED-008,2026-03-25,6
FAC-018,MED-001,2026-03-25,6
FAC-018,MED-002,2026-03-25,8
FAC-018,MED-003,2026-03-25,2
FAC-018,MED-004,2026-03-25,3
FAC-018,MED-005,2026-03-25,3
FAC-018,MED-006,2026-03-25,0
FAC-018,MED-007,2026-03-25,3
FAC-018,MED-008,2026-03-25,1
FAC-019,MED-001,2026-03-25,13
FAC-019,MED-002,2026-03-25,15
FAC-019,MED-003,2026-03-25,4
FAC-019,MED-004,2026-03-25,10
FAC-019,MED-005,2026-03-25,5
FAC-019,MED-006,2026-03-25,3
FAC-019,MED-007,2026-03-25,8
FAC-019,MED-008,2026-03-25,10
FAC-020,MED-001,2026-03-25,18
FAC-020,MED-002,2026-03-25,12
FAC-020,MED-003,2026-03-25,2
FAC-020,MED-004,2026-03-25,14
FAC-020,MED-005,2026-03-25,2
FAC-020,MED-006,2026-03-25,1
FAC-020,MED-007,2026-03-25,7
FAC-020,MED-008,2026-03-25,7
FAC-001,MED-001,2026-03-26,140
FAC-001,MED-002,2026-03-26,178
FAC-001,MED-003,2026-03-26,40
FAC-001,MED-004,2026-03-26,0
FAC-001,MED-005,2026-03-26,82
FAC-001,MED-006,2026-03-26,53
FAC-001,MED-007,2026-03-26,86
FAC-001,MED-008,2026-03-26,122
FAC-002,MED-001,2026-03-26,16
FAC-002,MED-002,2026-03-26,18
FAC-002,MED-003,2026-03-26,5
FAC-002,MED-004,2026-03-26,10
FAC-002,MED-005,2026-03-26,6
FAC-002,MED-006,2026-03-26,7
FAC-002,MED-007,2026-03-26,10
FAC-002,MED-008,2026-03-26,10
FAC-003,MED-001,2026-03-26,3
FAC-003,MED-002,2026-03-26,5
FAC-003,MED-003,2026-03-26,3
FAC-003,MED-004,2026-03-26,3
FAC-003,MED-005,2026-03-26,4
FAC-003,MED-006,2026-03-26,2
FAC-003,MED-007,2026-03-26,3
FAC-003,MED-008,2026-03-26,4
FAC-004,MED-001,2026-03-26,16
FAC-004,MED-002,2026-03-26,16
FAC-004,MED-003,2026-03-26,6
FAC-004,MED-004,2026-03-26,7
FAC-004,MED-005,2026-03-26,3
FAC-004,MED-006,2026-03-26,6
FAC-004,MED-007,2026-03-26,10
FAC-004,MED-008,2026-03-26,17
FAC-005,MED-001,2026-03-26,110
FAC-005,MED-002,2026-03-26,143
FAC-005,MED-003,2026-03-26,28
FAC-005,MED-004,2026-03-26,89
FAC-005,MED-005,2026-03-26,61
FAC-005,MED-006,2026-03-26,43
FAC-005,MED-007,2026-03-26,68
FAC-005,MED-008,2026-03-26,88
FAC-006,MED-001,2026-03-26,0
FAC-006,MED-002,2026-03-26,168
FAC-006,MED-003,2026-03-26,28
FAC-006,MED-004,2026-03-26,107
FAC-006,MED-005,2026-03-26,66
FAC-006,MED-006,2026-03-26,7
FAC-006,MED-007,2026-03-26,80
FAC-006,MED-008,2026-03-26,130
FAC-007,MED-001,2026-03-26,11
FAC-007,MED-002,2026-03-26,15
FAC-007,MED-003,2026-03-26,3
FAC-007,MED-004,2026-03-26,8
FAC-007,MED-005,2026-03-26,8
FAC-007,MED-006,2026-03-26,5
FAC-007,MED-007,2026-03-26,8
FAC-007,MED-008,2026-03-26,12
FAC-008,MED-001,2026-03-26,6
FAC-008,MED-002,2026-03-26,2
FAC-008,MED-003,2026-03-26,1
FAC-008,MED-004,2026-03-26,4
FAC-008,MED-005,2026-03-26,3
FAC-008,MED-006,2026-03-26,6
FAC-008,MED-007,2026-03-26,5
FAC-008,MED-008,2026-03-26,9
FAC-009,MED-001,2026-03-26,3
FAC-009,MED-002,2026-03-26,15
FAC-009,MED-003,2026-03-26,2
FAC-009,MED-004,2026-03-26,8
FAC-009,MED-005,2026-03-26,2
FAC-009,MED-006,2026-03-26,8
FAC-009,MED-007,2026-03-26,12
FAC-009,MED-008,2026-03-26,9
FAC-010,MED-001,2026-03-26,10
FAC-010,MED-002,2026-03-26,14
FAC-010,MED-003,2026-03-26,2
FAC-010,MED-004,2026-03-26,9
FAC-010,MED-005,2026-03-26,1
FAC-010,MED-006,2026-03-26,5
FAC-010,MED-007,2026-03-26,6
FAC-010,MED-008,2026-03-26,7
FAC-011,MED-001,2026-03-26,125
FAC-011,MED-002,2026-03-26,154
FAC-011,MED-003,2026-03-26,34
FAC-011,MED-004,2026-03-26,94
FAC-011,MED-005,2026-03-26,68
FAC-011,MED-006,2026-03-26,46
FAC-011,MED-007,2026-03-26,62
FAC-011,MED-008,2026-03-26,167
FAC-012,MED-001,2026-03-26,28
FAC-012,MED-002,2026-03-26,15
FAC-012,MED-003,2026-03-26,2
FAC-012,MED-004,2026-03-26,7
FAC-012,MED-005,2026-03-26,9
FAC-012,MED-006,2026-03-26,3
FAC-012,MED-007,2026-03-26,16
FAC-012,MED-008,2026-03-26,18
FAC-013,MED-001,2026-03-26,6
FAC-013,MED-002,2026-03-26,7
FAC-013,MED-003,2026-03-26,2
FAC-013,MED-004,2026-03-26,5
FAC-013,MED-005,2026-03-26,3
FAC-013,MED-006,2026-03-26,5
FAC-013,MED-007,2026-03-26,1
FAC-013,MED-008,2026-03-26,3
FAC-014,MED-001,2026-03-26,16
FAC-014,MED-002,2026-03-26,18
FAC-014,MED-003,2026-03-26,4
FAC-014,MED-004,2026-03-26,9
FAC-014,MED-005,2026-03-26,9
FAC-014,MED-006,2026-03-26,6
FAC-014,MED-007,2026-03-26,6
FAC-014,MED-008,2026-03-26,8
FAC-015,MED-001,2026-03-26,11
FAC-015,MED-002,2026-03-26,17
FAC-015,MED-003,2026-03-26,6
FAC-015,MED-004,2026-03-26,5
FAC-015,MED-005,2026-03-26,6
FAC-015,MED-006,2026-03-26,2
FAC-015,MED-007,2026-03-26,4
FAC-015,MED-008,2026-03-26,7
FAC-016,MED-001,2026-03-26,145
FAC-016,MED-002,2026-03-26,168
FAC-016,MED-003,2026-03-26,37
FAC-016,MED-004,2026-03-26,126
FAC-016,MED-005,2026-03-26,64
FAC-016,MED-006,2026-03-26,46
FAC-016,MED-007,2026-03-26,79
FAC-016,MED-008,2026-03-26,115
FAC-017,MED-001,2026-03-26,19
FAC-017,MED-002,2026-03-26,15
FAC-017,MED-003,2026-03-26,4
FAC-017,MED-004,2026-03-26,13
FAC-017,MED-005,2026-03-26,6
FAC-017,MED-006,2026-03-26,4
FAC-017,MED-007,2026-03-26,4
FAC-017,MED-008,2026-03-26,16
FAC-018,MED-001,2026-03-26,7
FAC-018,MED-002,2026-03-26,4
FAC-018,MED-003,2026-03-26,1
FAC-018,MED-004,2026-03-26,4
FAC-018,MED-005,2026-03-26,4
FAC-018,MED-006,2026-03-26,7
FAC-018,MED-007,2026-03-26,4
FAC-018,MED-008,2026-03-26,3
FAC-019,MED-001,2026-03-26,10
FAC-019,MED-002,2026-03-26,12
FAC-019,MED-003,2026-03-26,4
FAC-019,MED-004,2026-03-26,8
FAC-019,MED-005,2026-03-26,4
FAC-019,MED-006,2026-03-26,3
FAC-019,MED-007,2026-03-26,10
FAC-019,MED-008,2026-03-26,9
FAC-020,MED-001,2026-03-26,9
FAC-020,MED-002,2026-03-26,9
FAC-020,MED-003,2026-03-26,1
FAC-020,MED-004,2026-03-26,12
FAC-020,MED-005,2026-03-26,6
FAC-020,MED-006,2026-03-26,2
FAC-020,MED-007,2026-03-26,5
FAC-020,MED-008,2026-03-26,10
FAC-001,MED-001,2026-03-27,136
FAC-001,MED-002,2026-03-27,210
FAC-001,MED-003,2026-03-27,32
FAC-001,MED-004,2026-03-27,0
FAC-001,MED-005,2026-03-27,82
FAC-001,MED-006,2026-03-27,12
FAC-001,MED-007,2026-03-27,76
FAC-001,MED-008,2026-03-27,152
FAC-002,MED-001,2026-03-27,22
FAC-002,MED-002,2026-03-27,21
FAC-002,MED-003,2026-03-27,1
FAC-002,MED-004,2026-03-27,11
FAC-002,MED-005,2026-03-27,9
FAC-002,MED-006,2026-03-27,6
FAC-002,MED-007,2026-03-27,8
FAC-002,MED-008,2026-03-27,14
FAC-003,MED-001,2026-03-27,3
FAC-003,MED-002,2026-03-27,13
FAC-003,MED-003,2026-03-27,3
FAC-003,MED-004,2026-03-27,5
FAC-003,MED-005,2026-03-27,4
FAC-003,MED-006,2026-03-27,2
FAC-003,MED-007,2026-03-27,2
FAC-003,MED-008,2026-03-27,6
FAC-004,MED-001,2026-03-27,16
FAC-004,MED-002,2026-03-27,12
FAC-004,MED-003,2026-03-27,5
FAC-004,MED-004,2026-03-27,16
FAC-004,MED-005,2026-03-27,0
FAC-004,MED-006,2026-03-27,6
FAC-004,MED-007,2026-03-27,11
FAC-004,MED-008,2026-03-27,12
FAC-005,MED-001,2026-03-27,86
FAC-005,MED-002,2026-03-27,128
FAC-005,MED-003,2026-03-27,26
FAC-005,MED-004,2026-03-27,80
FAC-005,MED-005,2026-03-27,60
FAC-005,MED-006,2026-03-27,40
FAC-005,MED-007,2026-03-27,70
FAC-005,MED-008,2026-03-27,113
FAC-006,MED-001,2026-03-27,0
FAC-006,MED-002,2026-03-27,166
FAC-006,MED-003,2026-03-27,38
FAC-006,MED-004,2026-03-27,114
FAC-006,MED-005,2026-03-27,56
FAC-006,MED-006,2026-03-27,36
FAC-006,MED-007,2026-03-27,78
FAC-006,MED-008,2026-03-27,131
FAC-007,MED-001,2026-03-27,15
FAC-007,MED-002,2026-03-27,14
FAC-007,MED-003,2026-03-27,3
FAC-007,MED-004,2026-03-27,14
FAC-007,MED-005,2026-03-27,8
FAC-007,MED-006,2026-03-27,3
FAC-007,MED-007,2026-03-27,9
FAC-007,MED-008,2026-03-27,5
FAC-008,MED-001,2026-03-27,1
FAC-008,MED-002,2026-03-27,10
FAC-008,MED-003,2026-03-27,5
FAC-008,MED-004,2026-03-27,5
FAC-008,MED-005,2026-03-27,2
FAC-008,MED-006,2026-03-27,3
FAC-008,MED-007,2026-03-27,8
FAC-008,MED-008,2026-03-27,9
FAC-009,MED-001,2026-03-27,5
FAC-009,MED-002,2026-03-27,15
FAC-009,MED-003,2026-03-27,3
FAC-009,MED-004,2026-03-27,9
FAC-009,MED-005,2026-03-27,0
FAC-009,MED-006,2026-03-27,4
FAC-009,MED-007,2026-03-27,5
FAC-009,MED-008,2026-03-27,15
FAC-010,MED-001,2026-03-27,6
FAC-010,MED-002,2026-03-27,10
FAC-010,MED-003,2026-03-27,1
FAC-010,MED-004,2026-03-27,7
FAC-010,MED-005,2026-03-27,3
FAC-010,MED-006,2026-03-27,1
FAC-010,MED-007,2026-03-27,2
FAC-010,MED-008,2026-03-27,4
FAC-011,MED-001,2026-03-27,128
FAC-011,MED-002,2026-03-27,143
FAC-011,MED-003,2026-03-27,34
FAC-011,MED-004,2026-03-27,94
FAC-011,MED-005,2026-03-27,60
FAC-011,MED-006,2026-03-27,34
FAC-011,MED-007,2026-03-27,85
FAC-011,MED-008,2026-03-27,108
FAC-012,MED-001,2026-03-27,28
FAC-012,MED-002,2026-03-27,18
FAC-012,MED-003,2026-03-27,3
FAC-012,MED-004,2026-03-27,11
FAC-012,MED-005,2026-03-27,8
FAC-012,MED-006,2026-03-27,1
FAC-012,MED-007,2026-03-27,5
FAC-012,MED-008,2026-03-27,12
FAC-013,MED-001,2026-03-27,5
FAC-013,MED-002,2026-03-27,11
FAC-013,MED-003,2026-03-27,4
FAC-013,MED-004,2026-03-27,5
FAC-013,MED-005,2026-03-27,0
FAC-013,MED-006,2026-03-27,6
FAC-013,MED-007,2026-03-27,3
FAC-013,MED-008,2026-03-27,3
FAC-014,MED-001,2026-03-27,13
FAC-014,MED-002,2026-03-27,15
FAC-014,MED-003,2026-03-27,3
FAC-014,MED-004,2026-03-27,8
FAC-014,MED-005,2026-03-27,7
FAC-014,MED-006,2026-03-27,6
FAC-014,MED-007,2026-03-27,8
FAC-014,MED-008,2026-03-27,8
FAC-015,MED-001,2026-03-27,10
FAC-015,MED-002,2026-03-27,8
FAC-015,MED-003,2026-03-27,3
FAC-015,MED-004,2026-03-27,8
FAC-015,MED-005,2026-03-27,4
FAC-015,MED-006,2026-03-27,4
FAC-015,MED-007,2026-03-27,5
FAC-015,MED-008,2026-03-27,11
FAC-016,MED-001,2026-03-27,142
FAC-016,MED-002,2026-03-27,164
FAC-016,MED-003,2026-03-27,46
FAC-016,MED-004,2026-03-27,109
FAC-016,MED-005,2026-03-27,77
FAC-016,MED-006,2026-03-27,44
FAC-016,MED-007,2026-03-27,85
FAC-016,MED-008,2026-03-27,134
FAC-017,MED-001,2026-03-27,10
FAC-017,MED-002,2026-03-27,14
FAC-017,MED-003,2026-03-27,3
FAC-017,MED-004,2026-03-27,11
FAC-017,MED-005,2026-03-27,7
FAC-017,MED-006,2026-03-27,6
FAC-017,MED-007,2026-03-27,11
FAC-017,MED-008,2026-03-27,16
FAC-018,MED-001,2026-03-27,5
FAC-018,MED-002,2026-03-27,6
FAC-018,MED-003,2026-03-27,0
FAC-018,MED-004,2026-03-27,0
FAC-018,MED-005,2026-03-27,2
FAC-018,MED-006,2026-03-27,1
FAC-018,MED-007,2026-03-27,1
FAC-018,MED-008,2026-03-27,4
FAC-019,MED-001,2026-03-27,16
FAC-019,MED-002,2026-03-27,10
FAC-019,MED-003,2026-03-27,5
FAC-019,MED-004,2026-03-27,11
FAC-019,MED-005,2026-03-27,8
FAC-019,MED-006,2026-03-27,4
FAC-019,MED-007,2026-03-27,5
FAC-019,MED-008,2026-03-27,13
FAC-020,MED-001,2026-03-27,16
FAC-020,MED-002,2026-03-27,14
FAC-020,MED-003,2026-03-27,1
FAC-020,MED-004,2026-03-27,8
FAC-020,MED-005,2026-03-27,8
FAC-020,MED-006,2026-03-27,4
FAC-020,MED-007,2026-03-27,4
FAC-020,MED-008,2026-03-27,7
FAC-001,MED-001,2026-03-28,126
FAC-001,MED-002,2026-03-28,168
FAC-001,MED-003,2026-03-28,36
FAC-001,MED-004,2026-03-28,0
FAC-001,MED-005,2026-03-28,69
FAC-001,MED-006,2026-03-28,0
FAC-001,MED-007,2026-03-28,90
FAC-001,MED-008,2026-03-28,114
FAC-002,MED-001,2026-03-28,10
FAC-002,MED-002,2026-03-28,6
FAC-002,MED-003,2026-03-28,0
FAC-002,MED-004,2026-03-28,8
FAC-002,MED-005,2026-03-28,7
FAC-002,MED-006,2026-03-28,6
FAC-002,MED-007,2026-03-28,5
FAC-002,MED-008,2026-03-28,7
FAC-003,MED-001,2026-03-28,7
FAC-003,MED-002,2026-03-28,9
FAC-003,MED-003,2026-03-28,3
FAC-003,MED-004,2026-03-28,2
FAC-003,MED-005,2026-03-28,3
FAC-003,MED-006,2026-03-28,1
FAC-003,MED-007,2026-03-28,2
FAC-003,MED-008,2026-03-28,4
FAC-004,MED-001,2026-03-28,9
FAC-004,MED-002,2026-03-28,11
FAC-004,MED-003,2026-03-28,0
FAC-004,MED-004,2026-03-28,8
FAC-004,MED-005,2026-03-28,7
FAC-004,MED-006,2026-03-28,2
FAC-004,MED-007,2026-03-28,6
FAC-004,MED-008,2026-03-28,17
FAC-005,MED-001,2026-03-28,99
FAC-005,MED-002,2026-03-28,126
FAC-005,MED-003,2026-03-28,30
FAC-005,MED-004,2026-03-28,91
FAC-005,MED-005,2026-03-28,52
FAC-005,MED-006,2026-03-28,44
FAC-005,MED-007,2026-03-28,67
FAC-005,MED-008,2026-03-28,83
FAC-006,MED-001,2026-03-28,127
FAC-006,MED-002,2026-03-28,161
FAC-006,MED-003,2026-03-28,31
FAC-006,MED-004,2026-03-28,102
FAC-006,MED-005,2026-03-28,57
FAC-006,MED-006,2026-03-28,44
FAC-006,MED-007,2026-03-28,69
FAC-006,MED-008,2026-03-28,102
FAC-007,MED-001,2026-03-28,3
FAC-007,MED-002,2026-03-28,16
FAC-007,MED-003,2026-03-28,2
FAC-007,MED-004,2026-03-28,11
FAC-007,MED-005,2026-03-28,2
FAC-007,MED-006,2026-03-28,0
FAC-007,MED-007,2026-03-28,6
FAC-007,MED-008,2026-03-28,5
FAC-008,MED-001,2026-03-28,5
FAC-008,MED-002,2026-03-28,9
FAC-008,MED-003,2026-03-28,3
FAC-008,MED-004,2026-03-28,4
FAC-008,MED-005,2026-03-28,3
FAC-008,MED-006,2026-03-28,5
FAC-008,MED-007,2026-03-28,3
FAC-008,MED-008,2026-03-28,8
FAC-009,MED-001,2026-03-28,6
FAC-009,MED-002,2026-03-28,7
FAC-009,MED-003,2026-03-28,3
FAC-009,MED-004,2026-03-28,7
FAC-009,MED-005,2026-03-28,5
FAC-009,MED-006,2026-03-28,1
FAC-009,MED-007,2026-03-28,3
FAC-009,MED-008,2026-03-28,9
FAC-010,MED-001,2026-03-28,7
FAC-010,MED-002,2026-03-28,11
FAC-010,MED-003,2026-03-28,2
FAC-010,MED-004,2026-03-28,4
FAC-010,MED-005,2026-03-28,4
FAC-010,MED-006,2026-03-28,1
FAC-010,MED-007,2026-03-28,3
FAC-010,MED-008,2026-03-28,4
FAC-011,MED-001,2026-03-28,110
FAC-011,MED-002,2026-03-28,144
FAC-011,MED-003,2026-03-28,34
FAC-011,MED-004,2026-03-28,86
FAC-011,MED-005,2026-03-28,52
FAC-011,MED-006,2026-03-28,38
FAC-011,MED-007,2026-03-28,59
FAC-011,MED-008,2026-03-28,96
FAC-012,MED-001,2026-03-28,15
FAC-012,MED-002,2026-03-28,11
FAC-012,MED-003,2026-03-28,1
FAC-012,MED-004,2026-03-28,10
FAC-012,MED-005,2026-03-28,3
FAC-012,MED-006,2026-03-28,3
FAC-012,MED-007,2026-03-28,5
FAC-012,MED-008,2026-03-28,6
FAC-013,MED-001,2026-03-28,6
FAC-013,MED-002,2026-03-28,1
FAC-013,MED-003,2026-03-28,1
FAC-013,MED-004,2026-03-28,5
FAC-013,MED-005,2026-03-28,2
FAC-013,MED-006,2026-03-28,1
FAC-013,MED-007,2026-03-28,4
FAC-013,MED-008,2026-03-28,3
FAC-014,MED-001,2026-03-28,18
FAC-014,MED-002,2026-03-28,13
FAC-014,MED-003,2026-03-28,2
FAC-014,MED-004,2026-03-28,3
FAC-014,MED-005,2026-03-28,3
FAC-014,MED-006,2026-03-28,2
FAC-014,MED-007,2026-03-28,1
FAC-014,MED-008,2026-03-28,7
FAC-015,MED-001,2026-03-28,14
FAC-015,MED-002,2026-03-28,4
FAC-015,MED-003,2026-03-28,4
FAC-015,MED-004,2026-03-28,2
FAC-015,MED-005,2026-03-28,1
FAC-015,MED-006,2026-03-28,2
FAC-015,MED-007,2026-03-28,5
FAC-015,MED-008,2026-03-28,2
FAC-016,MED-001,2026-03-28,135
FAC-016,MED-002,2026-03-28,168
FAC-016,MED-003,2026-03-28,35
FAC-016,MED-004,2026-03-28,157
FAC-016,MED-005,2026-03-28,62
FAC-016,MED-006,2026-03-28,30
FAC-016,MED-007,2026-03-28,111
FAC-016,MED-008,2026-03-28,134
FAC-017,MED-001,2026-03-28,11
FAC-017,MED-002,2026-03-28,15
FAC-017,MED-003,2026-03-28,3
FAC-017,MED-004,2026-03-28,14
FAC-017,MED-005,2026-03-28,4
FAC-017,MED-006,2026-03-28,5
FAC-017,MED-007,2026-03-28,7
FAC-017,MED-008,2026-03-28,11
FAC-018,MED-001,2026-03-28,4
FAC-018,MED-002,2026-03-28,6
FAC-018,MED-003,2026-03-28,4
FAC-018,MED-004,2026-03-28,3
FAC-018,MED-005,2026-03-28,5
FAC-018,MED-006,2026-03-28,4
FAC-018,MED-007,2026-03-28,0
FAC-018,MED-008,2026-03-28,4
FAC-019,MED-001,2026-03-28,9
FAC-019,MED-002,2026-03-28,2
FAC-019,MED-003,2026-03-28,1
FAC-019,MED-004,2026-03-28,4
FAC-019,MED-005,2026-03-28,2
FAC-019,MED-006,2026-03-28,3
FAC-019,MED-007,2026-03-28,4
FAC-019,MED-008,2026-03-28,16
FAC-020,MED-001,2026-03-28,5
FAC-020,MED-002,2026-03-28,5
FAC-020,MED-003,2026-03-28,3
FAC-020,MED-004,2026-03-28,6
FAC-020,MED-005,2026-03-28,3
FAC-020,MED-006,2026-03-28,2
FAC-020,MED-007,2026-03-28,5
FAC-020,MED-008,2026-03-28,5
FAC-001,MED-001,2026-03-29,178
FAC-001,MED-002,2026-03-29,21
FAC-001,MED-003,2026-03-29,33
FAC-001,MED-004,2026-03-29,139
FAC-001,MED-005,2026-03-29,61
FAC-001,MED-006,2026-03-29,0
FAC-001,MED-007,2026-03-29,94
FAC-001,MED-008,2026-03-29,126
FAC-002,MED-001,2026-03-29,11
FAC-002,MED-002,2026-03-29,12
FAC-002,MED-003,2026-03-29,6
FAC-002,MED-004,2026-03-29,9
FAC-002,MED-005,2026-03-29,3
FAC-002,MED-006,2026-03-29,2
FAC-002,MED-007,2026-03-29,2
FAC-002,MED-008,2026-03-29,7
FAC-003,MED-001,2026-03-29,6
FAC-003,MED-002,2026-03-29,6
FAC-003,MED-003,2026-03-29,4
FAC-003,MED-004,2026-03-29,2
FAC-003,MED-005,2026-03-29,1
FAC-003,MED-006,2026-03-29,2
FAC-003,MED-007,2026-03-29,4
FAC-003,MED-008,2026-03-29,4
FAC-004,MED-001,2026-03-29,10
FAC-004,MED-002,2026-03-29,16
FAC-004,MED-003,2026-03-29,4
FAC-004,MED-004,2026-03-29,8
FAC-004,MED-005,2026-03-29,8
FAC-004,MED-006,2026-03-29,5
FAC-004,MED-007,2026-03-29,6
FAC-004,MED-008,2026-03-29,8
FAC-005,MED-001,2026-03-29,129
FAC-005,MED-002,2026-03-29,158
FAC-005,MED-003,2026-03-29,23
FAC-005,MED-004,2026-03-29,141
FAC-005,MED-005,2026-03-29,45
FAC-005,MED-006,2026-03-29,42
FAC-005,MED-007,2026-03-29,61
FAC-005,MED-008,2026-03-29,79
FAC-006,MED-001,2026-03-29,99
FAC-006,MED-002,2026-03-29,143
FAC-006,MED-003,2026-03-29,32
FAC-006,MED-004,2026-03-29,84
FAC-006,MED-005,2026-03-29,65
FAC-006,MED-006,2026-03-29,38
FAC-006,MED-007,2026-03-29,75
FAC-006,MED-008,2026-03-29,104
FAC-007,MED-001,2026-03-29,8
FAC-007,MED-002,2026-03-29,11
FAC-007,MED-003,2026-03-29,0
FAC-007,MED-004,2026-03-29,6
FAC-007,MED-005,2026-03-29,2
FAC-007,MED-006,2026-03-29,4
FAC-007,MED-007,2026-03-29,6
FAC-007,MED-008,2026-03-29,2
FAC-008,MED-001,2026-03-29,1
FAC-008,MED-002,2026-03-29,12
FAC-008,MED-003,2026-03-29,3
FAC-008,MED-004,2026-03-29,7
FAC-008,MED-005,2026-03-29,1
FAC-008,MED-006,2026-03-29,3
FAC-008,MED-007,2026-03-29,2
FAC-008,MED-008,2026-03-29,3
FAC-009,MED-001,2026-03-29,15
FAC-009,MED-002,2026-03-29,5
FAC-009,MED-003,2026-03-29,1
FAC-009,MED-004,2026-03-29,6
FAC-009,MED-005,2026-03-29,0
FAC-009,MED-006,2026-03-29,1
FAC-009,MED-007,2026-03-29,3
FAC-009,MED-008,2026-03-29,4
FAC-010,MED-001,2026-03-29,5
FAC-010,MED-002,2026-03-29,8
FAC-010,MED-003,2026-03-29,2
FAC-010,MED-004,2026-03-29,3
FAC-010,MED-005,2026-03-29,4
FAC-010,MED-006,2026-03-29,0
FAC-010,MED-007,2026-03-29,6
FAC-010,MED-008,2026-03-29,4
FAC-011,MED-001,2026-03-29,111
FAC-011,MED-002,2026-03-29,140
FAC-011,MED-003,2026-03-29,25
FAC-011,MED-004,2026-03-29,89
FAC-011,MED-005,2026-03-29,55
FAC-011,MED-006,2026-03-29,34
FAC-011,MED-007,2026-03-29,57
FAC-011,MED-008,2026-03-29,105
FAC-012,MED-001,2026-03-29,22
FAC-012,MED-002,2026-03-29,14
FAC-012,MED-003,2026-03-29,1
FAC-012,MED-004,2026-03-29,5
FAC-012,MED-005,2026-03-29,9
FAC-012,MED-006,2026-03-29,3
FAC-012,MED-007,2026-03-29,5
FAC-012,MED-008,2026-03-29,4
FAC-013,MED-001,2026-03-29,3
FAC-013,MED-002,2026-03-29,6
FAC-013,MED-003,2026-03-29,3
FAC-013,MED-004,2026-03-29,2
FAC-013,MED-005,2026-03-29,3
FAC-013,MED-006,2026-03-29,5
FAC-013,MED-007,2026-03-29,2
FAC-013,MED-008,2026-03-29,4
FAC-014,MED-001,2026-03-29,8
FAC-014,MED-002,2026-03-29,7
FAC-014,MED-003,2026-03-29,1
FAC-014,MED-004,2026-03-29,7
FAC-014,MED-005,2026-03-29,2
FAC-014,MED-006,2026-03-29,7
FAC-014,MED-007,2026-03-29,4
FAC-014,MED-008,2026-03-29,5
FAC-015,MED-001,2026-03-29,7
FAC-015,MED-002,2026-03-29,6
FAC-015,MED-003,2026-03-29,1
FAC-015,MED-004,2026-03-29,8
FAC-015,MED-005,2026-03-29,5
FAC-015,MED-006,2026-03-29,1
FAC-015,MED-007,2026-03-29,5
FAC-015,MED-008,2026-03-29,5
FAC-016,MED-001,2026-03-29,144
FAC-016,MED-002,2026-03-29,155
FAC-016,MED-003,2026-03-29,34
FAC-016,MED-004,2026-03-29,117
FAC-016,MED-005,2026-03-29,75
FAC-016,MED-006,2026-03-29,43
FAC-016,MED-007,2026-03-29,79
FAC-016,MED-008,2026-03-29,107
FAC-017,MED-001,2026-03-29,15
FAC-017,MED-002,2026-03-29,6
FAC-017,MED-003,2026-03-29,1
FAC-017,MED-004,2026-03-29,8
FAC-017,MED-005,2026-03-29,2
FAC-017,MED-006,2026-03-29,4
FAC-017,MED-007,2026-03-29,4
FAC-017,MED-008,2026-03-29,7
FAC-018,MED-001,2026-03-29,5
FAC-018,MED-002,2026-03-29,6
FAC-018,MED-003,2026-03-29,3
FAC-018,MED-004,2026-03-29,6
FAC-018,MED-005,2026-03-29,1
FAC-018,MED-006,2026-03-29,2
FAC-018,MED-007,2026-03-29,2
FAC-018,MED-008,2026-03-29,7
FAC-019,MED-001,2026-03-29,5
FAC-019,MED-002,2026-03-29,8
FAC-019,MED-003,2026-03-29,1
FAC-019,MED-004,2026-03-29,3
FAC-019,MED-005,2026-03-29,7
FAC-019,MED-006,2026-03-29,2
FAC-019,MED-007,2026-03-29,1
FAC-019,MED-008,2026-03-29,12
FAC-020,MED-001,2026-03-29,8
FAC-020,MED-002,2026-03-29,8
FAC-020,MED-003,2026-03-29,0
FAC-020,MED-004,2026-03-29,8
FAC-020,MED-005,2026-03-29,5
FAC-020,MED-006,2026-03-29,2
FAC-020,MED-007,2026-03-29,1
FAC-020,MED-008,2026-03-29,5
FAC-001,MED-001,2026-03-30,121
FAC-001,MED-002,2026-03-30,195
FAC-001,MED-003,2026-03-30,34
FAC-001,MED-004,2026-03-30,127
FAC-001,MED-005,2026-03-30,67
FAC-001,MED-006,2026-03-30,0
FAC-001,MED-007,2026-03-30,98
FAC-001,MED-008,2026-03-30,127
FAC-002,MED-001,2026-03-30,11
FAC-002,MED-002,2026-03-30,26
FAC-002,MED-003,2026-03-30,7
FAC-002,MED-004,2026-03-30,12
FAC-002,MED-005,2026-03-30,0
FAC-002,MED-006,2026-03-30,5
FAC-002,MED-007,2026-03-30,11
FAC-002,MED-008,2026-03-30,0
FAC-003,MED-001,2026-03-30,4
FAC-003,MED-002,2026-03-30,9
FAC-003,MED-003,2026-03-30,3
FAC-003,MED-004,2026-03-30,4
FAC-003,MED-005,2026-03-30,3
FAC-003,MED-006,2026-03-30,0
FAC-003,MED-007,2026-03-30,4
FAC-003,MED-008,2026-03-30,7
FAC-004,MED-001,2026-03-30,20
FAC-004,MED-002,2026-03-30,3
FAC-004,MED-003,2026-03-30,5
FAC-004,MED-004,2026-03-30,16
FAC-004,MED-005,2026-03-30,10
FAC-004,MED-006,2026-03-30,2
FAC-004,MED-007,2026-03-30,10
FAC-004,MED-008,2026-03-30,0
FAC-005,MED-001,2026-03-30,100
FAC-005,MED-002,2026-03-30,138
FAC-005,MED-003,2026-03-30,30
FAC-005,MED-004,2026-03-30,75
FAC-005,MED-005,2026-03-30,51
FAC-005,MED-006,2026-03-30,38
FAC-005,MED-007,2026-03-30,68
FAC-005,MED-008,2026-03-30,104
FAC-006,MED-001,2026-03-30,120
FAC-006,MED-002,2026-03-30,170
FAC-006,MED-003,2026-03-30,34
FAC-006,MED-004,2026-03-30,110
FAC-006,MED-005,2026-03-30,62
FAC-006,MED-006,2026-03-30,43
FAC-006,MED-007,2026-03-30,67
FAC-006,MED-008,2026-03-30,54
FAC-007,MED-001,2026-03-30,10
FAC-007,MED-002,2026-03-30,0
FAC-007,MED-003,2026-03-30,3
FAC-007,MED-004,2026-03-30,8
FAC-007,MED-005,2026-03-30,10
FAC-007,MED-006,2026-03-30,5
FAC-007,MED-007,2026-03-30,6
FAC-007,MED-008,2026-03-30,8
FAC-008,MED-001,2026-03-30,9
FAC-008,MED-002,2026-03-30,8
FAC-008,MED-003,2026-03-30,4
FAC-008,MED-004,2026-03-30,6
FAC-008,MED-005,2026-03-30,3
FAC-008,MED-006,2026-03-30,3
FAC-008,MED-007,2026-03-30,2
FAC-008,MED-008,2026-03-30,7
FAC-009,MED-001,2026-03-30,11
FAC-009,MED-002,2026-03-30,15
FAC-009,MED-003,2026-03-30,0
FAC-009,MED-004,2026-03-30,6
FAC-009,MED-005,2026-03-30,6
FAC-009,MED-006,2026-03-30,1
FAC-009,MED-007,2026-03-30,8
FAC-009,MED-008,2026-03-30,7
FAC-010,MED-001,2026-03-30,7
FAC-010,MED-002,2026-03-30,9
FAC-010,MED-003,2026-03-30,2
FAC-010,MED-004,2026-03-30,8
FAC-010,MED-005,2026-03-30,6
FAC-010,MED-006,2026-03-30,3
FAC-010,MED-007,2026-03-30,5
FAC-010,MED-008,2026-03-30,9
FAC-011,MED-001,2026-03-30,109
FAC-011,MED-002,2026-03-30,145
FAC-011,MED-003,2026-03-30,23
FAC-011,MED-004,2026-03-30,102
FAC-011,MED-005,2026-03-30,65
FAC-011,MED-006,2026-03-30,43
FAC-011,MED-007,2026-03-30,64
FAC-011,MED-008,2026-03-30,129
FAC-012,MED-001,2026-03-30,32
FAC-012,MED-002,2026-03-30,18
FAC-012,MED-003,2026-03-30,4
FAC-012,MED-004,2026-03-30,10
FAC-012,MED-005,2026-03-30,3
FAC-012,MED-006,2026-03-30,5
FAC-012,MED-007,2026-03-30,7
FAC-012,MED-008,2026-03-30,14
FAC-013,MED-001,2026-03-30,4
FAC-013,MED-002,2026-03-30,5
FAC-013,MED-003,2026-03-30,3
FAC-013,MED-004,2026-03-30,5
FAC-013,MED-005,2026-03-30,2
FAC-013,MED-006,2026-03-30,3
FAC-013,MED-007,2026-03-30,3
FAC-013,MED-008,2026-03-30,3
FAC-014,MED-001,2026-03-30,19
FAC-014,MED-002,2026-03-30,14
FAC-014,MED-003,2026-03-30,1
FAC-014,MED-004,2026-03-30,5
FAC-014,MED-005,2026-03-30,7
FAC-014,MED-006,2026-03-30,1
FAC-014,MED-007,2026-03-30,4
FAC-014,MED-008,2026-03-30,9
FAC-015,MED-001,2026-03-30,7
FAC-015,MED-002,2026-03-30,10
FAC-015,MED-003,2026-03-30,2
FAC-015,MED-004,2026-03-30,7
FAC-015,MED-005,2026-03-30,1
FAC-015,MED-006,2026-03-30,2
FAC-015,MED-007,2026-03-30,2
FAC-015,MED-008,2026-03-30,6
FAC-016,MED-001,2026-03-30,151
FAC-016,MED-002,2026-03-30,175
FAC-016,MED-003,2026-03-30,34
FAC-016,MED-004,2026-03-30,103
FAC-016,MED-005,2026-03-30,72
FAC-016,MED-006,2026-03-30,35
FAC-016,MED-007,2026-03-30,98
FAC-016,MED-008,2026-03-30,127
FAC-017,MED-001,2026-03-30,8
FAC-017,MED-002,2026-03-30,21
FAC-017,MED-003,2026-03-30,3
FAC-017,MED-004,2026-03-30,8
FAC-017,MED-005,2026-03-30,4
FAC-017,MED-006,2026-03-30,3
FAC-017,MED-007,2026-03-30,9
FAC-017,MED-008,2026-03-30,19
FAC-018,MED-001,2026-03-30,8
FAC-018,MED-002,2026-03-30,5
FAC-018,MED-003,2026-03-30,3
FAC-018,MED-004,2026-03-30,5
FAC-018,MED-005,2026-03-30,7
FAC-018,MED-006,2026-03-30,2
FAC-018,MED-007,2026-03-30,0
FAC-018,MED-008,2026-03-30,6
FAC-019,MED-001,2026-03-30,9
FAC-019,MED-002,2026-03-30,17
FAC-019,MED-003,2026-03-30,3
FAC-019,MED-004,2026-03-30,12
FAC-019,MED-005,2026-03-30,9
FAC-019,MED-006,2026-03-30,5
FAC-019,MED-007,2026-03-30,8
FAC-019,MED-008,2026-03-30,11
FAC-020,MED-001,2026-03-30,13
FAC-020,MED-002,2026-03-30,15
FAC-020,MED-003,2026-03-30,4
FAC-020,MED-004,2026-03-30,6
FAC-020,MED-005,2026-03-30,6
FAC-020,MED-006,2026-03-30,6
FAC-020,MED-007,2026-03-30,7
FAC-020,MED-008,2026-03-30,12
FAC-001,MED-001,2026-03-31,146
FAC-001,MED-002,2026-03-31,187
FAC-001,MED-003,2026-03-31,0
FAC-001,MED-004,2026-03-31,123
FAC-001,MED-005,2026-03-31,83
FAC-001,MED-006,2026-03-31,0
FAC-001,MED-007,2026-03-31,62
FAC-001,MED-008,2026-03-31,136
FAC-002,MED-001,2026-03-31,10
FAC-002,MED-002,2026-03-31,7
FAC-002,MED-003,2026-03-31,6
FAC-002,MED-004,2026-03-31,13
FAC-002,MED-005,2026-03-31,0
FAC-002,MED-006,2026-03-31,6
FAC-002,MED-007,2026-03-31,3
FAC-002,MED-008,2026-03-31,0
FAC-003,MED-001,2026-03-31,4
FAC-003,MED-002,2026-03-31,6
FAC-003,MED-003,2026-03-31,1
FAC-003,MED-004,2026-03-31,2
FAC-003,MED-005,2026-03-31,1
FAC-003,MED-006,2026-03-31,5
FAC-003,MED-007,2026-03-31,2
FAC-003,MED-008,2026-03-31,2
FAC-004,MED-001,2026-03-31,22
FAC-004,MED-002,2026-03-31,0
FAC-004,MED-003,2026-03-31,1
FAC-004,MED-004,2026-03-31,12
FAC-004,MED-005,2026-03-31,5
FAC-004,MED-006,2026-03-31,1
FAC-004,MED-007,2026-03-31,6
FAC-004,MED-008,2026-03-31,14
FAC-005,MED-001,2026-03-31,113
FAC-005,MED-002,2026-03-31,150
FAC-005,MED-003,2026-03-31,40
FAC-005,MED-004,2026-03-31,67
FAC-005,MED-005,2026-03-31,62
FAC-005,MED-006,2026-03-31,39
FAC-005,MED-007,2026-03-31,46
FAC-005,MED-008,2026-03-31,105
FAC-006,MED-001,2026-03-31,119
FAC-006,MED-002,2026-03-31,164
FAC-006,MED-003,2026-03-31,27
FAC-006,MED-004,2026-03-31,111
FAC-006,MED-005,2026-03-31,74
FAC-006,MED-006,2026-03-31,38
FAC-006,MED-007,2026-03-31,69
FAC-006,MED-008,2026-03-31,0
FAC-007,MED-001,2026-03-31,7
FAC-007,MED-002,2026-03-31,0
FAC-007,MED-003,2026-03-31,4
FAC-007,MED-004,2026-03-31,8
FAC-007,MED-005,2026-03-31,5
FAC-007,MED-006,2026-03-31,6
FAC-007,MED-007,2026-03-31,8
FAC-007,MED-008,2026-03-31,9
FAC-008,MED-001,2026-03-31,7
FAC-008,MED-002,2026-03-31,6
FAC-008,MED-003,2026-03-31,5
FAC-008,MED-004,2026-03-31,7
FAC-008,MED-005,2026-03-31,3
FAC-008,MED-006,2026-03-31,1
FAC-008,MED-007,2026-03-31,2
FAC-008,MED-008,2026-03-31,9
FAC-009,MED-001,2026-03-31,12
FAC-009,MED-002,2026-03-31,9
FAC-009,MED-003,2026-03-31,3
FAC-009,MED-004,2026-03-31,11
FAC-009,MED-005,2026-03-31,8
FAC-009,MED-006,2026-03-31,4
FAC-009,MED-007,2026-03-31,6
FAC-009,MED-008,2026-03-31,0
FAC-010,MED-001,2026-03-31,8
FAC-010,MED-002,2026-03-31,25
FAC-010,MED-003,2026-03-31,3
FAC-010,MED-004,2026-03-31,7
FAC-010,MED-005,2026-03-31,2
FAC-010,MED-006,2026-03-31,3
FAC-010,MED-007,2026-03-31,8
FAC-010,MED-008,2026-03-31,5
FAC-011,MED-001,2026-03-31,111
FAC-011,MED-002,2026-03-31,136
FAC-011,MED-003,2026-03-31,30
FAC-011,MED-004,2026-03-31,90
FAC-011,MED-005,2026-03-31,62
FAC-011,MED-006,2026-03-31,45
FAC-011,MED-007,2026-03-31,75
FAC-011,MED-008,2026-03-31,111
FAC-012,MED-001,2026-03-31,28
FAC-012,MED-002,2026-03-31,18
FAC-012,MED-003,2026-03-31,5
FAC-012,MED-004,2026-03-31,11
FAC-012,MED-005,2026-03-31,16
FAC-012,MED-006,2026-03-31,2
FAC-012,MED-007,2026-03-31,13
FAC-012,MED-008,2026-03-31,13
FAC-013,MED-001,2026-03-31,1
FAC-013,MED-002,2026-03-31,14
FAC-013,MED-003,2026-03-31,3
FAC-013,MED-004,2026-03-31,1
FAC-013,MED-005,2026-03-31,7
FAC-013,MED-006,2026-03-31,3
FAC-013,MED-007,2026-03-31,3
FAC-013,MED-008,2026-03-31,3
FAC-014,MED-001,2026-03-31,12
FAC-014,MED-002,2026-03-31,20
FAC-014,MED-003,2026-03-31,4
FAC-014,MED-004,2026-03-31,18
FAC-014,MED-005,2026-03-31,10
FAC-014,MED-006,2026-03-31,7
FAC-014,MED-007,2026-03-31,8
FAC-014,MED-008,2026-03-31,11
FAC-015,MED-001,2026-03-31,7
FAC-015,MED-002,2026-03-31,15
FAC-015,MED-003,2026-03-31,2
FAC-015,MED-004,2026-03-31,3
FAC-015,MED-005,2026-03-31,4
FAC-015,MED-006,2026-03-31,4
FAC-015,MED-007,2026-03-31,6
FAC-015,MED-008,2026-03-31,12
FAC-016,MED-001,2026-03-31,132
FAC-016,MED-002,2026-03-31,174
FAC-016,MED-003,2026-03-31,40
FAC-016,MED-004,2026-03-31,113
FAC-016,MED-005,2026-03-31,74
FAC-016,MED-006,2026-03-31,50
FAC-016,MED-007,2026-03-31,98
FAC-016,MED-008,2026-03-31,110
FAC-017,MED-001,2026-03-31,11
FAC-017,MED-002,2026-03-31,20
FAC-017,MED-003,2026-03-31,5
FAC-017,MED-004,2026-03-31,12
FAC-017,MED-005,2026-03-31,5
FAC-017,MED-006,2026-03-31,8
FAC-017,MED-007,2026-03-31,5
FAC-017,MED-008,2026-03-31,15
FAC-018,MED-001,2026-03-31,6
FAC-018,MED-002,2026-03-31,4
FAC-018,MED-003,2026-03-31,4
FAC-018,MED-004,2026-03-31,6
FAC-018,MED-005,2026-03-31,5
FAC-018,MED-006,2026-03-31,1
FAC-018,MED-007,2026-03-31,7
FAC-018,MED-008,2026-03-31,4
FAC-019,MED-001,2026-03-31,15
FAC-019,MED-002,2026-03-31,19
FAC-019,MED-003,2026-03-31,0
FAC-019,MED-004,2026-03-31,12
FAC-019,MED-005,2026-03-31,3
FAC-019,MED-006,2026-03-31,3
FAC-019,MED-007,2026-03-31,6
FAC-019,MED-008,2026-03-31,8
FAC-020,MED-001,2026-03-31,8
FAC-020,MED-002,2026-03-31,13
FAC-020,MED-003,2026-03-31,3
FAC-020,MED-004,2026-03-31,13
FAC-020,MED-005,2026-03-31,7
FAC-020,MED-006,2026-03-31,6
FAC-020,MED-007,2026-03-31,5
FAC-020,MED-008,2026-03-31,13
